-- MySQL Administrator dump 1.4
--
-- ------------------------------------------------------
-- Server version	5.5.5-10.4.32-MariaDB


/*!40101 SET @OLD_CHARACTER_SET_CLIENT=@@CHARACTER_SET_CLIENT */;
/*!40101 SET @OLD_CHARACTER_SET_RESULTS=@@CHARACTER_SET_RESULTS */;
/*!40101 SET @OLD_COLLATION_CONNECTION=@@COLLATION_CONNECTION */;
/*!40101 SET NAMES utf8 */;

/*!40014 SET @OLD_UNIQUE_CHECKS=@@UNIQUE_CHECKS, UNIQUE_CHECKS=0 */;
/*!40014 SET @OLD_FOREIGN_KEY_CHECKS=@@FOREIGN_KEY_CHECKS, FOREIGN_KEY_CHECKS=0 */;
/*!40101 SET @OLD_SQL_MODE=@@SQL_MODE, SQL_MODE='NO_AUTO_VALUE_ON_ZERO' */;


--
-- Create schema appsocialtiktok
--

CREATE DATABASE IF NOT EXISTS appsocialtiktok;
USE appsocialtiktok;

--
-- Definition of table `ad_assignments`
--

DROP TABLE IF EXISTS `ad_assignments`;
CREATE TABLE `ad_assignments` (
  `id` bigint(20) unsigned NOT NULL AUTO_INCREMENT,
  `ad_id` bigint(20) unsigned NOT NULL,
  `user_id` bigint(20) unsigned DEFAULT NULL,
  `created_at` timestamp NULL DEFAULT NULL,
  `updated_at` timestamp NULL DEFAULT NULL,
  PRIMARY KEY (`id`)
) ENGINE=InnoDB DEFAULT CHARSET=utf8mb4 COLLATE=utf8mb4_unicode_ci;

--
-- Dumping data for table `ad_assignments`
--

/*!40000 ALTER TABLE `ad_assignments` DISABLE KEYS */;
/*!40000 ALTER TABLE `ad_assignments` ENABLE KEYS */;


--
-- Definition of table `ads`
--

DROP TABLE IF EXISTS `ads`;
CREATE TABLE `ads` (
  `id` bigint(20) unsigned NOT NULL AUTO_INCREMENT,
  `title` varchar(255) NOT NULL,
  `image` varchar(255) DEFAULT NULL,
  `link` varchar(255) DEFAULT NULL,
  `type` enum('global','creator') NOT NULL,
  `active` tinyint(1) NOT NULL DEFAULT 1,
  `created_at` timestamp NULL DEFAULT NULL,
  `updated_at` timestamp NULL DEFAULT NULL,
  PRIMARY KEY (`id`)
) ENGINE=InnoDB DEFAULT CHARSET=utf8mb4 COLLATE=utf8mb4_unicode_ci;

--
-- Dumping data for table `ads`
--

/*!40000 ALTER TABLE `ads` DISABLE KEYS */;
/*!40000 ALTER TABLE `ads` ENABLE KEYS */;


--
-- Definition of table `cache`
--

DROP TABLE IF EXISTS `cache`;
CREATE TABLE `cache` (
  `key` varchar(255) NOT NULL,
  `value` mediumtext NOT NULL,
  `expiration` int(11) NOT NULL,
  PRIMARY KEY (`key`),
  KEY `cache_expiration_index` (`expiration`)
) ENGINE=InnoDB DEFAULT CHARSET=utf8mb4 COLLATE=utf8mb4_unicode_ci;

--
-- Dumping data for table `cache`
--

/*!40000 ALTER TABLE `cache` DISABLE KEYS */;
INSERT INTO `cache` (`key`,`value`,`expiration`) VALUES 
 ('digitalizacion-cache-356a192b7913b04c54574d18c28d46e6395428ab','i:1;',1777470909),
 ('digitalizacion-cache-356a192b7913b04c54574d18c28d46e6395428ab:timer','i:1777470909;',1777470909),
 ('digitalizacion-cache-5c785c036466adea360111aa28563bfd556b5fba','i:10;',1776071160),
 ('digitalizacion-cache-5c785c036466adea360111aa28563bfd556b5fba:timer','i:1776071160;',1776071160),
 ('digitalizacion-cache-6e6fa21a5d469c1392b440fbd7322681','i:1;',1777626809),
 ('digitalizacion-cache-6e6fa21a5d469c1392b440fbd7322681:timer','i:1777626809;',1777626809);
/*!40000 ALTER TABLE `cache` ENABLE KEYS */;


--
-- Definition of table `cache_locks`
--

DROP TABLE IF EXISTS `cache_locks`;
CREATE TABLE `cache_locks` (
  `key` varchar(255) NOT NULL,
  `owner` varchar(255) NOT NULL,
  `expiration` int(11) NOT NULL,
  PRIMARY KEY (`key`),
  KEY `cache_locks_expiration_index` (`expiration`)
) ENGINE=InnoDB DEFAULT CHARSET=utf8mb4 COLLATE=utf8mb4_unicode_ci;

--
-- Dumping data for table `cache_locks`
--

/*!40000 ALTER TABLE `cache_locks` DISABLE KEYS */;
/*!40000 ALTER TABLE `cache_locks` ENABLE KEYS */;


--
-- Definition of table `categories`
--

DROP TABLE IF EXISTS `categories`;
CREATE TABLE `categories` (
  `id` bigint(20) unsigned NOT NULL AUTO_INCREMENT,
  `nombre` varchar(255) NOT NULL,
  `icon` varchar(50) DEFAULT NULL,
  `bg` varchar(7) DEFAULT '#1E85FF',
  `color` varchar(7) DEFAULT '#ffffff',
  `created_at` timestamp NULL DEFAULT NULL,
  `updated_at` timestamp NULL DEFAULT NULL,
  PRIMARY KEY (`id`)
) ENGINE=InnoDB DEFAULT CHARSET=utf8mb4 COLLATE=utf8mb4_unicode_ci;

--
-- Dumping data for table `categories`
--

/*!40000 ALTER TABLE `categories` DISABLE KEYS */;
/*!40000 ALTER TABLE `categories` ENABLE KEYS */;


--
-- Definition of table `comments`
--

DROP TABLE IF EXISTS `comments`;
CREATE TABLE `comments` (
  `id` bigint(20) unsigned NOT NULL AUTO_INCREMENT,
  `user_id` bigint(20) unsigned NOT NULL,
  `creator_id` bigint(20) unsigned NOT NULL,
  `content` text NOT NULL,
  `created_at` timestamp NULL DEFAULT NULL,
  `updated_at` timestamp NULL DEFAULT NULL,
  PRIMARY KEY (`id`)
) ENGINE=InnoDB AUTO_INCREMENT=71 DEFAULT CHARSET=utf8mb4 COLLATE=utf8mb4_unicode_ci;

--
-- Dumping data for table `comments`
--

/*!40000 ALTER TABLE `comments` DISABLE KEYS */;
INSERT INTO `comments` (`id`,`user_id`,`creator_id`,`content`,`created_at`,`updated_at`) VALUES 
 (1,20,28,'¿Habrá parte 2?','2026-02-20 15:08:52','2026-03-21 15:08:52'),
 (2,22,6,'¡Muy bueno!','2026-02-23 15:08:52','2026-03-21 15:08:52'),
 (3,4,25,'Gracias por el contenido','2026-03-21 15:08:52','2026-03-21 15:08:52'),
 (4,15,11,'Increíble directo Tenetur consequatur molestiae quia qui dolore voluptatibus ut.','2026-03-15 15:08:52','2026-03-21 15:08:52'),
 (5,4,10,'Gracias por el contenido','2026-02-22 15:08:52','2026-03-21 15:08:52'),
 (6,31,5,'Increíble directo','2026-02-22 15:08:52','2026-03-21 15:08:52'),
 (7,22,12,'¡Muy bueno!','2026-03-14 15:08:52','2026-03-21 15:08:52'),
 (8,31,11,'Gracias por el contenido Dignissimos et est quod quia et.','2026-03-17 15:08:52','2026-03-21 15:08:52'),
 (9,26,23,'Increíble directo','2026-02-22 15:08:52','2026-03-21 15:08:52'),
 (10,29,16,'¡Muy bueno!','2026-02-21 15:08:52','2026-03-21 15:08:52'),
 (11,32,9,'Gracias por el contenido','2026-02-21 15:08:52','2026-03-21 15:08:52'),
 (12,15,13,'¿Habrá parte 2? Eos est architecto dolor sint repellat sunt non.','2026-02-27 15:08:52','2026-03-21 15:08:52'),
 (13,8,7,'¡Muy bueno!','2026-03-13 15:08:52','2026-03-21 15:08:52'),
 (14,23,10,'Cuándo el próximo?','2026-03-04 15:08:52','2026-03-21 15:08:52'),
 (15,27,13,'Increíble directo','2026-03-01 15:08:52','2026-03-21 15:08:52'),
 (16,24,9,'Cuándo el próximo? Nam cumque sapiente neque magni doloribus magni voluptatem.','2026-03-02 15:08:52','2026-03-21 15:08:52'),
 (17,15,17,'¿Habrá parte 2?','2026-03-07 15:08:52','2026-03-21 15:08:52'),
 (18,14,2,'Cuándo el próximo?','2026-03-03 15:08:52','2026-03-21 15:08:52'),
 (19,22,13,'Gracias por el contenido Non sunt animi aut.','2026-02-24 15:08:52','2026-03-21 15:08:52'),
 (20,27,29,'Gracias por el contenido Id quidem et nulla eligendi consequatur.','2026-02-25 15:08:52','2026-03-21 15:08:52'),
 (21,16,5,'Gracias por el contenido','2026-03-03 15:08:52','2026-03-21 15:08:52'),
 (22,21,18,'Cuándo el próximo?','2026-03-13 15:08:52','2026-03-21 15:08:52'),
 (23,31,20,'Cuándo el próximo?','2026-03-21 15:08:52','2026-03-21 15:08:52'),
 (24,2,16,'¿Habrá parte 2?','2026-02-23 15:08:52','2026-03-21 15:08:52'),
 (25,3,12,'Cuándo el próximo? Nostrum soluta nobis veritatis neque iste debitis.','2026-03-13 15:08:52','2026-03-21 15:08:52'),
 (26,24,13,'¿Habrá parte 2?','2026-02-27 15:08:52','2026-03-21 15:08:52'),
 (27,7,27,'¿Habrá parte 2? Quos porro non enim saepe.','2026-03-13 15:08:52','2026-03-21 15:08:52'),
 (28,23,2,'¡Muy bueno! Et blanditiis sit quibusdam est itaque cupiditate possimus.','2026-02-20 15:08:52','2026-03-21 15:08:52'),
 (29,20,24,'¡Muy bueno!','2026-03-19 15:08:52','2026-03-21 15:08:52'),
 (30,21,31,'¡Muy bueno! Eum non cupiditate ullam quasi nihil est.','2026-02-28 15:08:52','2026-03-21 15:08:52'),
 (31,30,12,'¡Muy bueno!','2026-03-02 15:08:52','2026-03-21 15:08:52'),
 (32,22,17,'¡Muy bueno! Dicta voluptas molestiae excepturi excepturi hic.','2026-03-19 15:08:52','2026-03-21 15:08:52'),
 (33,2,6,'Gracias por el contenido','2026-03-09 15:08:52','2026-03-21 15:08:52'),
 (34,10,11,'Gracias por el contenido','2026-02-21 15:08:52','2026-03-21 15:08:52'),
 (35,10,16,'¿Habrá parte 2?','2026-03-14 15:08:52','2026-03-21 15:08:52'),
 (36,6,23,'Increíble directo','2026-02-24 15:08:52','2026-03-21 15:08:52'),
 (37,17,1,'¿Habrá parte 2?','2026-03-20 15:08:52','2026-03-21 15:08:52'),
 (38,12,9,'Gracias por el contenido','2026-02-21 15:08:52','2026-03-21 15:08:52'),
 (39,3,8,'¡Muy bueno!','2026-03-17 15:08:52','2026-03-21 15:08:52'),
 (40,4,7,'¡Muy bueno!','2026-02-28 15:08:52','2026-03-21 15:08:52'),
 (41,12,16,'Cuándo el próximo? Eos qui mollitia qui cumque doloribus impedit.','2026-03-03 15:08:52','2026-03-21 15:08:52'),
 (42,27,8,'Increíble directo','2026-03-09 15:08:52','2026-03-21 15:08:52'),
 (43,26,17,'Gracias por el contenido','2026-02-25 15:08:52','2026-03-21 15:08:52'),
 (44,3,23,'Gracias por el contenido Esse earum corporis velit nihil.','2026-02-19 15:08:52','2026-03-21 15:08:52'),
 (45,12,26,'Gracias por el contenido','2026-03-05 15:08:52','2026-03-21 15:08:52'),
 (46,17,1,'Gracias por el contenido','2026-02-24 15:08:52','2026-03-21 15:08:52'),
 (47,22,26,'¿Habrá parte 2?','2026-02-24 15:08:52','2026-03-21 15:08:52'),
 (48,10,18,'Increíble directo Assumenda quia corporis est id.','2026-02-25 15:08:52','2026-03-21 15:08:52'),
 (49,8,26,'¡Muy bueno!','2026-03-13 15:08:52','2026-03-21 15:08:52'),
 (50,29,1,'Gracias por el contenido','2026-03-17 15:08:52','2026-03-21 15:08:52'),
 (51,6,2,'Cuándo el próximo?','2026-03-02 15:08:52','2026-03-21 15:08:52'),
 (52,4,3,'Cuándo el próximo?','2026-03-06 15:08:52','2026-03-21 15:08:52'),
 (53,15,24,'¡Muy bueno!','2026-02-27 15:08:52','2026-03-21 15:08:52'),
 (54,25,32,'¿Habrá parte 2?','2026-02-19 15:08:52','2026-03-21 15:08:52'),
 (55,31,11,'¡Muy bueno!','2026-02-20 15:08:52','2026-03-21 15:08:52'),
 (56,2,20,'¡Muy bueno!','2026-03-03 15:08:52','2026-03-21 15:08:52'),
 (57,13,3,'Cuándo el próximo?','2026-03-19 15:08:52','2026-03-21 15:08:52'),
 (58,21,31,'Cuándo el próximo?','2026-03-19 15:08:52','2026-03-21 15:08:52'),
 (59,13,9,'Cuándo el próximo? Cum omnis reiciendis nihil dolores qui.','2026-02-24 15:08:52','2026-03-21 15:08:52'),
 (60,18,29,'Increíble directo','2026-03-17 15:08:52','2026-03-21 15:08:52'),
 (61,16,32,'Cuándo el próximo?','2026-03-08 15:08:52','2026-03-21 15:08:52'),
 (62,28,12,'Gracias por el contenido','2026-03-04 15:08:52','2026-03-21 15:08:52'),
 (63,4,1,'Increíble directo','2026-03-05 15:08:52','2026-03-21 15:08:52'),
 (64,12,32,'¿Habrá parte 2?','2026-03-02 15:08:52','2026-03-21 15:08:52'),
 (65,8,12,'¡Muy bueno!','2026-03-15 15:08:52','2026-03-21 15:08:52'),
 (66,18,4,'Increíble directo Ea voluptas repellat fugiat dolores aut eos.','2026-02-19 15:08:52','2026-03-21 15:08:52'),
 (67,31,7,'¿Habrá parte 2?','2026-03-08 15:08:52','2026-03-21 15:08:52'),
 (68,21,4,'¡Muy bueno! Recusandae illum numquam sint repellat necessitatibus dolor ducimus.','2026-03-08 15:08:52','2026-03-21 15:08:52'),
 (69,19,13,'Cuándo el próximo?','2026-03-13 15:08:52','2026-03-21 15:08:52'),
 (70,27,3,'Increíble directo Enim et occaecati illo nihil quod.','2026-03-03 15:08:52','2026-03-21 15:08:52');
/*!40000 ALTER TABLE `comments` ENABLE KEYS */;


--
-- Definition of table `countries`
--

DROP TABLE IF EXISTS `countries`;
CREATE TABLE `countries` (
  `id` bigint(20) unsigned NOT NULL AUTO_INCREMENT,
  `name` varchar(255) NOT NULL,
  `code` varchar(255) NOT NULL,
  `created_at` timestamp NULL DEFAULT NULL,
  `updated_at` timestamp NULL DEFAULT NULL,
  PRIMARY KEY (`id`)
) ENGINE=InnoDB AUTO_INCREMENT=21 DEFAULT CHARSET=utf8mb4 COLLATE=utf8mb4_unicode_ci;

--
-- Dumping data for table `countries`
--

/*!40000 ALTER TABLE `countries` DISABLE KEYS */;
INSERT INTO `countries` (`id`,`name`,`code`,`created_at`,`updated_at`) VALUES 
 (1,'México','MX','2026-03-21 15:08:30','2026-03-21 15:08:30'),
 (2,'España','ES','2026-03-21 15:08:30','2026-03-21 15:08:30'),
 (3,'Argentina','AR','2026-03-21 15:08:30','2026-03-21 15:08:30'),
 (4,'Colombia','CO','2026-03-21 15:08:30','2026-03-21 15:08:30'),
 (5,'Chile','CL','2026-03-21 15:08:30','2026-03-21 15:08:30'),
 (6,'Perú','PE','2026-03-21 15:08:30','2026-03-21 15:08:30'),
 (7,'Estados Unidos','US','2026-03-21 15:08:30','2026-03-21 15:08:30'),
 (8,'Venezuela','VE','2026-03-21 15:08:30','2026-03-21 15:08:30'),
 (9,'Ecuador','EC','2026-03-21 15:08:30','2026-03-21 15:08:30'),
 (10,'Guatemala','GT','2026-03-21 15:08:30','2026-03-21 15:08:30'),
 (11,'Cuba','CU','2026-03-21 15:08:30','2026-03-21 15:08:30'),
 (12,'Bolivia','BO','2026-03-21 15:08:30','2026-03-21 15:08:30'),
 (13,'República Dominicana','DO','2026-03-21 15:08:30','2026-03-21 15:08:30'),
 (14,'Honduras','HN','2026-03-21 15:08:30','2026-03-21 15:08:30'),
 (15,'Paraguay','PY','2026-03-21 15:08:30','2026-03-21 15:08:30'),
 (16,'El Salvador','SV','2026-03-21 15:08:30','2026-03-21 15:08:30'),
 (17,'Nicaragua','NI','2026-03-21 15:08:30','2026-03-21 15:08:30'),
 (18,'Costa Rica','CR','2026-03-21 15:08:30','2026-03-21 15:08:30'),
 (19,'Panamá','PA','2026-03-21 15:08:30','2026-03-21 15:08:30'),
 (20,'Uruguay','UY','2026-03-21 15:08:30','2026-03-21 15:08:30');
/*!40000 ALTER TABLE `countries` ENABLE KEYS */;


--
-- Definition of table `creator_levels`
--

DROP TABLE IF EXISTS `creator_levels`;
CREATE TABLE `creator_levels` (
  `id` bigint(20) unsigned NOT NULL AUTO_INCREMENT,
  `name` varchar(255) NOT NULL,
  `min_followers` int(11) NOT NULL,
  `max_followers` int(11) NOT NULL,
  `badge` varchar(255) DEFAULT NULL,
  `created_at` timestamp NULL DEFAULT NULL,
  `updated_at` timestamp NULL DEFAULT NULL,
  PRIMARY KEY (`id`)
) ENGINE=InnoDB AUTO_INCREMENT=7 DEFAULT CHARSET=utf8mb4 COLLATE=utf8mb4_unicode_ci;

--
-- Dumping data for table `creator_levels`
--

/*!40000 ALTER TABLE `creator_levels` DISABLE KEYS */;
INSERT INTO `creator_levels` (`id`,`name`,`min_followers`,`max_followers`,`badge`,`created_at`,`updated_at`) VALUES 
 (1,'Principiante',0,1000,'new','2026-03-21 15:08:30','2026-03-21 15:08:30'),
 (2,'Emergente',1001,10000,'rising','2026-03-21 15:08:30','2026-03-21 15:08:30'),
 (3,'Crecimiento',10001,50000,'growth','2026-03-21 15:08:30','2026-03-21 15:08:30'),
 (4,'Establecido',50001,200000,'established','2026-03-21 15:08:30','2026-03-21 15:08:30'),
 (5,'Influencer',200001,1000000,'influencer','2026-03-21 15:08:30','2026-03-21 15:08:30'),
 (6,'Estrella',1000001,999999999,'star','2026-03-21 15:08:30','2026-03-21 15:08:30');
/*!40000 ALTER TABLE `creator_levels` ENABLE KEYS */;


--
-- Definition of table `estados`
--

DROP TABLE IF EXISTS `estados`;
CREATE TABLE `estados` (
  `id` bigint(20) unsigned NOT NULL AUTO_INCREMENT,
  `nombre` varchar(255) NOT NULL,
  `icon` varchar(50) DEFAULT NULL,
  `bg` varchar(7) DEFAULT '#6b7280',
  `color` varchar(7) DEFAULT '#ffffff',
  `created_at` timestamp NULL DEFAULT NULL,
  `updated_at` timestamp NULL DEFAULT NULL,
  PRIMARY KEY (`id`)
) ENGINE=InnoDB DEFAULT CHARSET=utf8mb4 COLLATE=utf8mb4_unicode_ci;

--
-- Dumping data for table `estados`
--

/*!40000 ALTER TABLE `estados` DISABLE KEYS */;
/*!40000 ALTER TABLE `estados` ENABLE KEYS */;


--
-- Definition of table `failed_jobs`
--

DROP TABLE IF EXISTS `failed_jobs`;
CREATE TABLE `failed_jobs` (
  `id` bigint(20) unsigned NOT NULL AUTO_INCREMENT,
  `uuid` varchar(255) NOT NULL,
  `connection` text NOT NULL,
  `queue` text NOT NULL,
  `payload` longtext NOT NULL,
  `exception` longtext NOT NULL,
  `failed_at` timestamp NOT NULL DEFAULT current_timestamp(),
  PRIMARY KEY (`id`),
  UNIQUE KEY `failed_jobs_uuid_unique` (`uuid`)
) ENGINE=InnoDB DEFAULT CHARSET=utf8mb4 COLLATE=utf8mb4_unicode_ci;

--
-- Dumping data for table `failed_jobs`
--

/*!40000 ALTER TABLE `failed_jobs` DISABLE KEYS */;
/*!40000 ALTER TABLE `failed_jobs` ENABLE KEYS */;


--
-- Definition of table `follower_snapshots`
--

DROP TABLE IF EXISTS `follower_snapshots`;
CREATE TABLE `follower_snapshots` (
  `id` bigint(20) unsigned NOT NULL AUTO_INCREMENT,
  `user_id` bigint(20) unsigned NOT NULL,
  `social_account_id` bigint(20) unsigned DEFAULT NULL,
  `followers_count` int(11) DEFAULT NULL,
  `following_count` int(10) unsigned DEFAULT NULL,
  `source` enum('manual','auto_prompt') NOT NULL DEFAULT 'manual',
  `recorded_at` timestamp NOT NULL DEFAULT current_timestamp() ON UPDATE current_timestamp(),
  `created_at` timestamp NULL DEFAULT NULL,
  `updated_at` timestamp NULL DEFAULT NULL,
  PRIMARY KEY (`id`)
) ENGINE=InnoDB AUTO_INCREMENT=82 DEFAULT CHARSET=utf8mb4 COLLATE=utf8mb4_unicode_ci;

--
-- Dumping data for table `follower_snapshots`
--

/*!40000 ALTER TABLE `follower_snapshots` DISABLE KEYS */;
INSERT INTO `follower_snapshots` (`id`,`user_id`,`social_account_id`,`followers_count`,`following_count`,`source`,`recorded_at`,`created_at`,`updated_at`) VALUES 
 (1,11,32,187654,NULL,'manual','2025-12-23 15:08:52','2026-03-21 15:08:52','2026-03-21 15:08:52'),
 (2,28,78,121073,NULL,'manual','2026-01-18 15:08:52','2026-03-21 15:08:52','2026-03-21 15:08:52'),
 (3,17,47,5319,NULL,'manual','2025-12-21 15:08:52','2026-03-21 15:08:52','2026-03-21 15:08:52'),
 (4,22,61,189614,NULL,'manual','2026-01-11 15:08:52','2026-03-21 15:08:52','2026-03-21 15:08:52'),
 (5,3,13,260662,NULL,'auto_prompt','2026-03-10 15:08:52','2026-03-21 15:08:52','2026-03-21 15:08:52'),
 (6,14,37,339262,NULL,'auto_prompt','2026-02-23 15:08:52','2026-03-21 15:08:52','2026-03-21 15:08:52'),
 (7,27,75,120175,NULL,'auto_prompt','2026-03-19 15:08:52','2026-03-21 15:08:52','2026-03-21 15:08:52'),
 (8,10,27,259896,NULL,'manual','2025-12-30 15:08:52','2026-03-21 15:08:52','2026-03-21 15:08:52'),
 (9,30,82,327596,NULL,'manual','2026-02-13 15:08:52','2026-03-21 15:08:52','2026-03-21 15:08:52'),
 (10,14,39,282760,NULL,'auto_prompt','2026-03-10 15:08:52','2026-03-21 15:08:52','2026-03-21 15:08:52'),
 (11,28,78,29009,NULL,'manual','2025-12-24 15:08:52','2026-03-21 15:08:52','2026-03-21 15:08:52'),
 (12,21,60,267598,NULL,'auto_prompt','2026-03-19 15:08:52','2026-03-21 15:08:52','2026-03-21 15:08:52'),
 (13,27,75,154961,NULL,'auto_prompt','2025-12-24 15:08:52','2026-03-21 15:08:52','2026-03-21 15:08:52'),
 (14,16,44,94848,NULL,'auto_prompt','2026-02-02 15:08:52','2026-03-21 15:08:52','2026-03-21 15:08:52'),
 (15,19,55,101377,NULL,'manual','2026-01-08 15:08:52','2026-03-21 15:08:52','2026-03-21 15:08:52'),
 (16,25,69,272987,NULL,'auto_prompt','2026-02-23 15:08:52','2026-03-21 15:08:52','2026-03-21 15:08:52'),
 (17,20,57,236837,NULL,'manual','2026-01-30 15:08:52','2026-03-21 15:08:52','2026-03-21 15:08:52'),
 (18,5,18,269663,NULL,'auto_prompt','2026-01-24 15:08:52','2026-03-21 15:08:52','2026-03-21 15:08:52'),
 (19,18,49,287862,NULL,'auto_prompt','2026-03-20 15:08:52','2026-03-21 15:08:52','2026-03-21 15:08:52'),
 (20,30,83,142509,NULL,'manual','2025-12-29 15:08:52','2026-03-21 15:08:52','2026-03-21 15:08:52'),
 (21,18,50,72026,NULL,'manual','2025-12-23 15:08:52','2026-03-21 15:08:52','2026-03-21 15:08:52'),
 (22,11,33,73029,NULL,'manual','2026-02-07 15:08:52','2026-03-21 15:08:52','2026-03-21 15:08:52'),
 (23,14,39,2834,NULL,'auto_prompt','2026-02-17 15:08:52','2026-03-21 15:08:52','2026-03-21 15:08:52'),
 (24,1,12,229979,NULL,'auto_prompt','2026-02-05 15:08:52','2026-03-21 15:08:52','2026-03-21 15:08:52'),
 (25,12,35,123436,NULL,'manual','2026-03-18 15:08:52','2026-03-21 15:08:52','2026-03-21 15:08:52'),
 (26,16,44,10604,NULL,'manual','2026-02-08 15:08:52','2026-03-21 15:08:52','2026-03-21 15:08:52'),
 (27,6,19,175842,NULL,'manual','2026-02-22 15:08:52','2026-03-21 15:08:52','2026-03-21 15:08:52'),
 (28,4,17,276500,NULL,'auto_prompt','2025-12-22 15:08:52','2026-03-21 15:08:52','2026-03-21 15:08:52'),
 (29,23,65,256279,NULL,'auto_prompt','2026-03-05 15:08:52','2026-03-21 15:08:52','2026-03-21 15:08:52'),
 (30,23,64,58223,NULL,'manual','2026-02-11 15:08:52','2026-03-21 15:08:52','2026-03-21 15:08:52'),
 (31,31,85,333317,NULL,'auto_prompt','2026-01-22 15:08:52','2026-03-21 15:08:52','2026-03-21 15:08:52'),
 (32,28,79,16889,NULL,'manual','2026-03-03 15:08:52','2026-03-21 15:08:52','2026-03-21 15:08:52'),
 (33,1,5,190629,NULL,'auto_prompt','2026-03-19 15:08:52','2026-03-21 15:08:52','2026-03-21 15:08:52'),
 (34,32,89,71316,NULL,'auto_prompt','2026-03-21 15:08:52','2026-03-21 15:08:52','2026-03-21 15:08:52'),
 (35,30,83,63931,NULL,'manual','2026-02-11 15:08:52','2026-03-21 15:08:52','2026-03-21 15:08:52'),
 (36,26,73,135506,NULL,'auto_prompt','2026-02-01 15:08:52','2026-03-21 15:08:52','2026-03-21 15:08:52'),
 (37,32,88,251785,NULL,'auto_prompt','2026-03-02 15:08:52','2026-03-21 15:08:52','2026-03-21 15:08:52'),
 (38,2,9,31507,NULL,'manual','2026-01-04 15:08:52','2026-03-21 15:08:52','2026-03-21 15:08:52'),
 (39,24,66,250910,NULL,'auto_prompt','2026-01-12 15:08:52','2026-03-21 15:08:52','2026-03-21 15:08:52'),
 (40,11,31,39562,NULL,'auto_prompt','2026-01-11 15:08:52','2026-03-21 15:08:52','2026-03-21 15:08:52'),
 (41,28,77,132638,NULL,'auto_prompt','2026-01-13 15:08:52','2026-03-21 15:08:52','2026-03-21 15:08:52'),
 (42,19,54,46116,NULL,'manual','2026-01-27 15:08:52','2026-03-21 15:08:52','2026-03-21 15:08:52'),
 (43,7,21,142426,NULL,'manual','2026-02-06 15:08:52','2026-03-21 15:08:52','2026-03-21 15:08:52'),
 (44,30,81,170599,NULL,'auto_prompt','2026-03-04 15:08:52','2026-03-21 15:08:52','2026-03-21 15:08:52'),
 (45,10,29,124962,NULL,'auto_prompt','2026-03-14 15:08:52','2026-03-21 15:08:52','2026-03-21 15:08:52'),
 (46,16,43,309924,NULL,'manual','2026-01-04 15:08:52','2026-03-21 15:08:52','2026-03-21 15:08:52'),
 (47,23,62,247637,NULL,'auto_prompt','2026-02-24 15:08:52','2026-03-21 15:08:52','2026-03-21 15:08:52'),
 (48,12,35,112058,NULL,'manual','2026-01-26 15:08:52','2026-03-21 15:08:52','2026-03-21 15:08:52'),
 (49,22,61,261958,NULL,'auto_prompt','2026-02-15 15:08:52','2026-03-21 15:08:52','2026-03-21 15:08:52'),
 (50,2,7,214184,NULL,'manual','2025-12-24 15:08:52','2026-03-21 15:08:52','2026-03-21 15:08:52'),
 (51,15,41,5019,NULL,'manual','2026-02-14 15:08:52','2026-03-21 15:08:52','2026-03-21 15:08:52'),
 (52,3,13,35834,NULL,'manual','2026-02-24 15:08:52','2026-03-21 15:08:52','2026-03-21 15:08:52'),
 (53,4,14,334890,NULL,'auto_prompt','2026-03-04 15:08:52','2026-03-21 15:08:52','2026-03-21 15:08:52'),
 (54,7,21,229950,NULL,'auto_prompt','2026-01-20 15:08:52','2026-03-21 15:08:52','2026-03-21 15:08:52'),
 (55,11,31,151414,NULL,'manual','2025-12-26 15:08:52','2026-03-21 15:08:52','2026-03-21 15:08:52'),
 (56,18,50,182005,NULL,'auto_prompt','2026-03-13 15:08:52','2026-03-21 15:08:52','2026-03-21 15:08:52'),
 (57,18,52,180185,NULL,'auto_prompt','2026-01-11 15:08:52','2026-03-21 15:08:52','2026-03-21 15:08:52'),
 (58,14,37,183662,NULL,'manual','2026-01-20 15:08:52','2026-03-21 15:08:52','2026-03-21 15:08:52'),
 (59,10,29,234978,NULL,'auto_prompt','2026-02-09 15:08:52','2026-03-21 15:08:52','2026-03-21 15:08:52'),
 (60,30,84,109086,NULL,'auto_prompt','2026-03-19 15:08:52','2026-03-21 15:08:52','2026-03-21 15:08:52'),
 (61,15,41,314965,NULL,'auto_prompt','2026-02-17 15:08:52','2026-03-21 15:08:52','2026-03-21 15:08:52'),
 (62,26,73,86704,NULL,'auto_prompt','2026-03-16 15:08:52','2026-03-21 15:08:52','2026-03-21 15:08:52'),
 (63,31,86,275336,NULL,'auto_prompt','2026-01-12 15:08:52','2026-03-21 15:08:52','2026-03-21 15:08:52'),
 (64,20,58,210113,NULL,'auto_prompt','2026-01-15 15:08:52','2026-03-21 15:08:52','2026-03-21 15:08:52'),
 (65,23,64,232500,NULL,'manual','2026-03-10 15:08:52','2026-03-21 15:08:52','2026-03-21 15:08:52'),
 (66,11,32,320967,NULL,'auto_prompt','2025-12-31 15:08:52','2026-03-21 15:08:52','2026-03-21 15:08:52'),
 (67,16,44,65756,NULL,'manual','2026-02-19 15:08:52','2026-03-21 15:08:52','2026-03-21 15:08:52'),
 (68,19,54,259744,NULL,'auto_prompt','2026-02-18 15:08:52','2026-03-21 15:08:52','2026-03-21 15:08:52'),
 (69,11,31,38292,NULL,'auto_prompt','2026-02-18 15:08:52','2026-03-21 15:08:52','2026-03-21 15:08:52'),
 (70,9,25,114462,NULL,'auto_prompt','2026-02-04 15:08:52','2026-03-21 15:08:52','2026-03-21 15:08:52'),
 (71,17,47,305709,NULL,'manual','2026-01-20 15:08:52','2026-03-21 15:08:52','2026-03-21 15:08:52'),
 (72,5,18,238412,NULL,'auto_prompt','2026-01-10 15:08:52','2026-03-21 15:08:52','2026-03-21 15:08:52'),
 (73,27,75,284340,NULL,'auto_prompt','2026-03-07 15:08:52','2026-03-21 15:08:52','2026-03-21 15:08:52'),
 (74,32,89,341010,NULL,'auto_prompt','2026-02-27 15:08:52','2026-03-21 15:08:52','2026-03-21 15:08:52'),
 (75,14,38,234542,NULL,'manual','2026-03-14 15:08:52','2026-03-21 15:08:52','2026-03-21 15:08:52'),
 (76,17,45,216616,NULL,'auto_prompt','2026-02-09 15:08:52','2026-03-21 15:08:52','2026-03-21 15:08:52'),
 (77,15,41,195490,NULL,'auto_prompt','2026-01-01 15:08:52','2026-03-21 15:08:52','2026-03-21 15:08:52'),
 (78,10,27,48607,NULL,'auto_prompt','2026-03-21 15:08:52','2026-03-21 15:08:52','2026-03-21 15:08:52'),
 (79,18,52,293968,NULL,'auto_prompt','2026-02-24 15:08:52','2026-03-21 15:08:52','2026-03-21 15:08:52'),
 (80,27,74,160142,NULL,'auto_prompt','2026-03-13 15:08:52','2026-03-21 15:08:52','2026-03-21 15:08:52'),
 (81,8,24,2622,1199,'auto_prompt','2026-04-29 12:50:49','2026-04-29 12:50:49','2026-04-29 12:50:49');
/*!40000 ALTER TABLE `follower_snapshots` ENABLE KEYS */;


--
-- Definition of table `following_entries`
--

DROP TABLE IF EXISTS `following_entries`;
CREATE TABLE `following_entries` (
  `id` bigint(20) unsigned NOT NULL AUTO_INCREMENT,
  `user_id` bigint(20) unsigned NOT NULL,
  `entry_type` varchar(32) NOT NULL,
  `platform_user_id` bigint(20) unsigned DEFAULT NULL,
  `social_network_id` bigint(20) unsigned DEFAULT NULL,
  `username` varchar(255) DEFAULT NULL,
  `remote_display_name` varchar(255) DEFAULT NULL,
  `url` varchar(2048) NOT NULL,
  `avatar_url` varchar(2048) DEFAULT NULL,
  `use_custom_avatar` tinyint(1) NOT NULL DEFAULT 0,
  `label` varchar(255) DEFAULT NULL,
  `note` text DEFAULT NULL,
  `created_at` timestamp NULL DEFAULT NULL,
  `updated_at` timestamp NULL DEFAULT NULL,
  PRIMARY KEY (`id`),
  KEY `following_entries_platform_user_id_foreign` (`platform_user_id`),
  KEY `following_entries_social_network_id_foreign` (`social_network_id`),
  KEY `following_entries_user_id_entry_type_index` (`user_id`,`entry_type`),
  CONSTRAINT `following_entries_platform_user_id_foreign` FOREIGN KEY (`platform_user_id`) REFERENCES `users` (`id`) ON DELETE CASCADE,
  CONSTRAINT `following_entries_social_network_id_foreign` FOREIGN KEY (`social_network_id`) REFERENCES `social_networks` (`id`) ON DELETE SET NULL,
  CONSTRAINT `following_entries_user_id_foreign` FOREIGN KEY (`user_id`) REFERENCES `users` (`id`) ON DELETE CASCADE
) ENGINE=InnoDB AUTO_INCREMENT=42 DEFAULT CHARSET=utf8mb4 COLLATE=utf8mb4_unicode_ci;

--
-- Dumping data for table `following_entries`
--

/*!40000 ALTER TABLE `following_entries` DISABLE KEYS */;
INSERT INTO `following_entries` (`id`,`user_id`,`entry_type`,`platform_user_id`,`social_network_id`,`username`,`remote_display_name`,`url`,`avatar_url`,`use_custom_avatar`,`label`,`note`,`created_at`,`updated_at`) VALUES 
 (3,1,'external',NULL,2,'wueng22','Wuen??','https://www.tiktok.com/@wueng22','https://p19-common-sign.tiktokcdn-us.com/tos-alisg-avt-0068/e8bb92c2ac8f4b6ee24e7838d1755d66~tplv-tiktokx-cropcenter:1080:1080.webp?dr=9640&refresh_token=73425f53&x-expires=1777640400&x-signature=JxXb4Eq0YGqbONXtLx2VTBYAGFQ%3D&t=4d5b0474&ps=13740610&shp=a5d48078&shcp=2472a6c6&idc=useast8',0,'Wuen','Crisitana que pone alabanzas.','2026-04-29 13:15:39','2026-04-29 13:58:59'),
 (4,1,'external',NULL,2,'marcio.alfredo.ga','מרדכי בן אברהם RESTAURACION','https://www.tiktok.com/@marcio.alfredo.ga','https://p19-common-sign.tiktokcdn-us.com/tos-maliva-avt-0068/94eb977076995d8aa7e8a4c0a1753a67~tplv-tiktokx-cropcenter:1080:1080.webp?dr=9640&refresh_token=890ff31b&x-expires=1777640400&x-signature=ZdzYKFB8tYNh5v9qpxLxcbBNE3Y%3D&t=4d5b0474&ps=13740610&shp=a5d48078&shcp=2472a6c6&idc=useast8',0,'מרדכי בן אברהם RESTAURACIÓN 3','brother que tiene un grupo de keila','2026-04-29 13:17:35','2026-04-29 13:58:51'),
 (5,1,'external',NULL,2,'rabyehoshualandolfiarg','NAASE VENISHMA TORAH','https://www.tiktok.com/@rabyehoshualandolfiarg','https://p19-common-sign.tiktokcdn-us.com/tos-alisg-avt-0068/3a5897ba49cf00ff7c1b544519e82049~tplv-tiktokx-cropcenter:1080:1080.webp?dr=9640&refresh_token=a1c29132&x-expires=1777798800&x-signature=myH5cE%2BRVMdWEGr7DJEnRk202ks%3D&t=4d5b0474&ps=13740610&shp=a5d48078&shcp=2472a6c6&idc=useast8',0,NULL,NULL,'2026-04-29 13:56:12','2026-05-01 09:25:30'),
 (6,1,'external',NULL,2,'cristiano_consciente','Cristiano Consciente RBN','https://www.tiktok.com/@cristiano_consciente','https://p19-common-sign.tiktokcdn-us.com/tos-maliva-avt-0068/e5b6f8727e275040c41457813953a25d~tplv-tiktokx-cropcenter:1080:1080.webp?dr=9640&refresh_token=b6ec0850&x-expires=1777640400&x-signature=36%2Bk%2BFVZIykIoCDw96cDCjsHrSs%3D&t=4d5b0474&ps=13740610&shp=a5d48078&shcp=2472a6c6&idc=useast8',0,NULL,NULL,'2026-04-29 13:59:54','2026-04-29 13:59:54'),
 (7,1,'external',NULL,2,'dvinccioficial','DVINCCI OFICIAL','https://www.tiktok.com/@dvinccioficial','https://p19-common-sign.tiktokcdn-us.com/tos-alisg-avt-0068/acf05072e73d1d42477003341cd6659c~tplv-tiktokx-cropcenter:1080:1080.webp?dr=9640&refresh_token=e3c0859d&x-expires=1777644000&x-signature=Wd4q%2FMNFxUmLglR0klEnV3LBh7U%3D&t=4d5b0474&ps=13740610&shp=a5d48078&shcp=2472a6c6&idc=useast8',0,NULL,NULL,'2026-04-29 14:00:46','2026-04-29 14:00:46'),
 (8,1,'external',NULL,2,'gero.ivan3','RETORNANDO AL  CREADOR','https://www.tiktok.com/@gero.ivan3','https://p19-common-sign.tiktokcdn-us.com/tos-alisg-avt-0068/135f60c7ea6b85d9faf940868f1fb957~tplv-tiktokx-cropcenter:1080:1080.webp?dr=9640&refresh_token=484974aa&x-expires=1777644000&x-signature=q6wddiI7BosoNpG4eFWaLo%2FEc0U%3D&t=4d5b0474&ps=13740610&shp=a5d48078&shcp=2472a6c6&idc=useast8',0,NULL,NULL,'2026-04-29 14:04:45','2026-04-29 14:04:45'),
 (9,1,'external',NULL,2,'edgargracia7','Dr. Edgar Gracia','https://www.tiktok.com/@edgargracia7','https://p19-common-sign.tiktokcdn-us.com/tos-maliva-avt-0068/534db0b69402217cd294f3f196658398~tplv-tiktokx-cropcenter:1080:1080.webp?dr=9640&refresh_token=20eaa965&x-expires=1777644000&x-signature=lvtTkkqVqU4QSkvJKcc54A3Bjd4%3D&t=4d5b0474&ps=13740610&shp=a5d48078&shcp=2472a6c6&idc=useast8',0,NULL,NULL,'2026-04-29 14:05:59','2026-04-29 14:05:59'),
 (10,1,'external',NULL,2,'andrescalderonmusic','ANDRÉS CALDERÓN','https://www.tiktok.com/@andrescalderonmusic','https://p19-common-sign.tiktokcdn-us.com/tos-alisg-avt-0068/5e16042dee2185daff04944678a2f691~tplv-tiktokx-cropcenter:1080:1080.webp?dr=9640&refresh_token=e4fab40e&x-expires=1777644000&x-signature=fI2%2B31BYHDmSnSkV5l9rzT68V3g%3D&t=4d5b0474&ps=13740610&shp=a5d48078&shcp=2472a6c6&idc=useast8',0,NULL,NULL,'2026-04-29 14:07:08','2026-04-29 14:07:08'),
 (11,1,'external',NULL,2,'naz48612','Nazareth  נָצְרַת Nazaret','https://www.tiktok.com/@naz48612','https://p19-common-sign.tiktokcdn-us.com/tos-useast5-avt-0068-tx/ea57d71cb6473e8dfd7f5f3253c943b2~tplv-tiktokx-cropcenter:1080:1080.webp?dr=9640&refresh_token=f4030b40&x-expires=1777644000&x-signature=4gUmutFEtEUAheQcESad%2FnQZfVg%3D&t=4d5b0474&ps=13740610&shp=a5d48078&shcp=2472a6c6&idc=useast8',0,NULL,NULL,'2026-04-29 14:09:28','2026-04-29 14:09:28'),
 (12,1,'external',NULL,2,'wilmor.garca6','Wilmor García','https://www.tiktok.com/@wilmor.garca6','https://p19-common-sign.tiktokcdn-us.com/tos-maliva-avt-0068/278de5a72c9bcf37b5233de17720bd2b~tplv-tiktokx-cropcenter:1080:1080.webp?dr=9640&refresh_token=4bf41d3f&x-expires=1777644000&x-signature=FZjhADiHsPLuekjXUe2%2FH80DuSY%3D&t=4d5b0474&ps=13740610&shp=a5d48078&shcp=2472a6c6&idc=useast8',0,NULL,NULL,'2026-04-29 14:10:04','2026-04-29 14:10:04'),
 (13,1,'external',NULL,2,'drako_6969','Drako??','https://www.tiktok.com/@drako_6969','https://p19-common-sign.tiktokcdn-us.com/tos-useast5-avt-0068-tx/3ddd011da71a4510f1c0fba11a4a4e95~tplv-tiktokx-cropcenter:1080:1080.webp?dr=9640&refresh_token=ff3d4a04&x-expires=1777644000&x-signature=uc8oMsgdyOSKT2LPDKha3UHTIYo%3D&t=4d5b0474&ps=13740610&shp=a5d48078&shcp=2472a6c6&idc=useast8',0,NULL,NULL,'2026-04-29 14:10:37','2026-04-29 14:10:37'),
 (14,1,'external',NULL,2,'aprendamosdelapalabra','?????? ??','https://www.tiktok.com/@aprendamosdelapalabra','https://p19-common-sign.tiktokcdn-us.com/tos-maliva-avt-0068/3702711a8ea0557bf147a4f5730dea21~tplv-tiktokx-cropcenter:1080:1080.webp?dr=9640&refresh_token=24af7869&x-expires=1777644000&x-signature=Ohy9Q40%2FAR7VX2TlRq5eEENh7RU%3D&t=4d5b0474&ps=13740610&shp=a5d48078&shcp=2472a6c6&idc=useast8',0,NULL,NULL,'2026-04-29 14:11:02','2026-04-29 14:11:02'),
 (15,1,'external',NULL,2,'emet7171','אמת','https://www.tiktok.com/@emet7171','https://p19-common-sign.tiktokcdn-us.com/tos-alisg-avt-0068/8fa5c5b37d283c303dfdc4476a845031~tplv-tiktokx-cropcenter:1080:1080.webp?dr=9640&refresh_token=d225db81&x-expires=1777644000&x-signature=TJIm4zk9hFLTOOn3hY1WiuGwpd0%3D&t=4d5b0474&ps=13740610&shp=a5d48078&shcp=2472a6c6&idc=useast8',0,NULL,'Brother torá','2026-04-29 14:11:29','2026-04-29 14:25:19'),
 (16,1,'external',NULL,2,'betogomz83','??bad mexican??','https://www.tiktok.com/@betogomz83','https://p19-common-sign.tiktokcdn-us.com/tos-useast8-avt-0068-tx2/3d9673c6dc6ba438f2ccb93d6829fafa~tplv-tiktokx-cropcenter:1080:1080.webp?dr=9640&refresh_token=25263d46&x-expires=1777644000&x-signature=Fv9e64h6RNBqPHbj7mkxgnhTO%2F4%3D&t=4d5b0474&ps=13740610&shp=a5d48078&shcp=2472a6c6&idc=useast8',0,NULL,NULL,'2026-04-29 14:11:55','2026-04-29 14:11:55'),
 (17,1,'external',NULL,2,'marioroque2023','Mario','https://www.tiktok.com/@marioroque2023','https://p19-common-sign.tiktokcdn-us.com/tos-useast5-avt-0068-tx/c527f966e8b318c25d9da11ecd2d7d64~tplv-tiktokx-cropcenter:1080:1080.webp?dr=9640&refresh_token=158607c2&x-expires=1777644000&x-signature=DPFQRNuXwbGA9%2F8JVs5%2FF1e3bqo%3D&t=4d5b0474&ps=13740610&shp=a5d48078&shcp=2472a6c6&idc=useast8',0,NULL,NULL,'2026-04-29 14:12:16','2026-04-29 14:12:16'),
 (18,1,'external',NULL,2,'ebenezer20251','Cristina','https://www.tiktok.com/@ebenezer20251','https://p19-common-sign.tiktokcdn-us.com/tos-useast8-avt-0068-tx2/9b49e8485ea697b73c053a11766773ca~tplv-tiktokx-cropcenter:1080:1080.webp?dr=9640&refresh_token=fd86130a&x-expires=1777644000&x-signature=i%2Bqxd5zCflaKK4FAAPRXIEfTCr4%3D&t=4d5b0474&ps=13740610&shp=a5d48078&shcp=2472a6c6&idc=useast8',0,NULL,NULL,'2026-04-29 14:12:31','2026-04-29 14:12:31'),
 (19,1,'external',NULL,2,'scoobydoogalleta','Shocolate?','https://www.tiktok.com/@scoobydoogalleta','https://p19-common-sign.tiktokcdn-us.com/tos-useast5-avt-0068-tx/e76635899f7c0372ede69ae38b7e8c28~tplv-tiktokx-cropcenter:1080:1080.webp?dr=9640&refresh_token=ac3c097d&x-expires=1777644000&x-signature=kyBamUgfiAgnYUzy4RlH2hfluJY%3D&t=4d5b0474&ps=13740610&shp=a5d48078&shcp=2472a6c6&idc=useast8',0,NULL,NULL,'2026-04-29 14:13:09','2026-04-29 14:13:09'),
 (20,1,'external',NULL,2,'iosef.neira','????? ?????','https://www.tiktok.com/@iosef.neira','https://p19-common-sign.tiktokcdn-us.com/tos-maliva-avt-0068/631bceaede49e42c903342b5e5aa7486~tplv-tiktokx-cropcenter:1080:1080.webp?dr=9640&refresh_token=ab2de948&x-expires=1777644000&x-signature=8btMqA8iKSxxepq4xLXpTTw4TAk%3D&t=4d5b0474&ps=13740610&shp=a5d48078&shcp=2472a6c6&idc=useast8',0,NULL,NULL,'2026-04-29 14:13:29','2026-04-29 14:13:29'),
 (21,1,'external',NULL,2,'ronymadrid433','Aharoni Ben Yehuda','https://www.tiktok.com/@ronymadrid433','https://p19-common-sign.tiktokcdn-us.com/tos-useast8-avt-0068-tx2/d03afecfaaeff415ff67f7deb3c4da21~tplv-tiktokx-cropcenter:1080:1080.webp?dr=9640&refresh_token=ff2663a0&x-expires=1777644000&x-signature=Eg1cLF23%2FbtSRUinlpOrOwyWGz0%3D&t=4d5b0474&ps=13740610&shp=a5d48078&shcp=2472a6c6&idc=useast8',0,NULL,NULL,'2026-04-29 14:13:55','2026-04-29 14:13:55'),
 (22,1,'external',NULL,2,'licenciadoadolfoeinstein','TORÁ & GRACIA','https://www.tiktok.com/@licenciadoadolfoeinstein','https://p19-common-sign.tiktokcdn-us.com/tos-alisg-avt-0068/73ff31212c177fbf9c5a6167c41c62ff~tplv-tiktokx-cropcenter:1080:1080.webp?dr=9640&refresh_token=4ad13dc5&x-expires=1777644000&x-signature=TF1GsgF7ETepMjBH%2FtnwAwh15AE%3D&t=4d5b0474&ps=13740610&shp=a5d48078&shcp=2472a6c6&idc=useast8',0,NULL,NULL,'2026-04-29 14:14:37','2026-04-29 14:14:37'),
 (23,1,'external',NULL,2,'mesrra9129','mesrra, ?','https://www.tiktok.com/@mesrra9129','https://p19-common-sign.tiktokcdn-us.com/tos-alisg-avt-0068/b7f6100781a4c05567eabcec5320c3f9~tplv-tiktokx-cropcenter:1080:1080.webp?dr=9640&refresh_token=02275bed&x-expires=1777644000&x-signature=E7%2FqC6mTiMaXBvQ%2Fl4caSfIfN2g%3D&t=4d5b0474&ps=13740610&shp=a5d48078&shcp=2472a6c6&idc=useast8',0,NULL,NULL,'2026-04-29 14:15:09','2026-04-29 14:15:09'),
 (24,1,'external',NULL,2,'tora.zohar.efrai','Torá & Zóhar|Camino de Efraím','https://www.tiktok.com/@tora.zohar.efrai','https://p19-common-sign.tiktokcdn-us.com/tos-alisg-avt-0068/3caf6de1f33ed99d25d9924c67998184~tplv-tiktokx-cropcenter:1080:1080.webp?dr=9640&refresh_token=e2510fd3&x-expires=1777644000&x-signature=cUwr%2BEetxfVR5G7Ot5%2B2KyANhhE%3D&t=4d5b0474&ps=13740610&shp=a5d48078&shcp=2472a6c6&idc=useast8',0,NULL,NULL,'2026-04-29 14:15:31','2026-04-29 14:15:31'),
 (25,1,'external',NULL,2,'lorenavaz2904','Lore Vaz','https://www.tiktok.com/@lorenavaz2904','https://p19-common-sign.tiktokcdn-us.com/tos-alisg-avt-0068/232b2652a7b1150974d71209286bbc41~tplv-tiktokx-cropcenter:1080:1080.webp?dr=9640&refresh_token=93991a54&x-expires=1777644000&x-signature=kCq8J5%2B7Psk4WPkKs687kbiMhlY%3D&t=4d5b0474&ps=13740610&shp=a5d48078&shcp=2472a6c6&idc=useast8',0,NULL,NULL,'2026-04-29 14:19:03','2026-04-29 14:19:03'),
 (26,1,'external',NULL,2,'sharonscott36','? SHARON ?','https://www.tiktok.com/@sharonscott36','https://p19-common-sign.tiktokcdn-us.com/tos-maliva-avt-0068/7326127853778108421~tplv-tiktokx-cropcenter:1080:1080.webp?dr=9640&refresh_token=ee045c98&x-expires=1777644000&x-signature=Rzkq7EiBr7yGOI2lytNQUJVaJLk%3D&t=4d5b0474&ps=13740610&shp=a5d48078&shcp=2472a6c6&idc=useast8',0,NULL,NULL,'2026-04-29 14:19:35','2026-04-29 14:19:35'),
 (27,1,'external',NULL,2,'rubenrp81','Rubén Desarrollador Web','https://www.tiktok.com/@rubenrp81','https://p19-common-sign.tiktokcdn-us.com/tos-alisg-avt-0068/c4c314b8d82df1a985b4a7bf703bb9e1~tplv-tiktokx-cropcenter:1080:1080.webp?dr=9640&refresh_token=4d2e4704&x-expires=1777644000&x-signature=ez4qQi65z257AVPnd6FbPxkBb9I%3D&t=4d5b0474&ps=13740610&shp=a5d48078&shcp=2472a6c6&idc=useast8',0,NULL,NULL,'2026-04-29 14:20:25','2026-04-29 14:20:25'),
 (28,1,'external',NULL,2,'hectorameza5','Hector Mezher','https://www.tiktok.com/@hectorameza5','https://p19-common-sign.tiktokcdn-us.com/tos-alisg-avt-0068/7d46e3da54dfab55d67ed2889b6c578c~tplv-tiktokx-cropcenter:1080:1080.webp?dr=9640&refresh_token=799245c5&x-expires=1777644000&x-signature=84QoOrxRlD9Ci3iNaOhecuHKReY%3D&t=4d5b0474&ps=13740610&shp=a5d48078&shcp=2472a6c6&idc=useast8',0,NULL,NULL,'2026-04-29 14:21:07','2026-04-29 14:21:07'),
 (29,1,'external',NULL,2,'marife.cooper','Marifé Cooper','https://www.tiktok.com/@marife.cooper','https://p16-common-sign.tiktokcdn-us.com/tos-alisg-avt-0068/e176600feab3db81473716b9341a1dba~tplv-tiktokx-cropcenter:1080:1080.webp?dr=9640&refresh_token=89d5b22b&x-expires=1777644000&x-signature=ryf7chJfhfkhBgCf792wN8DZ6Tw%3D&t=4d5b0474&ps=13740610&shp=a5d48078&shcp=2472a6c6&idc=useast8',0,NULL,NULL,'2026-04-29 14:21:29','2026-04-29 14:21:29'),
 (30,1,'external',NULL,2,'ariel_fernandez_moreno','אריאל פרננדס מורנו','https://www.tiktok.com/@ariel_fernandez_moreno','https://p19-common-sign.tiktokcdn-us.com/tos-maliva-avt-0068/a726961a3bd164d96ca225f55f030eb1~tplv-tiktokx-cropcenter:1080:1080.webp?dr=9640&refresh_token=b4c4f556&x-expires=1777644000&x-signature=3vENoymgzfxPFCbY9EbMK4Xg74Y%3D&t=4d5b0474&ps=13740610&shp=a5d48078&shcp=2472a6c6&idc=useast8',0,NULL,NULL,'2026-04-29 14:21:53','2026-04-29 14:21:53'),
 (31,1,'external',NULL,2,'robertocarlos2413','robertocarlos2413','https://www.tiktok.com/@robertocarlos2413','https://p16-common-sign.tiktokcdn-us.com/tos-maliva-avt-0068/7240192333735460869~tplv-tiktokx-cropcenter:1080:1080.webp?dr=9640&refresh_token=44903df5&x-expires=1777644000&x-signature=ROLni8jObP0Nhq3VWkKld05wUNE%3D&t=4d5b0474&ps=13740610&shp=a5d48078&shcp=2472a6c6&idc=useast8',0,NULL,NULL,'2026-04-29 14:24:20','2026-04-29 14:24:20'),
 (32,1,'external',NULL,2,'mralphabiotista','Miguel Rojas Alphabiotista','https://www.tiktok.com/@mralphabiotista','https://p19-common-sign.tiktokcdn-us.com/tos-alisg-avt-0068/292e1dfdb6909c9b4e51baa5bdfb0b4a~tplv-tiktokx-cropcenter:1080:1080.webp?dr=9640&refresh_token=30e39852&x-expires=1777644000&x-signature=htRBcuTY0%2BDvG5LmWTJ5mylviy0%3D&t=4d5b0474&ps=13740610&shp=a5d48078&shcp=2472a6c6&idc=useast8',0,NULL,NULL,'2026-04-29 14:24:50','2026-04-29 14:24:50'),
 (33,1,'external',NULL,2,'alfil9114','ALFIL','https://www.tiktok.com/@alfil9114','https://p19-common-sign.tiktokcdn-us.com/tos-alisg-avt-0068/9230b84311f9105738578a3d14e11274~tplv-tiktokx-cropcenter:1080:1080.webp?dr=9640&refresh_token=44ef3a37&x-expires=1777644000&x-signature=RUlKVgvzRdoS%2B%2BAUmAq5DxyJ3lc%3D&t=4d5b0474&ps=13740610&shp=a5d48078&shcp=2472a6c6&idc=useast8',0,NULL,NULL,'2026-04-29 14:34:12','2026-04-29 14:34:12'),
 (34,1,'external',NULL,2,'new_sam2026','Sam','https://www.tiktok.com/@new_sam2026','https://p19-common-sign.tiktokcdn-us.com/tos-useast8-avt-0068-tx2/557cc2c4984cb42e6c0dd9618efa28cf~tplv-tiktokx-cropcenter:1080:1080.webp?dr=9640&refresh_token=01636b18&x-expires=1777644000&x-signature=onNxOvGnXU4ImhMglPh1Myew4%2Bc%3D&t=4d5b0474&ps=13740610&shp=a5d48078&shcp=2472a6c6&idc=useast8',0,NULL,NULL,'2026-04-29 14:42:13','2026-04-29 14:42:13'),
 (35,1,'external',NULL,2,'priscila.trujillo90','priscila trujillo','https://www.tiktok.com/@priscila.trujillo90','https://p16-common-sign.tiktokcdn-us.com/tos-alisg-avt-0068/4f02368d1673c5bc75da7576c48562ef~tplv-tiktokx-cropcenter:1080:1080.webp?dr=9640&refresh_token=bed6de5b&x-expires=1777644000&x-signature=97GJVPK0FL2FbNr7J5S0pFs2Wpc%3D&t=4d5b0474&ps=13740610&shp=a5d48078&shcp=2472a6c6&idc=useast8',0,NULL,NULL,'2026-04-29 14:42:36','2026-04-29 14:42:36'),
 (36,1,'external',NULL,2,'academynatzratim','Rabino Áquila Ben Levi','https://www.tiktok.com/@academynatzratim','https://p19-common-sign.tiktokcdn-us.com/tos-alisg-avt-0068/4b98645a82cb1c5b195ab5f7193a190c~tplv-tiktokx-cropcenter:1080:1080.webp?dr=9640&refresh_token=f289c453&x-expires=1777644000&x-signature=kMkwm95dCll4BTNQ3SebbSUBb9M%3D&t=4d5b0474&ps=13740610&shp=a5d48078&shcp=2472a6c6&idc=useast8',0,NULL,NULL,'2026-04-29 14:43:44','2026-04-29 14:43:44'),
 (37,1,'external',NULL,2,'noelitovlogs1','APÓSTOL PABLO','https://www.tiktok.com/@noelitovlogs1','https://p19-common-sign.tiktokcdn-us.com/tos-alisg-avt-0068/40f71254f07f27234dd092c910a3c22f~tplv-tiktokx-cropcenter:1080:1080.webp?dr=9640&refresh_token=88ee55bb&x-expires=1777644000&x-signature=RRcQQCSsYcAbuKL1pMNiGkaqN5A%3D&t=4d5b0474&ps=13740610&shp=a5d48078&shcp=2472a6c6&idc=useast8',0,NULL,NULL,'2026-04-29 14:44:02','2026-04-29 14:44:02'),
 (38,1,'external',NULL,2,'davemerc','?Dave Merc','https://www.tiktok.com/@davemerc','https://p19-common-sign.tiktokcdn-us.com/tos-useast5-avt-0068-tx/7346306691618570282~tplv-tiktokx-cropcenter:1080:1080.webp?dr=9640&refresh_token=79051c93&x-expires=1777644000&x-signature=AcBX%2Bh6nq92iVTZpGUss8luGYg8%3D&t=4d5b0474&ps=13740610&shp=a5d48078&shcp=2472a6c6&idc=useast8',0,NULL,NULL,'2026-04-29 14:44:17','2026-04-29 14:44:17'),
 (39,1,'external',NULL,2,'hablemosdeyhwh2024','Marcelo - El Malaj','https://www.tiktok.com/@hablemosdeyhwh2024','https://p19-common-sign.tiktokcdn-us.com/tos-alisg-avt-0068/8b1c16bcd1efa4f49bfaa2da67d6f73a~tplv-tiktokx-cropcenter:1080:1080.webp?dr=9640&refresh_token=995651e9&x-expires=1777644000&x-signature=85tFYMTpElxQarIRdUuqMYP7ssw%3D&t=4d5b0474&ps=13740610&shp=a5d48078&shcp=2472a6c6&idc=useast8',0,NULL,NULL,'2026-04-29 14:44:43','2026-04-29 14:44:43'),
 (40,1,'external',NULL,2,'dvincci','Dvincci','https://www.tiktok.com/@dvincci','https://p19-common-sign.tiktokcdn-us.com/tos-alisg-avt-0068/ff536fee1cfb216616e985395406b6ad~tplv-tiktokx-cropcenter:1080:1080.webp?dr=9640&refresh_token=46cf4a3b&x-expires=1777798800&x-signature=D49iakJMWd7K4AZeDJQVESKGbdE%3D&t=4d5b0474&ps=13740610&shp=a5d48078&shcp=2472a6c6&idc=useast8',0,NULL,NULL,'2026-05-01 09:13:38','2026-05-01 09:13:38'),
 (41,1,'external',NULL,2,'thegoodcreator711','The Good Creator','https://www.tiktok.com/@thegoodcreator711','https://p16-common-sign.tiktokcdn-us.com/tos-useast8-avt-0068-tx2/fe7f879fa74fdba8ce3a667153ff7acc~tplv-tiktokx-cropcenter:1080:1080.webp?dr=9640&refresh_token=cb0b7cbc&x-expires=1777798800&x-signature=i3xBTIUNQ%2F0ByY%2BEXDEvVurJVi0%3D&t=4d5b0474&ps=13740610&shp=a5d48078&shcp=2472a6c6&idc=useast8',0,NULL,NULL,'2026-05-01 09:19:16','2026-05-01 09:19:16');
/*!40000 ALTER TABLE `following_entries` ENABLE KEYS */;


--
-- Definition of table `following_follower_snapshots`
--

DROP TABLE IF EXISTS `following_follower_snapshots`;
CREATE TABLE `following_follower_snapshots` (
  `id` bigint(20) unsigned NOT NULL AUTO_INCREMENT,
  `following_entry_id` bigint(20) unsigned NOT NULL,
  `follower_count` bigint(20) unsigned DEFAULT NULL,
  `following_count` int(10) unsigned DEFAULT NULL,
  `heart_count` bigint(20) unsigned DEFAULT NULL,
  `recorded_at` timestamp NOT NULL DEFAULT current_timestamp() ON UPDATE current_timestamp(),
  `created_at` timestamp NULL DEFAULT NULL,
  `updated_at` timestamp NULL DEFAULT NULL,
  PRIMARY KEY (`id`),
  KEY `ff_snapshots_entry_recorded_idx` (`following_entry_id`,`recorded_at`),
  CONSTRAINT `following_follower_snapshots_following_entry_id_foreign` FOREIGN KEY (`following_entry_id`) REFERENCES `following_entries` (`id`) ON DELETE CASCADE
) ENGINE=InnoDB AUTO_INCREMENT=52 DEFAULT CHARSET=utf8mb4 COLLATE=utf8mb4_unicode_ci;

--
-- Dumping data for table `following_follower_snapshots`
--

/*!40000 ALTER TABLE `following_follower_snapshots` DISABLE KEYS */;
INSERT INTO `following_follower_snapshots` (`id`,`following_entry_id`,`follower_count`,`following_count`,`heart_count`,`recorded_at`,`created_at`,`updated_at`) VALUES 
 (1,5,21771,419,303199,'2026-04-29 13:58:30','2026-04-29 13:58:30','2026-04-29 13:58:30'),
 (2,5,21771,419,303199,'2026-04-29 13:58:33','2026-04-29 13:58:33','2026-04-29 13:58:33'),
 (3,5,21771,419,303199,'2026-04-29 13:58:34','2026-04-29 13:58:34','2026-04-29 13:58:34'),
 (4,5,21771,419,303199,'2026-04-29 13:58:36','2026-04-29 13:58:36','2026-04-29 13:58:36'),
 (5,5,21771,419,303199,'2026-04-29 13:58:44','2026-04-29 13:58:44','2026-04-29 13:58:44'),
 (6,4,1556,696,4762,'2026-04-29 13:58:51','2026-04-29 13:58:51','2026-04-29 13:58:51'),
 (7,4,1556,696,4762,'2026-04-29 13:58:55','2026-04-29 13:58:55','2026-04-29 13:58:55'),
 (8,3,7910,5362,11666,'2026-04-29 13:58:59','2026-04-29 13:58:59','2026-04-29 13:58:59'),
 (9,3,7910,5362,11666,'2026-04-29 13:59:02','2026-04-29 13:59:02','2026-04-29 13:59:02'),
 (12,6,611,1994,977,'2026-04-29 13:59:54','2026-04-29 13:59:54','2026-04-29 13:59:54'),
 (13,7,1619,1317,2251,'2026-04-29 14:00:46','2026-04-29 14:00:46','2026-04-29 14:00:46'),
 (14,8,426,49,124,'2026-04-29 14:04:45','2026-04-29 14:04:45','2026-04-29 14:04:45'),
 (15,9,512,118,1050,'2026-04-29 14:05:59','2026-04-29 14:05:59','2026-04-29 14:05:59'),
 (16,10,410,388,1119,'2026-04-29 14:07:08','2026-04-29 14:07:08','2026-04-29 14:07:08'),
 (17,11,2175,2494,3872,'2026-04-29 14:09:28','2026-04-29 14:09:28','2026-04-29 14:09:28'),
 (18,12,102,107,0,'2026-04-29 14:10:04','2026-04-29 14:10:04','2026-04-29 14:10:04'),
 (19,13,7079,4416,118149,'2026-04-29 14:10:37','2026-04-29 14:10:37','2026-04-29 14:10:37'),
 (20,14,1356,133,5077,'2026-04-29 14:11:02','2026-04-29 14:11:02','2026-04-29 14:11:02'),
 (21,15,64,53,333,'2026-04-29 14:11:29','2026-04-29 14:11:29','2026-04-29 14:11:29'),
 (22,16,4390,4194,28681,'2026-04-29 14:11:55','2026-04-29 14:11:55','2026-04-29 14:11:55'),
 (23,17,4238,1458,34506,'2026-04-29 14:12:16','2026-04-29 14:12:16','2026-04-29 14:12:16'),
 (24,18,2261,2808,7562,'2026-04-29 14:12:31','2026-04-29 14:12:31','2026-04-29 14:12:31'),
 (25,19,1430,1254,6885,'2026-04-29 14:13:09','2026-04-29 14:13:09','2026-04-29 14:13:09'),
 (26,20,3777,219,31822,'2026-04-29 14:13:29','2026-04-29 14:13:29','2026-04-29 14:13:29'),
 (27,21,6071,5962,37123,'2026-04-29 14:13:55','2026-04-29 14:13:55','2026-04-29 14:13:55'),
 (28,22,4016,377,6842,'2026-04-29 14:14:37','2026-04-29 14:14:37','2026-04-29 14:14:37'),
 (29,23,7017,3481,41379,'2026-04-29 14:15:09','2026-04-29 14:15:09','2026-04-29 14:15:09'),
 (30,24,329,492,43,'2026-04-29 14:15:31','2026-04-29 14:15:31','2026-04-29 14:15:31'),
 (31,25,54806,101,756568,'2026-04-29 14:19:03','2026-04-29 14:19:03','2026-04-29 14:19:03'),
 (32,26,266,1076,319,'2026-04-29 14:19:35','2026-04-29 14:19:35','2026-04-29 14:19:35'),
 (33,27,54,87,0,'2026-04-29 14:20:25','2026-04-29 14:20:25','2026-04-29 14:20:25'),
 (34,28,88,964,39,'2026-04-29 14:21:07','2026-04-29 14:21:07','2026-04-29 14:21:07'),
 (35,29,5316,7,6004,'2026-04-29 14:21:29','2026-04-29 14:21:29','2026-04-29 14:21:29'),
 (36,30,2921,1290,987,'2026-04-29 14:21:53','2026-04-29 14:21:53','2026-04-29 14:21:53'),
 (37,31,808,1404,57,'2026-04-29 14:24:20','2026-04-29 14:24:20','2026-04-29 14:24:20'),
 (38,32,5395,12,20466,'2026-04-29 14:24:50','2026-04-29 14:24:50','2026-04-29 14:24:50'),
 (39,15,64,53,333,'2026-04-29 14:25:02','2026-04-29 14:25:02','2026-04-29 14:25:02'),
 (40,15,64,53,333,'2026-04-29 14:25:19','2026-04-29 14:25:19','2026-04-29 14:25:19'),
 (41,33,3467,2930,2350,'2026-04-29 14:34:12','2026-04-29 14:34:12','2026-04-29 14:34:12'),
 (42,34,342,203,11,'2026-04-29 14:42:13','2026-04-29 14:42:13','2026-04-29 14:42:13'),
 (43,35,1,2,0,'2026-04-29 14:42:36','2026-04-29 14:42:36','2026-04-29 14:42:36'),
 (44,36,4380,170,14243,'2026-04-29 14:43:44','2026-04-29 14:43:44','2026-04-29 14:43:44'),
 (45,37,1092,779,371,'2026-04-29 14:44:02','2026-04-29 14:44:02','2026-04-29 14:44:02'),
 (46,38,390,328,266,'2026-04-29 14:44:17','2026-04-29 14:44:17','2026-04-29 14:44:17'),
 (47,39,1638,271,7608,'2026-04-29 14:44:43','2026-04-29 14:44:43','2026-04-29 14:44:43'),
 (48,40,46808,9979,157456,'2026-05-01 09:13:38','2026-05-01 09:13:38','2026-05-01 09:13:38'),
 (49,41,13241,1829,82156,'2026-05-01 09:19:16','2026-05-01 09:19:16','2026-05-01 09:19:16'),
 (50,5,21773,418,303621,'2026-05-01 09:25:22','2026-05-01 09:25:22','2026-05-01 09:25:22'),
 (51,5,21773,418,303621,'2026-05-01 09:25:30','2026-05-01 09:25:30','2026-05-01 09:25:30');
/*!40000 ALTER TABLE `following_follower_snapshots` ENABLE KEYS */;


--
-- Definition of table `follows`
--

DROP TABLE IF EXISTS `follows`;
CREATE TABLE `follows` (
  `id` bigint(20) unsigned NOT NULL AUTO_INCREMENT,
  `follower_id` bigint(20) unsigned NOT NULL,
  `creator_id` bigint(20) unsigned NOT NULL,
  `personal_note` text DEFAULT NULL,
  `tags` longtext CHARACTER SET utf8mb4 COLLATE utf8mb4_bin DEFAULT NULL CHECK (json_valid(`tags`)),
  `created_at` timestamp NULL DEFAULT NULL,
  `updated_at` timestamp NULL DEFAULT NULL,
  PRIMARY KEY (`id`),
  UNIQUE KEY `follows_follower_id_creator_id_unique` (`follower_id`,`creator_id`),
  KEY `follows_creator_id_foreign` (`creator_id`),
  CONSTRAINT `follows_creator_id_foreign` FOREIGN KEY (`creator_id`) REFERENCES `users` (`id`) ON DELETE CASCADE,
  CONSTRAINT `follows_follower_id_foreign` FOREIGN KEY (`follower_id`) REFERENCES `users` (`id`) ON DELETE CASCADE
) ENGINE=InnoDB AUTO_INCREMENT=171 DEFAULT CHARSET=utf8mb4 COLLATE=utf8mb4_unicode_ci;

--
-- Dumping data for table `follows`
--

/*!40000 ALTER TABLE `follows` DISABLE KEYS */;
INSERT INTO `follows` (`id`,`follower_id`,`creator_id`,`personal_note`,`tags`,`created_at`,`updated_at`) VALUES 
 (1,1,28,NULL,NULL,'2026-02-01 15:08:53','2026-03-21 15:08:53'),
 (2,2,25,NULL,NULL,'2026-01-27 15:08:53','2026-03-21 15:08:53'),
 (3,3,18,NULL,NULL,'2026-02-26 15:08:53','2026-03-21 15:08:53'),
 (4,4,31,NULL,NULL,'2026-01-01 15:08:53','2026-03-21 15:08:53'),
 (5,5,26,NULL,NULL,'2026-01-30 15:08:53','2026-03-21 15:08:53'),
 (6,6,28,NULL,NULL,'2026-01-18 15:08:53','2026-03-21 15:08:53'),
 (7,7,30,NULL,NULL,'2026-01-09 15:08:53','2026-03-21 15:08:53'),
 (8,8,2,NULL,NULL,'2026-01-16 15:08:53','2026-03-21 15:08:53'),
 (9,9,28,NULL,NULL,'2026-01-20 15:08:53','2026-03-21 15:08:53'),
 (10,10,6,NULL,NULL,'2026-01-22 15:08:53','2026-03-21 15:08:53'),
 (11,11,9,NULL,NULL,'2026-01-30 15:08:53','2026-03-21 15:08:53'),
 (12,12,4,NULL,NULL,'2026-02-25 15:08:53','2026-03-21 15:08:53'),
 (13,13,7,NULL,NULL,'2026-02-25 15:08:53','2026-03-21 15:08:53'),
 (14,14,12,NULL,NULL,'2026-02-04 15:08:53','2026-03-21 15:08:53'),
 (15,15,24,NULL,NULL,'2026-01-06 15:08:53','2026-03-21 15:08:53'),
 (16,16,4,NULL,NULL,'2026-03-10 15:08:53','2026-03-21 15:08:53'),
 (17,17,1,NULL,NULL,'2026-01-17 15:08:53','2026-03-21 15:08:53'),
 (18,18,10,NULL,NULL,'2026-02-12 15:08:53','2026-03-21 15:08:53'),
 (19,19,15,NULL,NULL,'2026-02-05 15:08:53','2026-03-21 15:08:53'),
 (20,20,13,NULL,NULL,'2026-02-07 15:08:53','2026-03-21 15:08:53'),
 (21,21,1,NULL,NULL,'2025-12-25 15:08:53','2026-03-21 15:08:53'),
 (22,22,32,NULL,NULL,'2026-01-13 15:08:53','2026-03-21 15:08:53'),
 (23,23,15,NULL,NULL,'2026-02-11 15:08:53','2026-03-21 15:08:53'),
 (24,24,30,NULL,NULL,'2026-01-20 15:08:53','2026-03-21 15:08:53'),
 (25,25,27,NULL,NULL,'2026-02-24 15:08:53','2026-03-21 15:08:53'),
 (26,26,18,NULL,NULL,'2026-02-22 15:08:53','2026-03-21 15:08:53'),
 (27,27,17,NULL,NULL,'2026-02-12 15:08:53','2026-03-21 15:08:53'),
 (28,28,21,NULL,NULL,'2026-02-01 15:08:53','2026-03-21 15:08:53'),
 (29,29,23,NULL,NULL,'2026-01-27 15:08:53','2026-03-21 15:08:53'),
 (30,30,23,NULL,NULL,'2026-02-12 15:08:53','2026-03-21 15:08:53'),
 (31,31,18,NULL,NULL,'2026-02-06 15:08:53','2026-03-21 15:08:53'),
 (32,32,27,NULL,NULL,'2026-03-10 15:08:53','2026-03-21 15:08:53'),
 (33,8,1,NULL,NULL,'2026-01-21 15:08:53','2026-03-21 15:08:53'),
 (34,16,2,NULL,NULL,'2026-02-19 15:08:53','2026-03-21 15:08:53'),
 (35,4,3,NULL,NULL,'2026-01-13 15:08:53','2026-03-21 15:08:53'),
 (36,29,4,NULL,NULL,'2026-02-22 15:08:53','2026-03-21 15:08:53'),
 (37,24,5,NULL,NULL,'2026-03-12 15:08:53','2026-03-21 15:08:53'),
 (38,13,6,NULL,NULL,'2026-02-11 15:08:53','2026-03-21 15:08:53'),
 (39,32,7,NULL,NULL,'2026-01-04 15:08:53','2026-03-21 15:08:53'),
 (40,12,8,NULL,NULL,'2026-02-25 15:08:53','2026-03-21 15:08:53'),
 (41,17,9,NULL,NULL,'2026-02-07 15:08:53','2026-03-21 15:08:53'),
 (42,32,10,NULL,NULL,'2026-02-15 15:08:53','2026-03-21 15:08:53'),
 (43,17,11,NULL,NULL,'2026-01-22 15:08:53','2026-03-21 15:08:53'),
 (44,8,12,NULL,NULL,'2026-02-22 15:08:53','2026-03-21 15:08:53'),
 (45,18,13,NULL,NULL,'2026-03-03 15:08:53','2026-03-21 15:08:53'),
 (46,12,14,NULL,NULL,'2026-01-14 15:08:53','2026-03-21 15:08:53'),
 (47,27,15,NULL,NULL,'2026-03-05 15:08:53','2026-03-21 15:08:53'),
 (48,15,16,NULL,NULL,'2026-02-19 15:08:53','2026-03-21 15:08:53'),
 (49,10,17,NULL,NULL,'2026-03-20 15:08:53','2026-03-21 15:08:53'),
 (50,29,18,NULL,NULL,'2025-12-28 15:08:53','2026-03-21 15:08:53'),
 (51,12,19,NULL,NULL,'2026-01-09 15:08:53','2026-03-21 15:08:53'),
 (52,21,20,NULL,NULL,'2026-03-05 15:08:53','2026-03-21 15:08:53'),
 (53,19,21,NULL,NULL,'2025-12-23 15:08:53','2026-03-21 15:08:53'),
 (54,28,22,NULL,NULL,'2026-03-20 15:08:53','2026-03-21 15:08:53'),
 (55,32,23,NULL,NULL,'2026-03-15 15:08:53','2026-03-21 15:08:53'),
 (56,30,24,NULL,NULL,'2026-01-25 15:08:53','2026-03-21 15:08:53'),
 (57,5,25,NULL,NULL,'2026-02-24 15:08:53','2026-03-21 15:08:53'),
 (58,13,26,NULL,NULL,'2026-01-23 15:08:53','2026-03-21 15:08:53'),
 (59,17,27,NULL,NULL,'2026-03-08 15:08:53','2026-03-21 15:08:53'),
 (60,7,28,NULL,NULL,'2026-03-10 15:08:53','2026-03-21 15:08:53'),
 (61,25,29,NULL,NULL,'2026-01-16 15:08:53','2026-03-21 15:08:53'),
 (62,21,30,NULL,NULL,'2026-02-24 15:08:53','2026-03-21 15:08:53'),
 (63,1,31,NULL,NULL,'2026-01-26 15:08:53','2026-03-21 15:08:53'),
 (64,25,32,NULL,NULL,'2026-01-08 15:08:53','2026-03-21 15:08:53'),
 (65,29,19,NULL,NULL,'2026-02-11 15:08:53','2026-03-21 15:08:53'),
 (66,3,25,NULL,NULL,'2026-03-21 15:08:53','2026-03-21 15:08:53'),
 (67,3,7,NULL,NULL,'2026-01-30 15:08:53','2026-03-21 15:08:53'),
 (68,15,6,NULL,NULL,'2026-02-11 15:08:53','2026-03-21 15:08:53'),
 (69,5,9,NULL,NULL,'2026-01-01 15:08:53','2026-03-21 15:08:53'),
 (70,18,11,NULL,NULL,'2026-01-01 15:08:53','2026-03-21 15:08:53'),
 (71,7,6,NULL,NULL,'2026-01-30 15:08:53','2026-03-21 15:08:53'),
 (72,22,19,NULL,NULL,'2026-03-10 15:08:53','2026-03-21 15:08:53'),
 (73,1,25,NULL,NULL,'2026-02-09 15:08:53','2026-03-21 15:08:53'),
 (74,22,24,NULL,NULL,'2025-12-27 15:08:53','2026-03-21 15:08:53'),
 (75,2,9,NULL,NULL,'2026-01-23 15:08:53','2026-03-21 15:08:53'),
 (76,4,32,NULL,NULL,'2025-12-31 15:08:53','2026-03-21 15:08:53'),
 (77,4,17,NULL,NULL,'2026-03-10 15:08:53','2026-03-21 15:08:53'),
 (78,29,15,NULL,NULL,'2026-02-23 15:08:53','2026-03-21 15:08:53'),
 (79,12,17,NULL,NULL,'2026-01-20 15:08:53','2026-03-21 15:08:53'),
 (80,18,5,NULL,NULL,'2026-02-24 15:08:53','2026-03-21 15:08:53'),
 (81,30,17,NULL,NULL,'2026-03-18 15:08:53','2026-03-21 15:08:53'),
 (82,4,15,NULL,NULL,'2026-03-11 15:08:53','2026-03-21 15:08:53'),
 (83,22,4,NULL,NULL,'2026-03-14 15:08:53','2026-03-21 15:08:53'),
 (84,17,31,NULL,NULL,'2026-03-01 15:08:53','2026-03-21 15:08:53'),
 (85,27,6,NULL,NULL,'2026-01-14 15:08:53','2026-03-21 15:08:53'),
 (86,19,5,NULL,NULL,'2026-01-16 15:08:53','2026-03-21 15:08:53'),
 (87,32,1,NULL,NULL,'2026-03-20 15:08:53','2026-03-21 15:08:53'),
 (88,28,7,NULL,NULL,'2026-03-10 15:08:53','2026-03-21 15:08:53'),
 (89,4,16,NULL,NULL,'2026-02-28 15:08:53','2026-03-21 15:08:53'),
 (90,3,12,NULL,NULL,'2026-01-22 15:08:53','2026-03-21 15:08:53'),
 (91,28,3,NULL,NULL,'2026-02-12 15:08:53','2026-03-21 15:08:53'),
 (92,30,19,NULL,NULL,'2026-02-28 15:08:53','2026-03-21 15:08:53'),
 (93,11,4,NULL,NULL,'2026-01-28 15:08:53','2026-03-21 15:08:53'),
 (94,14,24,NULL,NULL,'2026-02-06 15:08:53','2026-03-21 15:08:53'),
 (95,4,14,NULL,NULL,'2026-02-06 15:08:53','2026-03-21 15:08:53'),
 (96,26,16,NULL,NULL,'2026-01-08 15:08:53','2026-03-21 15:08:53'),
 (97,20,14,NULL,NULL,'2026-02-16 15:08:53','2026-03-21 15:08:53'),
 (98,20,3,NULL,NULL,'2026-01-31 15:08:53','2026-03-21 15:08:53'),
 (99,21,29,NULL,NULL,'2026-01-14 15:08:53','2026-03-21 15:08:53'),
 (100,31,21,NULL,NULL,'2026-03-15 15:08:53','2026-03-21 15:08:53'),
 (101,25,14,NULL,NULL,'2026-03-21 15:08:53','2026-03-21 15:08:53'),
 (102,25,31,NULL,NULL,'2026-03-03 15:08:53','2026-03-21 15:08:53'),
 (103,9,15,NULL,NULL,'2025-12-22 15:08:53','2026-03-21 15:08:53'),
 (104,29,25,NULL,NULL,'2026-02-28 15:08:53','2026-03-21 15:08:53'),
 (105,25,10,NULL,NULL,'2026-03-07 15:08:53','2026-03-21 15:08:53'),
 (106,5,3,NULL,NULL,'2026-01-16 15:08:53','2026-03-21 15:08:53'),
 (107,15,29,NULL,NULL,'2026-02-28 15:08:53','2026-03-21 15:08:53'),
 (108,12,6,NULL,NULL,'2026-03-14 15:08:53','2026-03-21 15:08:53'),
 (109,1,26,NULL,NULL,'2026-03-18 15:08:53','2026-03-21 15:08:53'),
 (110,28,2,NULL,NULL,'2026-01-23 15:08:53','2026-03-21 15:08:53'),
 (111,3,22,NULL,NULL,'2026-01-12 15:08:53','2026-03-21 15:08:53'),
 (112,15,27,NULL,NULL,'2026-03-20 15:08:53','2026-03-21 15:08:53'),
 (113,13,16,NULL,NULL,'2026-01-05 15:08:53','2026-03-21 15:08:53'),
 (114,5,29,NULL,NULL,'2026-03-18 15:08:53','2026-03-21 15:08:53'),
 (115,30,14,NULL,NULL,'2026-01-27 15:08:53','2026-03-21 15:08:53'),
 (116,15,30,NULL,NULL,'2026-02-24 15:08:53','2026-03-21 15:08:53'),
 (117,32,13,NULL,NULL,'2026-01-08 15:08:53','2026-03-21 15:08:53'),
 (118,12,23,NULL,NULL,'2026-01-16 15:08:53','2026-03-21 15:08:53'),
 (119,11,23,NULL,NULL,'2026-02-16 15:08:53','2026-03-21 15:08:53'),
 (120,17,21,NULL,NULL,'2026-02-03 15:08:53','2026-03-21 15:08:53'),
 (121,31,11,NULL,NULL,'2026-01-24 15:08:53','2026-03-21 15:08:53'),
 (122,1,20,NULL,NULL,'2026-02-23 15:08:53','2026-03-21 15:08:53'),
 (123,6,25,NULL,NULL,'2025-12-27 15:08:53','2026-03-21 15:08:53'),
 (124,29,21,NULL,NULL,'2026-02-08 15:08:53','2026-03-21 15:08:53'),
 (125,23,22,NULL,NULL,'2026-01-17 15:08:53','2026-03-21 15:08:53'),
 (126,1,3,NULL,NULL,'2025-12-26 15:08:53','2026-03-21 15:08:53'),
 (127,5,21,NULL,NULL,'2026-03-13 15:08:53','2026-03-21 15:08:53'),
 (128,21,22,NULL,NULL,'2026-02-02 15:08:53','2026-03-21 15:08:53'),
 (129,2,21,NULL,NULL,'2026-01-20 15:08:53','2026-03-21 15:08:53'),
 (130,27,16,NULL,NULL,'2026-02-03 15:08:53','2026-03-21 15:08:53'),
 (131,21,24,NULL,NULL,'2025-12-29 15:08:53','2026-03-21 15:08:53'),
 (132,30,20,NULL,NULL,'2026-02-25 15:08:53','2026-03-21 15:08:53'),
 (133,7,29,NULL,NULL,'2025-12-31 15:08:53','2026-03-21 15:08:53'),
 (134,8,24,NULL,NULL,'2026-03-11 15:08:53','2026-03-21 15:08:53'),
 (135,12,24,NULL,NULL,'2026-03-21 15:08:53','2026-03-21 15:08:53'),
 (136,4,24,NULL,NULL,'2026-01-11 15:08:53','2026-03-21 15:08:53'),
 (137,23,19,NULL,NULL,'2026-01-16 15:08:53','2026-03-21 15:08:53'),
 (138,27,19,NULL,NULL,'2026-03-18 15:08:53','2026-03-21 15:08:53'),
 (139,1,16,NULL,NULL,'2026-01-29 15:08:53','2026-03-21 15:08:53'),
 (140,31,4,NULL,NULL,'2026-02-14 15:08:53','2026-03-21 15:08:53'),
 (141,23,28,NULL,NULL,'2026-01-03 15:08:53','2026-03-21 15:08:53'),
 (142,13,12,NULL,NULL,'2025-12-25 15:08:53','2026-03-21 15:08:53'),
 (143,6,23,NULL,NULL,'2025-12-23 15:08:53','2026-03-21 15:08:53'),
 (144,12,22,NULL,NULL,'2026-03-09 15:08:53','2026-03-21 15:08:53'),
 (145,10,13,NULL,NULL,'2026-03-02 15:08:53','2026-03-21 15:08:53'),
 (146,31,30,NULL,NULL,'2026-03-03 15:08:53','2026-03-21 15:08:53'),
 (147,27,22,NULL,NULL,'2026-01-16 15:08:53','2026-03-21 15:08:53'),
 (148,1,9,NULL,NULL,'2026-03-21 15:08:53','2026-03-21 15:08:53'),
 (149,9,26,NULL,NULL,'2026-01-12 15:08:53','2026-03-21 15:08:53'),
 (150,31,16,NULL,NULL,'2026-03-18 15:08:53','2026-03-21 15:08:53'),
 (151,20,19,NULL,NULL,'2026-03-03 15:08:53','2026-03-21 15:08:53'),
 (152,8,23,NULL,NULL,'2026-01-27 15:08:53','2026-03-21 15:08:53'),
 (153,13,4,NULL,NULL,'2026-01-19 15:08:53','2026-03-21 15:08:53'),
 (154,5,1,NULL,NULL,'2026-01-05 15:08:53','2026-03-21 15:08:53'),
 (155,16,6,NULL,NULL,'2026-02-19 15:08:53','2026-03-21 15:08:53'),
 (156,24,14,NULL,NULL,'2026-02-28 15:08:53','2026-03-21 15:08:53'),
 (157,16,23,NULL,NULL,'2026-02-18 15:08:53','2026-03-21 15:08:53'),
 (158,1,18,NULL,NULL,'2026-02-04 15:08:53','2026-03-21 15:08:53'),
 (159,9,17,NULL,NULL,'2026-02-16 15:08:53','2026-03-21 15:08:53'),
 (160,14,6,NULL,NULL,'2026-01-09 15:08:53','2026-03-21 15:08:53'),
 (161,12,18,NULL,NULL,'2025-12-30 15:08:53','2026-03-21 15:08:53'),
 (162,25,28,NULL,NULL,'2026-01-14 15:08:53','2026-03-21 15:08:53'),
 (163,21,26,NULL,NULL,'2026-03-20 15:08:53','2026-03-21 15:08:53'),
 (164,3,5,NULL,NULL,'2026-03-12 15:08:53','2026-03-21 15:08:53'),
 (165,25,19,NULL,NULL,'2026-02-17 15:08:53','2026-03-21 15:08:53'),
 (166,20,18,NULL,NULL,'2026-01-02 15:08:53','2026-03-21 15:08:53'),
 (167,22,7,NULL,NULL,'2026-01-18 15:08:53','2026-03-21 15:08:53'),
 (168,21,13,NULL,NULL,'2026-01-15 15:08:53','2026-03-21 15:08:53'),
 (169,12,25,NULL,NULL,'2026-01-08 15:08:53','2026-03-21 15:08:53'),
 (170,27,9,NULL,NULL,'2026-01-11 15:08:53','2026-03-21 15:08:53');
/*!40000 ALTER TABLE `follows` ENABLE KEYS */;


--
-- Definition of table `job_batches`
--

DROP TABLE IF EXISTS `job_batches`;
CREATE TABLE `job_batches` (
  `id` varchar(255) NOT NULL,
  `name` varchar(255) NOT NULL,
  `total_jobs` int(11) NOT NULL,
  `pending_jobs` int(11) NOT NULL,
  `failed_jobs` int(11) NOT NULL,
  `failed_job_ids` longtext NOT NULL,
  `options` mediumtext DEFAULT NULL,
  `cancelled_at` int(11) DEFAULT NULL,
  `created_at` int(11) NOT NULL,
  `finished_at` int(11) DEFAULT NULL,
  PRIMARY KEY (`id`)
) ENGINE=InnoDB DEFAULT CHARSET=utf8mb4 COLLATE=utf8mb4_unicode_ci;

--
-- Dumping data for table `job_batches`
--

/*!40000 ALTER TABLE `job_batches` DISABLE KEYS */;
/*!40000 ALTER TABLE `job_batches` ENABLE KEYS */;


--
-- Definition of table `jobs`
--

DROP TABLE IF EXISTS `jobs`;
CREATE TABLE `jobs` (
  `id` bigint(20) unsigned NOT NULL AUTO_INCREMENT,
  `queue` varchar(255) NOT NULL,
  `payload` longtext NOT NULL,
  `attempts` tinyint(3) unsigned NOT NULL,
  `reserved_at` int(10) unsigned DEFAULT NULL,
  `available_at` int(10) unsigned NOT NULL,
  `created_at` int(10) unsigned NOT NULL,
  PRIMARY KEY (`id`),
  KEY `jobs_queue_index` (`queue`)
) ENGINE=InnoDB DEFAULT CHARSET=utf8mb4 COLLATE=utf8mb4_unicode_ci;

--
-- Dumping data for table `jobs`
--

/*!40000 ALTER TABLE `jobs` DISABLE KEYS */;
/*!40000 ALTER TABLE `jobs` ENABLE KEYS */;


--
-- Definition of table `live_announcements`
--

DROP TABLE IF EXISTS `live_announcements`;
CREATE TABLE `live_announcements` (
  `id` bigint(20) unsigned NOT NULL AUTO_INCREMENT,
  `user_id` bigint(20) unsigned NOT NULL,
  `title` varchar(255) NOT NULL,
  `scheduled_at` timestamp NOT NULL DEFAULT current_timestamp() ON UPDATE current_timestamp(),
  `description` text DEFAULT NULL,
  `created_at` timestamp NULL DEFAULT NULL,
  `updated_at` timestamp NULL DEFAULT NULL,
  PRIMARY KEY (`id`)
) ENGINE=InnoDB AUTO_INCREMENT=41 DEFAULT CHARSET=utf8mb4 COLLATE=utf8mb4_unicode_ci;

--
-- Dumping data for table `live_announcements`
--

/*!40000 ALTER TABLE `live_announcements` DISABLE KEYS */;
INSERT INTO `live_announcements` (`id`,`user_id`,`title`,`scheduled_at`,`description`,`created_at`,`updated_at`) VALUES 
 (1,1,'Q&A en vivo','2026-05-14 22:00:00','Saepe ea aut occaecati ex pariatur maiores pariatur nisi inventore consequatur.','2026-03-12 15:08:52','2026-03-21 15:08:52'),
 (2,2,'Q&A en vivo','2026-05-17 21:00:00','Quaerat nobis accusantium aut ut consectetur sit dolor facere.','2026-03-19 15:08:52','2026-03-21 15:08:52'),
 (3,3,'Q&A en vivo','2026-05-05 21:00:00',NULL,'2026-03-18 15:08:52','2026-03-21 15:08:52'),
 (4,4,'Directo sorpresa','2026-04-19 22:00:00','Voluptas tempora nam error sunt nostrum hic omnis neque.','2026-03-16 15:08:52','2026-03-21 15:08:52'),
 (5,5,'Colaboración especial','2026-05-17 22:00:00','Temporibus nisi quaerat porro ipsam.','2026-03-19 15:08:52','2026-03-21 15:08:52'),
 (6,6,'Directo sorpresa','2026-04-17 18:00:00','Quod animi ut quae laudantium temporibus perferendis doloribus ducimus.','2026-03-20 15:08:52','2026-03-21 15:08:52'),
 (7,7,'Q&A en vivo','2026-04-14 22:00:00',NULL,'2026-03-21 15:08:52','2026-03-21 15:08:52'),
 (8,8,'Tutorial en vivo','2026-04-30 18:00:00','Adipisci aut nostrum sit neque voluptates voluptas non laudantium reiciendis assumenda.','2026-03-21 15:08:52','2026-03-21 15:08:52'),
 (9,9,'Directo sorpresa','2026-05-03 18:00:00','Accusamus error dignissimos dolor inventore eos.','2026-03-20 15:08:52','2026-03-21 15:08:52'),
 (10,10,'Nuevo proyecto','2026-05-18 20:00:00','Id aut voluptatibus voluptatem pariatur dolorem praesentium.','2026-03-12 15:08:52','2026-03-21 15:08:52'),
 (11,11,'Tutorial en vivo','2026-05-05 22:00:00','Reprehenderit animi nostrum est accusamus voluptatum esse nihil voluptate delectus sunt.','2026-03-12 15:08:52','2026-03-21 15:08:52'),
 (12,12,'Tutorial en vivo','2026-05-10 21:00:00',NULL,'2026-03-12 15:08:52','2026-03-21 15:08:52'),
 (13,13,'Colaboración especial','2026-05-20 20:00:00','Omnis voluptatem odio id reiciendis suscipit omnis et.','2026-03-18 15:08:52','2026-03-21 15:08:52'),
 (14,14,'Directo sorpresa','2026-05-02 22:00:00',NULL,'2026-03-20 15:08:52','2026-03-21 15:08:52'),
 (15,15,'Colaboración especial','2026-04-08 18:00:00','In sunt corporis dolores est nam.','2026-03-12 15:08:52','2026-03-21 15:08:52'),
 (16,16,'Nuevo proyecto','2026-04-13 21:00:00','Facere laboriosam accusamus sunt consequuntur aut.','2026-03-17 15:08:52','2026-03-21 15:08:52'),
 (17,17,'Q&A en vivo','2026-04-05 18:00:00','Laudantium accusamus dolorum et quisquam dolorum.','2026-03-17 15:08:52','2026-03-21 15:08:52'),
 (18,18,'Nuevo proyecto','2026-04-28 19:00:00','Vel fuga possimus sed consequatur sed voluptatem est aut recusandae tempora.','2026-03-11 15:08:52','2026-03-21 15:08:52'),
 (19,19,'Tutorial en vivo','2026-03-24 21:00:00','Accusamus possimus consectetur maxime et molestiae tempore voluptatum sequi ut veniam.','2026-03-15 15:08:52','2026-03-21 15:08:52'),
 (20,20,'Q&A en vivo','2026-05-05 21:00:00','Autem inventore nihil illum eum est nulla laboriosam dignissimos suscipit aut.','2026-03-21 15:08:52','2026-03-21 15:08:52'),
 (21,21,'Colaboración especial','2026-04-24 19:00:00',NULL,'2026-03-15 15:08:52','2026-03-21 15:08:52'),
 (22,22,'Tutorial en vivo','2026-03-30 20:00:00',NULL,'2026-03-17 15:08:52','2026-03-21 15:08:52'),
 (23,23,'Nuevo proyecto','2026-05-13 20:00:00','Sequi dolorum qui est sit provident illum.','2026-03-15 15:08:52','2026-03-21 15:08:52'),
 (24,24,'Q&A en vivo','2026-05-04 18:00:00',NULL,'2026-03-16 15:08:52','2026-03-21 15:08:52'),
 (25,25,'Nuevo proyecto','2026-05-16 19:00:00','Rerum minus perspiciatis est ipsum ut atque alias et tenetur.','2026-03-19 15:08:52','2026-03-21 15:08:52'),
 (26,26,'Nuevo proyecto','2026-03-30 20:00:00','Praesentium facilis ipsam placeat quam blanditiis quam.','2026-03-11 15:08:52','2026-03-21 15:08:52'),
 (27,27,'Colaboración especial','2026-04-28 22:00:00','Inventore ipsum est dolor est nostrum est quae vero molestiae enim.','2026-03-15 15:08:52','2026-03-21 15:08:52'),
 (28,28,'Nuevo proyecto','2026-05-16 21:00:00',NULL,'2026-03-17 15:08:52','2026-03-21 15:08:52'),
 (29,29,'Tutorial en vivo','2026-05-16 22:00:00','Ut explicabo perferendis porro qui voluptas rerum quia facilis.','2026-03-11 15:08:52','2026-03-21 15:08:52'),
 (30,30,'Colaboración especial','2026-05-06 18:00:00','Voluptas qui ipsum officia nam aliquam perferendis quia.','2026-03-16 15:08:52','2026-03-21 15:08:52'),
 (31,31,'Colaboración especial','2026-05-08 18:00:00','Ea vero ullam est repudiandae aut non nihil.','2026-03-11 15:08:52','2026-03-21 15:08:52'),
 (32,32,'Q&A en vivo','2026-03-28 19:00:00',NULL,'2026-03-18 15:08:52','2026-03-21 15:08:52'),
 (33,28,'Tutorial en vivo – 21/03','2026-04-07 19:00:00',NULL,'2026-03-20 15:08:52','2026-03-21 15:08:52'),
 (34,21,'Directo sorpresa – 22/03','2026-05-12 18:00:00','Nobis commodi est ut doloremque autem et dolores quisquam odit quo.','2026-03-11 15:08:52','2026-03-21 15:08:52'),
 (35,18,'Colaboración especial – 23/03','2026-05-14 22:00:00','Qui debitis ipsum aut dolor quos et sint magni reiciendis.','2026-03-21 15:08:52','2026-03-21 15:08:52'),
 (36,30,'Q&A en vivo – 24/03','2026-03-23 21:00:00',NULL,'2026-03-14 15:08:52','2026-03-21 15:08:52'),
 (37,31,'Directo sorpresa – 25/03','2026-05-16 19:00:00',NULL,'2026-03-12 15:08:52','2026-03-21 15:08:52'),
 (38,27,'Nuevo proyecto – 26/03','2026-04-16 18:00:00','Deleniti explicabo optio rerum et et laborum distinctio.','2026-03-15 15:08:52','2026-03-21 15:08:52'),
 (39,30,'Q&A en vivo – 27/03','2026-03-23 22:00:00','Ea reprehenderit omnis fugit alias voluptate ea expedita modi rerum dolorem.','2026-03-16 15:08:52','2026-03-21 15:08:52'),
 (40,12,'Q&A en vivo – 28/03','2026-04-29 21:00:00','Atque dolor vel aut et pariatur magni omnis corporis repellendus quasi fuga.','2026-03-13 15:08:52','2026-03-21 15:08:52');
/*!40000 ALTER TABLE `live_announcements` ENABLE KEYS */;


--
-- Definition of table `media`
--

DROP TABLE IF EXISTS `media`;
CREATE TABLE `media` (
  `id` bigint(20) unsigned NOT NULL AUTO_INCREMENT,
  `model_type` varchar(255) NOT NULL,
  `model_id` bigint(20) unsigned NOT NULL,
  `uuid` char(36) DEFAULT NULL,
  `collection_name` varchar(255) NOT NULL,
  `name` varchar(255) NOT NULL,
  `file_name` varchar(255) NOT NULL,
  `mime_type` varchar(255) DEFAULT NULL,
  `disk` varchar(255) NOT NULL,
  `conversions_disk` varchar(255) DEFAULT NULL,
  `size` bigint(20) unsigned NOT NULL,
  `manipulations` longtext CHARACTER SET utf8mb4 COLLATE utf8mb4_bin NOT NULL CHECK (json_valid(`manipulations`)),
  `custom_properties` longtext CHARACTER SET utf8mb4 COLLATE utf8mb4_bin NOT NULL CHECK (json_valid(`custom_properties`)),
  `generated_conversions` longtext CHARACTER SET utf8mb4 COLLATE utf8mb4_bin NOT NULL CHECK (json_valid(`generated_conversions`)),
  `responsive_images` longtext CHARACTER SET utf8mb4 COLLATE utf8mb4_bin NOT NULL CHECK (json_valid(`responsive_images`)),
  `order_column` int(10) unsigned DEFAULT NULL,
  `created_at` timestamp NULL DEFAULT NULL,
  `updated_at` timestamp NULL DEFAULT NULL,
  PRIMARY KEY (`id`),
  UNIQUE KEY `media_uuid_unique` (`uuid`),
  KEY `media_model_type_model_id_index` (`model_type`,`model_id`),
  KEY `media_order_column_index` (`order_column`)
) ENGINE=InnoDB DEFAULT CHARSET=utf8mb4 COLLATE=utf8mb4_unicode_ci;

--
-- Dumping data for table `media`
--

/*!40000 ALTER TABLE `media` DISABLE KEYS */;
/*!40000 ALTER TABLE `media` ENABLE KEYS */;


--
-- Definition of table `messages`
--

DROP TABLE IF EXISTS `messages`;
CREATE TABLE `messages` (
  `id` bigint(20) unsigned NOT NULL AUTO_INCREMENT,
  `from_user_id` bigint(20) unsigned DEFAULT NULL,
  `to_user_id` bigint(20) unsigned NOT NULL,
  `content` text NOT NULL,
  `channel` enum('whatsapp') NOT NULL,
  `status` enum('pending','sent','failed') NOT NULL DEFAULT 'pending',
  `created_at` timestamp NULL DEFAULT NULL,
  `updated_at` timestamp NULL DEFAULT NULL,
  PRIMARY KEY (`id`)
) ENGINE=InnoDB AUTO_INCREMENT=46 DEFAULT CHARSET=utf8mb4 COLLATE=utf8mb4_unicode_ci;

--
-- Dumping data for table `messages`
--

/*!40000 ALTER TABLE `messages` DISABLE KEYS */;
INSERT INTO `messages` (`id`,`from_user_id`,`to_user_id`,`content`,`channel`,`status`,`created_at`,`updated_at`) VALUES 
 (1,20,9,'Excepturi omnis ducimus doloremque blanditiis expedita quia excepturi.','whatsapp','sent','2026-02-22 15:08:52','2026-03-21 15:08:52'),
 (2,6,8,'Inventore porro enim exercitationem aut minima natus ut est aut nemo quos et omnis.','whatsapp','sent','2026-02-20 15:08:52','2026-03-21 15:08:52'),
 (3,16,19,'Molestias quia recusandae reprehenderit repudiandae itaque.','whatsapp','sent','2026-03-01 15:08:52','2026-03-21 15:08:52'),
 (4,18,13,'Similique assumenda sunt culpa vitae.','whatsapp','sent','2026-02-11 15:08:52','2026-03-21 15:08:52'),
 (5,23,19,'Delectus tenetur cupiditate voluptas officia accusantium consequatur accusamus.','whatsapp','sent','2026-02-05 15:08:52','2026-03-21 15:08:52'),
 (6,15,7,'Et qui est omnis non quisquam fuga vel et sapiente et corrupti et accusamus suscipit reprehenderit qui officiis qui repellendus repellendus consectetur officia veniam.','whatsapp','sent','2026-03-10 15:08:52','2026-03-21 15:08:52'),
 (7,27,9,'Ab reiciendis et fuga rerum veniam provident voluptas eum porro id veniam officiis.','whatsapp','pending','2026-03-18 15:08:52','2026-03-21 15:08:52'),
 (8,14,27,'Dicta atque sed nulla nobis blanditiis quia magnam voluptas dolores repellendus itaque ut dolor nihil odit dicta quidem deleniti excepturi sed vel quos inventore.','whatsapp','sent','2026-02-13 15:08:52','2026-03-21 15:08:52'),
 (9,4,3,'Sed impedit esse reprehenderit quasi.','whatsapp','sent','2026-02-13 15:08:52','2026-03-21 15:08:52'),
 (10,13,6,'Alias delectus vero et perferendis laudantium qui dolores illum id asperiores pariatur vitae tenetur.','whatsapp','pending','2026-02-15 15:08:52','2026-03-21 15:08:52'),
 (11,4,24,'Atque voluptas ratione neque est consectetur labore sit voluptas repudiandae illum nostrum omnis eos itaque.','whatsapp','sent','2026-02-09 15:08:52','2026-03-21 15:08:52'),
 (12,17,6,'Aliquam iure officiis a maiores a asperiores vero eum sit in eaque harum dolores aliquid esse dolor occaecati ex.','whatsapp','sent','2026-02-17 15:08:52','2026-03-21 15:08:52'),
 (13,4,25,'Alias veritatis enim qui tenetur at omnis rerum.','whatsapp','sent','2026-02-24 15:08:52','2026-03-21 15:08:52'),
 (14,7,19,'Architecto ab totam nihil placeat eius vel est et aut exercitationem qui nisi at vel qui omnis consequuntur nisi sit nihil necessitatibus.','whatsapp','sent','2026-02-24 15:08:52','2026-03-21 15:08:52'),
 (15,26,20,'Similique mollitia excepturi inventore qui in distinctio.','whatsapp','sent','2026-03-14 15:08:52','2026-03-21 15:08:52'),
 (16,13,1,'Incidunt eum et rerum unde illum iure quia porro quos iste qui impedit earum eos dolorem sed libero voluptas.','whatsapp','sent','2026-02-25 15:08:52','2026-03-21 15:08:52'),
 (17,30,13,'Laborum similique quod impedit aut amet cupiditate cumque et dolorem adipisci eius sit voluptatem doloribus maiores placeat explicabo.','whatsapp','sent','2026-02-13 15:08:52','2026-03-21 15:08:52'),
 (18,10,25,'Atque natus ipsa repellendus in voluptas nulla alias velit animi et.','whatsapp','sent','2026-02-23 15:08:52','2026-03-21 15:08:52'),
 (19,23,4,'Qui neque optio tempora non dolorem autem quo autem et minima recusandae.','whatsapp','sent','2026-03-20 15:08:52','2026-03-21 15:08:52'),
 (20,2,15,'Laudantium et quia ut deleniti officia et natus dolorum animi est est aut labore officia quia laboriosam tenetur velit quis in.','whatsapp','sent','2026-02-10 15:08:52','2026-03-21 15:08:52'),
 (21,30,9,'Excepturi ut reiciendis dolorum enim cum esse est sit quod autem nulla voluptas labore quod sed quia numquam id perferendis reprehenderit minus.','whatsapp','sent','2026-02-27 15:08:52','2026-03-21 15:08:52'),
 (22,16,11,'Autem molestiae veniam occaecati velit magni voluptatem.','whatsapp','sent','2026-02-28 15:08:52','2026-03-21 15:08:52'),
 (23,30,23,'Distinctio itaque expedita ab accusantium esse rerum eaque pariatur et et suscipit magnam qui aliquam dignissimos.','whatsapp','sent','2026-03-21 15:08:52','2026-03-21 15:08:52'),
 (24,1,24,'Quis quam sit sit quia corporis velit est tenetur delectus reiciendis sed mollitia rem qui.','whatsapp','pending','2026-02-09 15:08:52','2026-03-21 15:08:52'),
 (25,32,16,'Minima est sunt hic similique quia tempore suscipit nemo veritatis fuga vero voluptas.','whatsapp','sent','2026-03-11 15:08:52','2026-03-21 15:08:52'),
 (26,7,9,'Molestiae provident minus dolore atque ratione nobis consequatur itaque.','whatsapp','sent','2026-03-02 15:08:53','2026-03-21 15:08:53'),
 (27,11,10,'Soluta officiis quod illum impedit voluptatum non ut.','whatsapp','sent','2026-02-13 15:08:53','2026-03-21 15:08:53'),
 (28,10,2,'Rerum esse dolorem nostrum recusandae reiciendis saepe aut atque est et quas voluptatem voluptatem in suscipit quae excepturi et.','whatsapp','sent','2026-02-28 15:08:53','2026-03-21 15:08:53'),
 (29,11,20,'Fugiat illo iure harum odio consequatur nobis ullam earum quia.','whatsapp','sent','2026-02-20 15:08:53','2026-03-21 15:08:53'),
 (30,21,18,'Tempore natus in earum fuga quos atque.','whatsapp','sent','2026-03-18 15:08:53','2026-03-21 15:08:53'),
 (31,22,6,'Qui nihil est reprehenderit ut saepe in aut ut sed ea voluptatem quisquam quam et minus id.','whatsapp','pending','2026-02-27 15:08:53','2026-03-21 15:08:53'),
 (32,26,14,'In et iure voluptas consectetur esse dicta accusantium non ut non consequuntur omnis ad sapiente nihil non est nam.','whatsapp','sent','2026-03-19 15:08:53','2026-03-21 15:08:53'),
 (33,26,12,'Corporis placeat et quaerat sit occaecati quo nobis error in dolore nobis nam delectus debitis rem cupiditate aut reprehenderit temporibus ducimus.','whatsapp','pending','2026-03-18 15:08:53','2026-03-21 15:08:53'),
 (34,29,31,'Iusto consequatur et et omnis et.','whatsapp','sent','2026-02-17 15:08:53','2026-03-21 15:08:53'),
 (35,3,15,'Consequatur consequatur in rerum excepturi est ullam saepe reprehenderit enim.','whatsapp','sent','2026-03-17 15:08:53','2026-03-21 15:08:53'),
 (36,27,8,'Dolor temporibus non iure voluptatem autem aliquid tempora enim perspiciatis numquam unde dolore ea.','whatsapp','pending','2026-03-20 15:08:53','2026-03-21 15:08:53'),
 (37,1,24,'Non est similique rerum necessitatibus deleniti cupiditate.','whatsapp','sent','2026-02-19 15:08:53','2026-03-21 15:08:53'),
 (38,11,1,'Aut ut nostrum totam dignissimos temporibus quod possimus dolorem explicabo veniam consequuntur numquam maxime dolorem et aut totam voluptate quos provident autem totam qui.','whatsapp','pending','2026-02-08 15:08:53','2026-03-21 15:08:53'),
 (39,29,28,'Aperiam saepe odit quos laudantium et qui quis nihil consequatur ea ad similique ea nam aut deserunt quos dolores aut ut facere vel doloremque.','whatsapp','pending','2026-03-11 15:08:53','2026-03-21 15:08:53'),
 (40,19,27,'In expedita officia deserunt ex aut est fugiat quia nihil excepturi.','whatsapp','pending','2026-02-22 15:08:53','2026-03-21 15:08:53'),
 (41,29,7,'Aut non atque eos eius consequuntur reprehenderit commodi iure earum libero fuga amet aut.','whatsapp','sent','2026-02-26 15:08:53','2026-03-21 15:08:53'),
 (42,8,13,'Amet hic dolorem consectetur fuga necessitatibus doloremque.','whatsapp','sent','2026-03-06 15:08:53','2026-03-21 15:08:53'),
 (43,20,21,'Asperiores ipsam iusto distinctio corporis voluptatem sint omnis voluptate odio reprehenderit fugiat sint pariatur atque dolorem ipsam ut consequuntur.','whatsapp','sent','2026-03-06 15:08:53','2026-03-21 15:08:53'),
 (44,1,15,'Tenetur quisquam alias aspernatur tempore accusantium.','whatsapp','pending','2026-02-26 15:08:53','2026-03-21 15:08:53'),
 (45,15,25,'Excepturi voluptatem quia velit sed animi voluptatum commodi facere dolorem ullam aut eos est et ipsam.','whatsapp','pending','2026-03-02 15:08:53','2026-03-21 15:08:53');
/*!40000 ALTER TABLE `messages` ENABLE KEYS */;


--
-- Definition of table `migrations`
--

DROP TABLE IF EXISTS `migrations`;
CREATE TABLE `migrations` (
  `id` int(10) unsigned NOT NULL AUTO_INCREMENT,
  `migration` varchar(255) NOT NULL,
  `batch` int(11) NOT NULL,
  PRIMARY KEY (`id`)
) ENGINE=InnoDB AUTO_INCREMENT=53 DEFAULT CHARSET=utf8mb4 COLLATE=utf8mb4_unicode_ci;

--
-- Dumping data for table `migrations`
--

/*!40000 ALTER TABLE `migrations` DISABLE KEYS */;
INSERT INTO `migrations` (`id`,`migration`,`batch`) VALUES 
 (1,'0001_01_01_000000_create_users_table',1),
 (2,'0001_01_01_000001_create_cache_table',1),
 (3,'0001_01_01_000002_create_jobs_table',1),
 (4,'2022_12_14_083707_create_settings_table',1),
 (5,'2026_03_17_182831_add_two_factor_columns_to_users_table',1),
 (6,'2026_03_17_182854_create_personal_access_tokens_table',1),
 (7,'2026_03_17_190145_create_permission_tables',1),
 (8,'2026_03_17_200000_add_active_to_users_table',1),
 (9,'2026_03_17_200000_create_categories_table',1),
 (10,'2026_03_17_210000_create_estados_table',1),
 (11,'2026_03_18_100000_create_user_settings_table',1),
 (12,'2026_03_19_121422_create_users_table',1),
 (13,'2026_03_19_121423_create_topics_table',1),
 (14,'2026_03_19_121424_create_countries_table',1),
 (15,'2026_03_19_121425_create_social_networks_table',1),
 (16,'2026_03_19_121426_create_social_accounts_table',1),
 (17,'2026_03_19_121427_create_social_account_events_table',1),
 (18,'2026_03_19_121428_create_schedules_table',1),
 (19,'2026_03_19_121429_create_creator_levels_table',1),
 (20,'2026_03_19_121430_create_live_announcements_table',1),
 (21,'2026_03_19_121431_create_polls_table',1),
 (22,'2026_03_19_121432_create_poll_options_table',1),
 (23,'2026_03_19_121433_create_poll_votes_table',1),
 (24,'2026_03_19_121434_create_comments_table',1),
 (25,'2026_03_19_121435_create_subscriptions_table',1),
 (26,'2026_03_19_121436_create_ads_table',1),
 (27,'2026_03_19_121437_create_ad_assignments_table',1),
 (28,'2026_03_19_121438_create_messages_table',1),
 (29,'2026_03_19_121439_create_follower_snapshots_table',1),
 (30,'2026_03_19_122038_create_media_table',1),
 (31,'2026_03_19_160000_add_profile_photo_path_to_users_if_missing',1),
 (32,'2026_03_19_161000_add_social_fields_to_users_table',1),
 (33,'2026_03_19_170000_create_follows_table',1),
 (34,'2026_03_19_200000_create_topic_user_table',1),
 (35,'2026_03_20_120000_add_parent_id_to_topics_table',1),
 (36,'2026_03_20_120000_create_personal_links_table',1),
 (37,'2026_03_20_140000_create_social_account_topic_table',1),
 (38,'2026_03_20_160000_add_voter_key_to_poll_votes_table',1),
 (39,'2026_03_20_180000_add_display_name_to_social_accounts_table',1),
 (40,'2026_03_21_120000_add_is_primary_to_social_accounts_table',1),
 (41,'2026_03_22_120000_add_x_social_network',1),
 (42,'2026_03_22_140000_add_following_count_to_follower_snapshots_table',1),
 (43,'2026_03_22_150000_update_user_1_facebook_profile_link',1),
 (44,'2026_03_22_160000_add_user_1_facebook_rubenrp81',1),
 (45,'2026_03_22_170000_create_social_account_blocks_and_blocked_status',2),
 (46,'2026_04_29_120000_add_personal_note_and_tags_to_follows_table',3),
 (47,'2026_04_29_180000_create_following_entries_table',4),
 (48,'2026_04_29_200000_add_avatar_url_to_following_entries_table',5),
 (49,'2026_04_29_210000_add_avatar_url_to_social_accounts_table',6),
 (50,'2026_04_29_220000_add_remote_display_name_to_following_entries_table',7),
 (51,'2026_04_29_220001_create_following_follower_snapshots_table',8),
 (52,'2026_04_29_230000_add_use_custom_avatar_to_following_entries_table',9);
/*!40000 ALTER TABLE `migrations` ENABLE KEYS */;


--
-- Definition of table `model_has_permissions`
--

DROP TABLE IF EXISTS `model_has_permissions`;
CREATE TABLE `model_has_permissions` (
  `permission_id` bigint(20) unsigned NOT NULL,
  `model_type` varchar(255) NOT NULL,
  `model_id` bigint(20) unsigned NOT NULL,
  PRIMARY KEY (`permission_id`,`model_id`,`model_type`),
  KEY `model_has_permissions_model_id_model_type_index` (`model_id`,`model_type`),
  CONSTRAINT `model_has_permissions_permission_id_foreign` FOREIGN KEY (`permission_id`) REFERENCES `permissions` (`id`) ON DELETE CASCADE
) ENGINE=InnoDB DEFAULT CHARSET=utf8mb4 COLLATE=utf8mb4_unicode_ci;

--
-- Dumping data for table `model_has_permissions`
--

/*!40000 ALTER TABLE `model_has_permissions` DISABLE KEYS */;
/*!40000 ALTER TABLE `model_has_permissions` ENABLE KEYS */;


--
-- Definition of table `model_has_roles`
--

DROP TABLE IF EXISTS `model_has_roles`;
CREATE TABLE `model_has_roles` (
  `role_id` bigint(20) unsigned NOT NULL,
  `model_type` varchar(255) NOT NULL,
  `model_id` bigint(20) unsigned NOT NULL,
  PRIMARY KEY (`role_id`,`model_id`,`model_type`),
  KEY `model_has_roles_model_id_model_type_index` (`model_id`,`model_type`),
  CONSTRAINT `model_has_roles_role_id_foreign` FOREIGN KEY (`role_id`) REFERENCES `roles` (`id`) ON DELETE CASCADE
) ENGINE=InnoDB DEFAULT CHARSET=utf8mb4 COLLATE=utf8mb4_unicode_ci;

--
-- Dumping data for table `model_has_roles`
--

/*!40000 ALTER TABLE `model_has_roles` DISABLE KEYS */;
INSERT INTO `model_has_roles` (`role_id`,`model_type`,`model_id`) VALUES 
 (1,'App\\Models\\User',1),
 (2,'App\\Models\\User',1),
 (3,'App\\Models\\User',1),
 (3,'App\\Models\\User',8);
/*!40000 ALTER TABLE `model_has_roles` ENABLE KEYS */;


--
-- Definition of table `password_reset_tokens`
--

DROP TABLE IF EXISTS `password_reset_tokens`;
CREATE TABLE `password_reset_tokens` (
  `email` varchar(255) NOT NULL,
  `token` varchar(255) NOT NULL,
  `created_at` timestamp NULL DEFAULT NULL,
  PRIMARY KEY (`email`)
) ENGINE=InnoDB DEFAULT CHARSET=utf8mb4 COLLATE=utf8mb4_unicode_ci;

--
-- Dumping data for table `password_reset_tokens`
--

/*!40000 ALTER TABLE `password_reset_tokens` DISABLE KEYS */;
/*!40000 ALTER TABLE `password_reset_tokens` ENABLE KEYS */;


--
-- Definition of table `permissions`
--

DROP TABLE IF EXISTS `permissions`;
CREATE TABLE `permissions` (
  `id` bigint(20) unsigned NOT NULL AUTO_INCREMENT,
  `name` varchar(255) NOT NULL,
  `guard_name` varchar(255) NOT NULL,
  `created_at` timestamp NULL DEFAULT NULL,
  `updated_at` timestamp NULL DEFAULT NULL,
  PRIMARY KEY (`id`),
  UNIQUE KEY `permissions_name_guard_name_unique` (`name`,`guard_name`)
) ENGINE=InnoDB AUTO_INCREMENT=7 DEFAULT CHARSET=utf8mb4 COLLATE=utf8mb4_unicode_ci;

--
-- Dumping data for table `permissions`
--

/*!40000 ALTER TABLE `permissions` DISABLE KEYS */;
INSERT INTO `permissions` (`id`,`name`,`guard_name`,`created_at`,`updated_at`) VALUES 
 (1,'usuarios.ver','web','2026-03-21 15:08:28','2026-03-21 15:08:28'),
 (2,'usuarios.crear','web','2026-03-21 15:08:28','2026-03-21 15:08:28'),
 (3,'usuarios.editar','web','2026-03-21 15:08:28','2026-03-21 15:08:28'),
 (4,'usuarios.eliminar','web','2026-03-21 15:08:28','2026-03-21 15:08:28'),
 (5,'categorias.administrar','web','2026-03-21 15:08:28','2026-03-21 15:08:28'),
 (6,'estados.administrar','web','2026-03-21 15:08:28','2026-03-21 15:08:28');
/*!40000 ALTER TABLE `permissions` ENABLE KEYS */;


--
-- Definition of table `personal_access_tokens`
--

DROP TABLE IF EXISTS `personal_access_tokens`;
CREATE TABLE `personal_access_tokens` (
  `id` bigint(20) unsigned NOT NULL AUTO_INCREMENT,
  `tokenable_type` varchar(255) NOT NULL,
  `tokenable_id` bigint(20) unsigned NOT NULL,
  `name` text NOT NULL,
  `token` varchar(64) NOT NULL,
  `abilities` text DEFAULT NULL,
  `last_used_at` timestamp NULL DEFAULT NULL,
  `expires_at` timestamp NULL DEFAULT NULL,
  `created_at` timestamp NULL DEFAULT NULL,
  `updated_at` timestamp NULL DEFAULT NULL,
  PRIMARY KEY (`id`),
  UNIQUE KEY `personal_access_tokens_token_unique` (`token`),
  KEY `personal_access_tokens_tokenable_type_tokenable_id_index` (`tokenable_type`,`tokenable_id`),
  KEY `personal_access_tokens_expires_at_index` (`expires_at`)
) ENGINE=InnoDB DEFAULT CHARSET=utf8mb4 COLLATE=utf8mb4_unicode_ci;

--
-- Dumping data for table `personal_access_tokens`
--

/*!40000 ALTER TABLE `personal_access_tokens` DISABLE KEYS */;
/*!40000 ALTER TABLE `personal_access_tokens` ENABLE KEYS */;


--
-- Definition of table `personal_links`
--

DROP TABLE IF EXISTS `personal_links`;
CREATE TABLE `personal_links` (
  `id` bigint(20) unsigned NOT NULL AUTO_INCREMENT,
  `user_id` bigint(20) unsigned NOT NULL,
  `label` varchar(255) NOT NULL,
  `url` varchar(2048) NOT NULL,
  `sort_order` int(10) unsigned NOT NULL DEFAULT 0,
  `created_at` timestamp NULL DEFAULT NULL,
  `updated_at` timestamp NULL DEFAULT NULL,
  PRIMARY KEY (`id`),
  KEY `personal_links_user_id_foreign` (`user_id`),
  CONSTRAINT `personal_links_user_id_foreign` FOREIGN KEY (`user_id`) REFERENCES `users` (`id`) ON DELETE CASCADE
) ENGINE=InnoDB DEFAULT CHARSET=utf8mb4 COLLATE=utf8mb4_unicode_ci;

--
-- Dumping data for table `personal_links`
--

/*!40000 ALTER TABLE `personal_links` DISABLE KEYS */;
/*!40000 ALTER TABLE `personal_links` ENABLE KEYS */;


--
-- Definition of table `poll_options`
--

DROP TABLE IF EXISTS `poll_options`;
CREATE TABLE `poll_options` (
  `id` bigint(20) unsigned NOT NULL AUTO_INCREMENT,
  `poll_id` bigint(20) unsigned NOT NULL,
  `text` varchar(255) NOT NULL,
  `created_at` timestamp NULL DEFAULT NULL,
  `updated_at` timestamp NULL DEFAULT NULL,
  PRIMARY KEY (`id`)
) ENGINE=InnoDB AUTO_INCREMENT=169 DEFAULT CHARSET=utf8mb4 COLLATE=utf8mb4_unicode_ci;

--
-- Dumping data for table `poll_options`
--

/*!40000 ALTER TABLE `poll_options` DISABLE KEYS */;
INSERT INTO `poll_options` (`id`,`poll_id`,`text`,`created_at`,`updated_at`) VALUES 
 (1,1,'Sí','2026-03-21 15:08:44','2026-03-21 15:08:44'),
 (2,1,'No','2026-03-21 15:08:44','2026-03-21 15:08:44'),
 (3,2,'Mañana (8–12 h)','2026-03-21 15:08:44','2026-03-21 15:08:44'),
 (4,2,'Tarde (12–18 h)','2026-03-21 15:08:44','2026-03-21 15:08:44'),
 (5,2,'Noche (18–24 h)','2026-03-21 15:08:44','2026-03-21 15:08:44'),
 (6,3,'Sí','2026-03-21 15:08:44','2026-03-21 15:08:44'),
 (7,3,'No','2026-03-21 15:08:44','2026-03-21 15:08:44'),
 (8,4,'Básicos','2026-03-21 15:08:44','2026-03-21 15:08:44'),
 (9,4,'Intermedio','2026-03-21 15:08:44','2026-03-21 15:08:44'),
 (10,4,'Avanzado','2026-03-21 15:08:44','2026-03-21 15:08:44'),
 (11,5,'Videos cortos','2026-03-21 15:08:44','2026-03-21 15:08:44'),
 (12,5,'Largos + profundidad','2026-03-21 15:08:44','2026-03-21 15:08:44'),
 (13,5,'Lives Q&A','2026-03-21 15:08:44','2026-03-21 15:08:44'),
 (14,5,'Series por capítulos','2026-03-21 15:08:44','2026-03-21 15:08:44'),
 (15,6,'Sí','2026-03-21 15:08:44','2026-03-21 15:08:44'),
 (16,6,'No','2026-03-21 15:08:44','2026-03-21 15:08:44'),
 (17,7,'TikTok','2026-03-21 15:08:44','2026-03-21 15:08:44'),
 (18,7,'Instagram','2026-03-21 15:08:44','2026-03-21 15:08:44'),
 (19,7,'YouTube','2026-03-21 15:08:44','2026-03-21 15:08:44'),
 (20,8,'Preguntas al final del video','2026-03-21 15:08:44','2026-03-21 15:08:44'),
 (21,8,'Encuestas','2026-03-21 15:08:44','2026-03-21 15:08:44'),
 (22,8,'Sorteos','2026-03-21 15:08:44','2026-03-21 15:08:44'),
 (23,9,'Sí','2026-03-21 15:08:44','2026-03-21 15:08:44'),
 (24,9,'No','2026-03-21 15:08:44','2026-03-21 15:08:44'),
 (25,10,'Todos los días','2026-03-21 15:08:44','2026-03-21 15:08:44'),
 (26,10,'Varias veces por semana','2026-03-21 15:08:44','2026-03-21 15:08:44'),
 (27,10,'Ocasional','2026-03-21 15:08:44','2026-03-21 15:08:44'),
 (28,10,'Solo cuando me avisan','2026-03-21 15:08:44','2026-03-21 15:08:44'),
 (29,11,'Mejor audio','2026-03-21 15:08:44','2026-03-21 15:08:44'),
 (30,11,'Mejor iluminación','2026-03-21 15:08:44','2026-03-21 15:08:44'),
 (31,11,'Más edición','2026-03-21 15:08:44','2026-03-21 15:08:44'),
 (32,11,'Más espontaneidad','2026-03-21 15:08:44','2026-03-21 15:08:44'),
 (33,12,'Sí','2026-03-21 15:08:44','2026-03-21 15:08:44'),
 (34,12,'No','2026-03-21 15:08:44','2026-03-21 15:08:44'),
 (35,13,'Sí','2026-03-21 15:08:44','2026-03-21 15:08:44'),
 (36,13,'No','2026-03-21 15:08:44','2026-03-21 15:08:44'),
 (37,14,'Mañana (8–12 h)','2026-03-21 15:08:44','2026-03-21 15:08:44'),
 (38,14,'Tarde (12–18 h)','2026-03-21 15:08:44','2026-03-21 15:08:44'),
 (39,14,'Noche (18–24 h)','2026-03-21 15:08:44','2026-03-21 15:08:44'),
 (40,14,'Fin de semana','2026-03-21 15:08:44','2026-03-21 15:08:44'),
 (41,15,'Sí','2026-03-21 15:08:44','2026-03-21 15:08:44'),
 (42,15,'No','2026-03-21 15:08:44','2026-03-21 15:08:44'),
 (43,16,'Básicos','2026-03-21 15:08:44','2026-03-21 15:08:44'),
 (44,16,'Intermedio','2026-03-21 15:08:44','2026-03-21 15:08:44'),
 (45,16,'Avanzado','2026-03-21 15:08:44','2026-03-21 15:08:44'),
 (46,16,'Solo tips rápidos','2026-03-21 15:08:44','2026-03-21 15:08:44'),
 (47,17,'Videos cortos','2026-03-21 15:08:44','2026-03-21 15:08:44'),
 (48,17,'Largos + profundidad','2026-03-21 15:08:44','2026-03-21 15:08:44'),
 (49,17,'Lives Q&A','2026-03-21 15:08:44','2026-03-21 15:08:44'),
 (50,18,'Sí','2026-03-21 15:08:44','2026-03-21 15:08:44'),
 (51,18,'No','2026-03-21 15:08:44','2026-03-21 15:08:44'),
 (52,19,'TikTok','2026-03-21 15:08:44','2026-03-21 15:08:44'),
 (53,19,'Instagram','2026-03-21 15:08:44','2026-03-21 15:08:44'),
 (54,19,'YouTube','2026-03-21 15:08:44','2026-03-21 15:08:44'),
 (55,19,'Otra','2026-03-21 15:08:44','2026-03-21 15:08:44'),
 (56,20,'Preguntas al final del video','2026-03-21 15:08:44','2026-03-21 15:08:44'),
 (57,20,'Encuestas','2026-03-21 15:08:44','2026-03-21 15:08:44'),
 (58,20,'Sorteos','2026-03-21 15:08:44','2026-03-21 15:08:44'),
 (59,20,'Debates','2026-03-21 15:08:44','2026-03-21 15:08:44'),
 (60,21,'Sí','2026-03-21 15:08:44','2026-03-21 15:08:44'),
 (61,21,'No','2026-03-21 15:08:44','2026-03-21 15:08:44'),
 (62,22,'Todos los días','2026-03-21 15:08:44','2026-03-21 15:08:44'),
 (63,22,'Varias veces por semana','2026-03-21 15:08:44','2026-03-21 15:08:44'),
 (64,22,'Ocasional','2026-03-21 15:08:44','2026-03-21 15:08:44'),
 (65,22,'Solo cuando me avisan','2026-03-21 15:08:44','2026-03-21 15:08:44'),
 (66,23,'Mejor audio','2026-03-21 15:08:44','2026-03-21 15:08:44'),
 (67,23,'Mejor iluminación','2026-03-21 15:08:44','2026-03-21 15:08:44'),
 (68,23,'Más edición','2026-03-21 15:08:44','2026-03-21 15:08:44'),
 (69,23,'Más espontaneidad','2026-03-21 15:08:44','2026-03-21 15:08:44'),
 (70,24,'Sí','2026-03-21 15:08:44','2026-03-21 15:08:44'),
 (71,24,'No','2026-03-21 15:08:44','2026-03-21 15:08:44'),
 (72,25,'Sí','2026-03-21 15:08:44','2026-03-21 15:08:44'),
 (73,25,'No','2026-03-21 15:08:44','2026-03-21 15:08:44'),
 (74,26,'Mañana (8–12 h)','2026-03-21 15:08:44','2026-03-21 15:08:44'),
 (75,26,'Tarde (12–18 h)','2026-03-21 15:08:44','2026-03-21 15:08:44'),
 (76,26,'Noche (18–24 h)','2026-03-21 15:08:44','2026-03-21 15:08:44'),
 (77,26,'Fin de semana','2026-03-21 15:08:45','2026-03-21 15:08:45'),
 (78,27,'Sí','2026-03-21 15:08:45','2026-03-21 15:08:45'),
 (79,27,'No','2026-03-21 15:08:45','2026-03-21 15:08:45'),
 (80,28,'Básicos','2026-03-21 15:08:45','2026-03-21 15:08:45'),
 (81,28,'Intermedio','2026-03-21 15:08:45','2026-03-21 15:08:45'),
 (82,28,'Avanzado','2026-03-21 15:08:45','2026-03-21 15:08:45'),
 (83,28,'Solo tips rápidos','2026-03-21 15:08:45','2026-03-21 15:08:45'),
 (84,29,'Videos cortos','2026-03-21 15:08:45','2026-03-21 15:08:45'),
 (85,29,'Largos + profundidad','2026-03-21 15:08:45','2026-03-21 15:08:45'),
 (86,29,'Lives Q&A','2026-03-21 15:08:45','2026-03-21 15:08:45'),
 (87,30,'Sí','2026-03-21 15:08:45','2026-03-21 15:08:45'),
 (88,30,'No','2026-03-21 15:08:45','2026-03-21 15:08:45'),
 (89,31,'TikTok','2026-03-21 15:08:45','2026-03-21 15:08:45'),
 (90,31,'Instagram','2026-03-21 15:08:45','2026-03-21 15:08:45'),
 (91,31,'YouTube','2026-03-21 15:08:45','2026-03-21 15:08:45'),
 (92,32,'Preguntas al final del video','2026-03-21 15:08:45','2026-03-21 15:08:45'),
 (93,32,'Encuestas','2026-03-21 15:08:45','2026-03-21 15:08:45'),
 (94,32,'Sorteos','2026-03-21 15:08:45','2026-03-21 15:08:45'),
 (95,32,'Debates','2026-03-21 15:08:45','2026-03-21 15:08:45'),
 (96,33,'Sí','2026-03-21 15:08:45','2026-03-21 15:08:45'),
 (97,33,'No','2026-03-21 15:08:45','2026-03-21 15:08:45'),
 (98,34,'Sí','2026-03-21 15:08:45','2026-03-21 15:08:45'),
 (99,34,'No','2026-03-21 15:08:45','2026-03-21 15:08:45'),
 (100,35,'Todos los días','2026-03-21 15:08:45','2026-03-21 15:08:45'),
 (101,35,'Varias veces por semana','2026-03-21 15:08:45','2026-03-21 15:08:45'),
 (102,36,'Básicos','2026-03-21 15:08:45','2026-03-21 15:08:45'),
 (103,36,'Intermedio','2026-03-21 15:08:45','2026-03-21 15:08:45'),
 (104,36,'Avanzado','2026-03-21 15:08:45','2026-03-21 15:08:45'),
 (105,37,'Básicos','2026-03-21 15:08:45','2026-03-21 15:08:45'),
 (106,37,'Intermedio','2026-03-21 15:08:45','2026-03-21 15:08:45'),
 (107,37,'Avanzado','2026-03-21 15:08:45','2026-03-21 15:08:45'),
 (108,38,'Mañana (8–12 h)','2026-03-21 15:08:45','2026-03-21 15:08:45'),
 (109,38,'Tarde (12–18 h)','2026-03-21 15:08:45','2026-03-21 15:08:45'),
 (110,38,'Noche (18–24 h)','2026-03-21 15:08:45','2026-03-21 15:08:45'),
 (111,39,'Todos los días','2026-03-21 15:08:45','2026-03-21 15:08:45'),
 (112,39,'Varias veces por semana','2026-03-21 15:08:45','2026-03-21 15:08:45'),
 (113,39,'Ocasional','2026-03-21 15:08:45','2026-03-21 15:08:45'),
 (114,40,'Básicos','2026-03-21 15:08:45','2026-03-21 15:08:45'),
 (115,40,'Intermedio','2026-03-21 15:08:45','2026-03-21 15:08:45'),
 (116,40,'Avanzado','2026-03-21 15:08:45','2026-03-21 15:08:45'),
 (117,41,'Preguntas al final del video','2026-03-21 15:08:45','2026-03-21 15:08:45'),
 (118,41,'Encuestas','2026-03-21 15:08:45','2026-03-21 15:08:45'),
 (119,41,'Sorteos','2026-03-21 15:08:45','2026-03-21 15:08:45'),
 (120,41,'Debates','2026-03-21 15:08:45','2026-03-21 15:08:45'),
 (121,42,'Sí','2026-03-21 15:08:45','2026-03-21 15:08:45'),
 (122,42,'No','2026-03-21 15:08:45','2026-03-21 15:08:45'),
 (123,43,'Sí','2026-03-21 15:08:45','2026-03-21 15:08:45'),
 (124,43,'No','2026-03-21 15:08:45','2026-03-21 15:08:45'),
 (125,44,'Sí','2026-03-21 15:08:45','2026-03-21 15:08:45'),
 (126,44,'No','2026-03-21 15:08:45','2026-03-21 15:08:45'),
 (127,45,'Básicos','2026-03-21 15:08:45','2026-03-21 15:08:45'),
 (128,45,'Intermedio','2026-03-21 15:08:45','2026-03-21 15:08:45'),
 (129,45,'Avanzado','2026-03-21 15:08:45','2026-03-21 15:08:45'),
 (130,45,'Solo tips rápidos','2026-03-21 15:08:45','2026-03-21 15:08:45'),
 (131,46,'Todos los días','2026-03-21 15:08:45','2026-03-21 15:08:45'),
 (132,46,'Varias veces por semana','2026-03-21 15:08:45','2026-03-21 15:08:45'),
 (133,47,'Sí','2026-03-21 15:08:45','2026-03-21 15:08:45'),
 (134,47,'No','2026-03-21 15:08:45','2026-03-21 15:08:45'),
 (135,48,'Videos cortos','2026-03-21 15:08:45','2026-03-21 15:08:45'),
 (136,48,'Largos + profundidad','2026-03-21 15:08:45','2026-03-21 15:08:45'),
 (137,49,'Sí','2026-03-21 15:08:45','2026-03-21 15:08:45'),
 (138,49,'No','2026-03-21 15:08:45','2026-03-21 15:08:45'),
 (139,50,'TikTok','2026-03-21 15:08:45','2026-03-21 15:08:45'),
 (140,50,'Instagram','2026-03-21 15:08:45','2026-03-21 15:08:45'),
 (141,50,'YouTube','2026-03-21 15:08:45','2026-03-21 15:08:45'),
 (142,51,'Preguntas al final del video','2026-03-21 15:08:45','2026-03-21 15:08:45'),
 (143,51,'Encuestas','2026-03-21 15:08:45','2026-03-21 15:08:45'),
 (144,51,'Sorteos','2026-03-21 15:08:45','2026-03-21 15:08:45'),
 (145,52,'Sí','2026-03-21 15:08:45','2026-03-21 15:08:45'),
 (146,52,'No','2026-03-21 15:08:45','2026-03-21 15:08:45'),
 (147,53,'Sí','2026-03-21 15:08:45','2026-03-21 15:08:45'),
 (148,53,'No','2026-03-21 15:08:45','2026-03-21 15:08:45'),
 (149,54,'Básicos','2026-03-21 15:08:45','2026-03-21 15:08:45'),
 (150,54,'Intermedio','2026-03-21 15:08:45','2026-03-21 15:08:45'),
 (151,54,'Avanzado','2026-03-21 15:08:45','2026-03-21 15:08:45'),
 (152,54,'Solo tips rápidos','2026-03-21 15:08:45','2026-03-21 15:08:45'),
 (153,55,'Sí','2026-03-21 15:08:45','2026-03-21 15:08:45'),
 (154,55,'No','2026-03-21 15:08:45','2026-03-21 15:08:45'),
 (155,56,'Mañana (8–12 h)','2026-03-21 15:08:45','2026-03-21 15:08:45'),
 (156,56,'Tarde (12–18 h)','2026-03-21 15:08:45','2026-03-21 15:08:45'),
 (157,56,'Noche (18–24 h)','2026-03-21 15:08:45','2026-03-21 15:08:45'),
 (158,56,'Fin de semana','2026-03-21 15:08:45','2026-03-21 15:08:45'),
 (159,57,'Sí','2026-03-21 15:08:45','2026-03-21 15:08:45'),
 (160,57,'No','2026-03-21 15:08:45','2026-03-21 15:08:45'),
 (161,58,'Sí','2026-03-21 15:08:45','2026-03-21 15:08:45'),
 (162,58,'No','2026-03-21 15:08:45','2026-03-21 15:08:45'),
 (163,59,'Mejor audio','2026-03-21 15:08:45','2026-03-21 15:08:45'),
 (164,59,'Mejor iluminación','2026-03-21 15:08:45','2026-03-21 15:08:45'),
 (165,60,'Mañana (8–12 h)','2026-03-21 15:08:45','2026-03-21 15:08:45'),
 (166,60,'Tarde (12–18 h)','2026-03-21 15:08:45','2026-03-21 15:08:45'),
 (167,60,'Noche (18–24 h)','2026-03-21 15:08:45','2026-03-21 15:08:45'),
 (168,60,'Fin de semana','2026-03-21 15:08:45','2026-03-21 15:08:45');
/*!40000 ALTER TABLE `poll_options` ENABLE KEYS */;


--
-- Definition of table `poll_votes`
--

DROP TABLE IF EXISTS `poll_votes`;
CREATE TABLE `poll_votes` (
  `id` bigint(20) unsigned NOT NULL AUTO_INCREMENT,
  `poll_id` bigint(20) unsigned NOT NULL,
  `user_id` bigint(20) unsigned DEFAULT NULL,
  `voter_key` varchar(64) NOT NULL,
  `option_id` bigint(20) unsigned NOT NULL,
  `created_at` timestamp NULL DEFAULT NULL,
  `updated_at` timestamp NULL DEFAULT NULL,
  PRIMARY KEY (`id`),
  UNIQUE KEY `poll_votes_poll_id_voter_key_unique` (`poll_id`,`voter_key`)
) ENGINE=InnoDB AUTO_INCREMENT=2791 DEFAULT CHARSET=utf8mb4 COLLATE=utf8mb4_unicode_ci;

--
-- Dumping data for table `poll_votes`
--

/*!40000 ALTER TABLE `poll_votes` DISABLE KEYS */;
INSERT INTO `poll_votes` (`id`,`poll_id`,`user_id`,`voter_key`,`option_id`,`created_at`,`updated_at`) VALUES 
 (1,1,14,'user:14',2,'2026-03-21 15:08:45','2026-03-21 15:08:45'),
 (2,1,6,'user:6',2,'2026-03-21 15:08:45','2026-03-21 15:08:45'),
 (3,1,32,'user:32',2,'2026-03-21 15:08:45','2026-03-21 15:08:45'),
 (4,1,24,'user:24',2,'2026-03-21 15:08:45','2026-03-21 15:08:45'),
 (5,1,30,'user:30',2,'2026-03-21 15:08:45','2026-03-21 15:08:45'),
 (6,1,26,'user:26',2,'2026-03-21 15:08:45','2026-03-21 15:08:45'),
 (7,1,4,'user:4',1,'2026-03-21 15:08:45','2026-03-21 15:08:45'),
 (8,1,31,'user:31',2,'2026-03-21 15:08:45','2026-03-21 15:08:45'),
 (9,1,3,'user:3',1,'2026-03-21 15:08:45','2026-03-21 15:08:45'),
 (10,1,28,'user:28',1,'2026-03-21 15:08:45','2026-03-21 15:08:45'),
 (11,1,18,'user:18',1,'2026-03-21 15:08:45','2026-03-21 15:08:45'),
 (12,1,1,'user:1',1,'2026-03-21 15:08:45','2026-03-21 15:08:45'),
 (13,1,19,'user:19',1,'2026-03-21 15:08:45','2026-03-21 15:08:45'),
 (14,1,29,'user:29',2,'2026-03-21 15:08:45','2026-03-21 15:08:45'),
 (15,1,7,'user:7',1,'2026-03-21 15:08:45','2026-03-21 15:08:45'),
 (16,1,11,'user:11',1,'2026-03-21 15:08:45','2026-03-21 15:08:45'),
 (17,1,12,'user:12',2,'2026-03-21 15:08:45','2026-03-21 15:08:45'),
 (18,1,27,'user:27',1,'2026-03-21 15:08:45','2026-03-21 15:08:45'),
 (19,1,17,'user:17',2,'2026-03-21 15:08:45','2026-03-21 15:08:45'),
 (20,1,9,'user:9',2,'2026-03-21 15:08:45','2026-03-21 15:08:45'),
 (21,1,8,'user:8',2,'2026-03-21 15:08:45','2026-03-21 15:08:45'),
 (22,1,23,'user:23',1,'2026-03-21 15:08:45','2026-03-21 15:08:45'),
 (23,1,2,'user:2',1,'2026-03-21 15:08:45','2026-03-21 15:08:45'),
 (24,1,25,'user:25',2,'2026-03-21 15:08:45','2026-03-21 15:08:45'),
 (25,1,22,'user:22',1,'2026-03-21 15:08:45','2026-03-21 15:08:45'),
 (26,1,10,'user:10',2,'2026-03-21 15:08:45','2026-03-21 15:08:45'),
 (27,1,16,'user:16',2,'2026-03-21 15:08:45','2026-03-21 15:08:45'),
 (28,1,21,'user:21',2,'2026-03-21 15:08:45','2026-03-21 15:08:45'),
 (29,1,5,'user:5',1,'2026-03-21 15:08:45','2026-03-21 15:08:45'),
 (30,1,15,'user:15',1,'2026-03-21 15:08:45','2026-03-21 15:08:45'),
 (31,1,20,'user:20',2,'2026-03-21 15:08:45','2026-03-21 15:08:45'),
 (32,1,13,'user:13',1,'2026-03-21 15:08:45','2026-03-21 15:08:45'),
 (33,1,NULL,'guest:e652f69e-d9fb-4f23-bde8-3a95723b76a7',2,'2026-03-21 15:08:45','2026-03-21 15:08:45'),
 (34,1,NULL,'guest:18bfcc5d-869b-434f-be8f-68290c3e6b7f',2,'2026-03-21 15:08:45','2026-03-21 15:08:45'),
 (35,1,NULL,'guest:783e5d68-1d64-4a43-81c7-e5e63194d538',1,'2026-03-21 15:08:45','2026-03-21 15:08:45'),
 (36,1,NULL,'guest:d10468cf-421b-4e05-ad2c-864ebac4551a',1,'2026-03-21 15:08:45','2026-03-21 15:08:45'),
 (37,1,NULL,'guest:7e01c4d3-23ee-448c-9bc0-c207263593d7',2,'2026-03-21 15:08:45','2026-03-21 15:08:45'),
 (38,1,NULL,'guest:b979b520-9d4e-44b1-a4f0-7d628533f1af',1,'2026-03-21 15:08:45','2026-03-21 15:08:45'),
 (39,1,NULL,'guest:f70e6124-e712-4cfb-a1e5-a0c96194bbaf',1,'2026-03-21 15:08:45','2026-03-21 15:08:45'),
 (40,1,NULL,'guest:7aef36f5-1c3f-4998-9155-8c681f97503b',1,'2026-03-21 15:08:45','2026-03-21 15:08:45'),
 (41,1,NULL,'guest:a9caec6b-a00f-47be-b565-316c4f27da9a',2,'2026-03-21 15:08:45','2026-03-21 15:08:45'),
 (42,1,NULL,'guest:3675510b-e8f4-4856-a011-66235bca8977',2,'2026-03-21 15:08:45','2026-03-21 15:08:45'),
 (43,1,NULL,'guest:e1f019a8-abac-44c6-9a59-1a8d9ec6d7af',2,'2026-03-21 15:08:45','2026-03-21 15:08:45'),
 (44,1,NULL,'guest:4c6d9232-2ac4-45cc-bad8-50dd5f1f8683',1,'2026-03-21 15:08:45','2026-03-21 15:08:45'),
 (45,1,NULL,'guest:5f429e9d-f848-4502-a647-11d4dcc4c2dc',2,'2026-03-21 15:08:45','2026-03-21 15:08:45'),
 (46,1,NULL,'guest:2bcd1bfd-27f7-463b-8106-4659acbb1b85',1,'2026-03-21 15:08:45','2026-03-21 15:08:45'),
 (47,1,NULL,'guest:c6b297f9-6091-4a38-b415-a65f4a6cf376',1,'2026-03-21 15:08:45','2026-03-21 15:08:45'),
 (48,1,NULL,'guest:880ddfc5-282c-4046-a04f-f9195ed1a8b4',1,'2026-03-21 15:08:45','2026-03-21 15:08:45'),
 (49,1,NULL,'guest:79deefe4-293b-46be-a441-64911762547f',1,'2026-03-21 15:08:45','2026-03-21 15:08:45'),
 (50,1,NULL,'guest:da6ddc74-dbd5-4046-9b86-007594091f97',2,'2026-03-21 15:08:45','2026-03-21 15:08:45'),
 (51,1,NULL,'guest:17251b45-313f-40a1-85e2-5fb784d0400d',1,'2026-03-21 15:08:45','2026-03-21 15:08:45'),
 (52,1,NULL,'guest:92d6a74c-09c4-4d34-91df-5b6d7d407e77',1,'2026-03-21 15:08:45','2026-03-21 15:08:45'),
 (53,1,NULL,'guest:59a323ff-a6bd-4d5f-b435-74b3632dfcbc',1,'2026-03-21 15:08:45','2026-03-21 15:08:45'),
 (54,1,NULL,'guest:3c0baace-95da-4d2c-8e51-30443c7a2253',1,'2026-03-21 15:08:45','2026-03-21 15:08:45'),
 (55,1,NULL,'guest:db7f2eea-4a93-457c-9b8e-b501a8615e17',2,'2026-03-21 15:08:45','2026-03-21 15:08:45'),
 (56,1,NULL,'guest:987f93b2-cf94-4221-b275-d503d8f55f4d',1,'2026-03-21 15:08:45','2026-03-21 15:08:45'),
 (57,1,NULL,'guest:0114e19a-8e62-4257-80ba-081fe6168fc9',1,'2026-03-21 15:08:45','2026-03-21 15:08:45'),
 (58,1,NULL,'guest:4e33dc35-e272-4c9f-ab55-f44f85cff848',1,'2026-03-21 15:08:45','2026-03-21 15:08:45'),
 (59,1,NULL,'guest:edd59a5e-8369-4ec6-a98d-473e972606c5',1,'2026-03-21 15:08:45','2026-03-21 15:08:45'),
 (60,1,NULL,'guest:32b8da60-1c9e-4548-859e-38c61ff7c72f',2,'2026-03-21 15:08:45','2026-03-21 15:08:45'),
 (61,1,NULL,'guest:583c5c6d-87e7-49ca-bbeb-581d8806e29f',1,'2026-03-21 15:08:45','2026-03-21 15:08:45'),
 (62,1,NULL,'guest:7a2ddbfc-a604-42d6-bfb8-f937998a48c3',1,'2026-03-21 15:08:45','2026-03-21 15:08:45'),
 (63,1,NULL,'guest:4b207c1b-125d-4024-af22-ab0a0343fa33',1,'2026-03-21 15:08:45','2026-03-21 15:08:45'),
 (64,2,20,'user:20',4,'2026-03-21 15:08:45','2026-03-21 15:08:45'),
 (65,2,31,'user:31',3,'2026-03-21 15:08:45','2026-03-21 15:08:45'),
 (66,2,17,'user:17',4,'2026-03-21 15:08:45','2026-03-21 15:08:45'),
 (67,2,21,'user:21',4,'2026-03-21 15:08:45','2026-03-21 15:08:45'),
 (68,2,9,'user:9',3,'2026-03-21 15:08:45','2026-03-21 15:08:45'),
 (69,2,4,'user:4',4,'2026-03-21 15:08:45','2026-03-21 15:08:45'),
 (70,2,12,'user:12',3,'2026-03-21 15:08:45','2026-03-21 15:08:45'),
 (71,2,11,'user:11',5,'2026-03-21 15:08:45','2026-03-21 15:08:45'),
 (72,2,8,'user:8',4,'2026-03-21 15:08:45','2026-03-21 15:08:45'),
 (73,2,16,'user:16',4,'2026-03-21 15:08:45','2026-03-21 15:08:45'),
 (74,2,13,'user:13',4,'2026-03-21 15:08:45','2026-03-21 15:08:45'),
 (75,2,28,'user:28',3,'2026-03-21 15:08:45','2026-03-21 15:08:45'),
 (76,2,29,'user:29',4,'2026-03-21 15:08:45','2026-03-21 15:08:45'),
 (77,2,23,'user:23',5,'2026-03-21 15:08:45','2026-03-21 15:08:45'),
 (78,2,5,'user:5',3,'2026-03-21 15:08:45','2026-03-21 15:08:45'),
 (79,2,3,'user:3',4,'2026-03-21 15:08:45','2026-03-21 15:08:45'),
 (80,2,32,'user:32',5,'2026-03-21 15:08:45','2026-03-21 15:08:45'),
 (81,2,30,'user:30',3,'2026-03-21 15:08:45','2026-03-21 15:08:45'),
 (82,2,19,'user:19',4,'2026-03-21 15:08:45','2026-03-21 15:08:45'),
 (83,2,24,'user:24',4,'2026-03-21 15:08:45','2026-03-21 15:08:45'),
 (84,2,1,'user:1',4,'2026-03-21 15:08:45','2026-03-21 15:08:45'),
 (85,2,26,'user:26',3,'2026-03-21 15:08:45','2026-03-21 15:08:45'),
 (86,2,NULL,'guest:3d96c8eb-974e-40c5-a816-2c82f2d96d4f',5,'2026-03-21 15:08:45','2026-03-21 15:08:45'),
 (87,2,NULL,'guest:3127a6a5-cbc1-413a-8e6f-e2d2daa70dcc',3,'2026-03-21 15:08:45','2026-03-21 15:08:45'),
 (88,2,NULL,'guest:b46852de-1ca6-4f59-9caa-1c94f03e7dcf',5,'2026-03-21 15:08:45','2026-03-21 15:08:45'),
 (89,2,NULL,'guest:1d7d2e61-f7c7-40bb-a0f1-0942bd7db1b9',3,'2026-03-21 15:08:45','2026-03-21 15:08:45'),
 (90,2,NULL,'guest:a6a59dc1-30ee-48ac-b3cd-df61eb8a6105',3,'2026-03-21 15:08:45','2026-03-21 15:08:45'),
 (91,2,NULL,'guest:4055a8ba-a486-4ae7-8c96-9c6237361f73',3,'2026-03-21 15:08:45','2026-03-21 15:08:45'),
 (92,2,NULL,'guest:186978e5-5904-4f9c-b683-20a906286de0',3,'2026-03-21 15:08:45','2026-03-21 15:08:45'),
 (93,2,NULL,'guest:471ceb18-c7ed-4bb2-9505-03a430ed598c',5,'2026-03-21 15:08:45','2026-03-21 15:08:45'),
 (94,2,NULL,'guest:ae53e6eb-43cc-4c0b-b631-b2aa21730fd9',4,'2026-03-21 15:08:45','2026-03-21 15:08:45'),
 (95,2,NULL,'guest:63357675-4d5a-49a7-8ae8-41d8fba8bfde',5,'2026-03-21 15:08:45','2026-03-21 15:08:45'),
 (96,2,NULL,'guest:de981384-0a76-448b-80ab-f8b5a98e65c5',5,'2026-03-21 15:08:45','2026-03-21 15:08:45'),
 (97,2,NULL,'guest:c5042091-db24-45a7-aa53-7d7d929354e0',5,'2026-03-21 15:08:45','2026-03-21 15:08:45'),
 (98,2,NULL,'guest:3d77733b-cd1d-45e1-bb02-47d4e4922c03',5,'2026-03-21 15:08:45','2026-03-21 15:08:45'),
 (99,2,NULL,'guest:afb9af59-4d69-4ec1-9ffb-126cf81ede12',3,'2026-03-21 15:08:45','2026-03-21 15:08:45'),
 (100,2,NULL,'guest:c9b99663-37fb-4cbb-b360-bb28acb3f5d7',5,'2026-03-21 15:08:45','2026-03-21 15:08:45'),
 (101,2,NULL,'guest:bc0f2773-8245-48f6-976c-b94435e8c7c4',5,'2026-03-21 15:08:45','2026-03-21 15:08:45'),
 (102,2,NULL,'guest:a866b07e-2ce2-444f-8ac5-5ccfe4d34cd7',5,'2026-03-21 15:08:45','2026-03-21 15:08:45'),
 (103,2,NULL,'guest:4a224f23-7a79-4eed-9dd7-5003bf2f0118',4,'2026-03-21 15:08:45','2026-03-21 15:08:45'),
 (104,2,NULL,'guest:02c13dbe-53e1-4316-ab46-b4806529806b',4,'2026-03-21 15:08:45','2026-03-21 15:08:45'),
 (105,2,NULL,'guest:b4302017-0850-4692-a727-5c8dc03ada03',3,'2026-03-21 15:08:45','2026-03-21 15:08:45'),
 (106,2,NULL,'guest:96b07992-264c-483c-b87c-f348e9394890',3,'2026-03-21 15:08:45','2026-03-21 15:08:45'),
 (107,2,NULL,'guest:7ac8b8d1-d140-4032-bf46-e05d2346b4d0',5,'2026-03-21 15:08:45','2026-03-21 15:08:45'),
 (108,2,NULL,'guest:d25958f3-7d7e-4db4-b122-fc90cefedb7c',3,'2026-03-21 15:08:45','2026-03-21 15:08:45'),
 (109,2,NULL,'guest:2e644758-4a05-4a19-9c76-5c77162bd0ed',4,'2026-03-21 15:08:45','2026-03-21 15:08:45'),
 (110,2,NULL,'guest:6b5f887b-cbf2-489e-acfe-19135f1f65e8',3,'2026-03-21 15:08:45','2026-03-21 15:08:45'),
 (111,2,NULL,'guest:2d6bf445-2a47-4c3b-afd9-f008eee40b26',4,'2026-03-21 15:08:45','2026-03-21 15:08:45'),
 (112,2,NULL,'guest:e3648f35-e85b-455d-96aa-582d1b5467d0',5,'2026-03-21 15:08:45','2026-03-21 15:08:45'),
 (113,3,8,'user:8',6,'2026-03-21 15:08:45','2026-03-21 15:08:45'),
 (114,3,3,'user:3',6,'2026-03-21 15:08:45','2026-03-21 15:08:45'),
 (115,3,29,'user:29',7,'2026-03-21 15:08:45','2026-03-21 15:08:45'),
 (116,3,16,'user:16',6,'2026-03-21 15:08:45','2026-03-21 15:08:45'),
 (117,3,4,'user:4',6,'2026-03-21 15:08:45','2026-03-21 15:08:45'),
 (118,3,24,'user:24',6,'2026-03-21 15:08:45','2026-03-21 15:08:45'),
 (119,3,22,'user:22',7,'2026-03-21 15:08:45','2026-03-21 15:08:45'),
 (120,3,9,'user:9',7,'2026-03-21 15:08:45','2026-03-21 15:08:45'),
 (121,3,1,'user:1',7,'2026-03-21 15:08:45','2026-03-21 15:08:45'),
 (122,3,25,'user:25',7,'2026-03-21 15:08:45','2026-03-21 15:08:45'),
 (123,3,6,'user:6',7,'2026-03-21 15:08:45','2026-03-21 15:08:45'),
 (124,3,7,'user:7',7,'2026-03-21 15:08:45','2026-03-21 15:08:45'),
 (125,3,17,'user:17',7,'2026-03-21 15:08:45','2026-03-21 15:08:45'),
 (126,3,31,'user:31',6,'2026-03-21 15:08:45','2026-03-21 15:08:45'),
 (127,3,15,'user:15',7,'2026-03-21 15:08:45','2026-03-21 15:08:45'),
 (128,3,2,'user:2',7,'2026-03-21 15:08:45','2026-03-21 15:08:45'),
 (129,3,20,'user:20',6,'2026-03-21 15:08:45','2026-03-21 15:08:45'),
 (130,3,21,'user:21',7,'2026-03-21 15:08:45','2026-03-21 15:08:45'),
 (131,3,32,'user:32',6,'2026-03-21 15:08:45','2026-03-21 15:08:45'),
 (132,3,5,'user:5',7,'2026-03-21 15:08:45','2026-03-21 15:08:45'),
 (133,3,NULL,'guest:94422552-ed8c-481c-82a8-881a8f335338',6,'2026-03-21 15:08:45','2026-03-21 15:08:45'),
 (134,3,NULL,'guest:c0de9235-aa13-45ad-a871-1c0e7ecb5c97',7,'2026-03-21 15:08:45','2026-03-21 15:08:45'),
 (135,3,NULL,'guest:527a72d6-5289-4005-b6ab-7b738beab8de',6,'2026-03-21 15:08:45','2026-03-21 15:08:45'),
 (136,3,NULL,'guest:36959c1a-fcb8-4f02-a1e1-ce91ed9215a9',7,'2026-03-21 15:08:45','2026-03-21 15:08:45'),
 (137,3,NULL,'guest:9f8c9768-b1fe-49b8-bc28-b48a5fc33584',7,'2026-03-21 15:08:45','2026-03-21 15:08:45'),
 (138,3,NULL,'guest:052dfda9-c213-4a06-8971-02afb6ebeae2',7,'2026-03-21 15:08:45','2026-03-21 15:08:45'),
 (139,3,NULL,'guest:93b50381-50c9-4ec6-a338-ee88669521a4',7,'2026-03-21 15:08:45','2026-03-21 15:08:45'),
 (140,4,16,'user:16',8,'2026-03-21 15:08:45','2026-03-21 15:08:45'),
 (141,4,22,'user:22',10,'2026-03-21 15:08:45','2026-03-21 15:08:45'),
 (142,4,14,'user:14',9,'2026-03-21 15:08:45','2026-03-21 15:08:45'),
 (143,4,5,'user:5',10,'2026-03-21 15:08:45','2026-03-21 15:08:45'),
 (144,4,25,'user:25',10,'2026-03-21 15:08:45','2026-03-21 15:08:45'),
 (145,4,13,'user:13',8,'2026-03-21 15:08:45','2026-03-21 15:08:45'),
 (146,4,10,'user:10',10,'2026-03-21 15:08:45','2026-03-21 15:08:45'),
 (147,4,9,'user:9',9,'2026-03-21 15:08:45','2026-03-21 15:08:45'),
 (148,4,20,'user:20',10,'2026-03-21 15:08:45','2026-03-21 15:08:45'),
 (149,4,31,'user:31',8,'2026-03-21 15:08:45','2026-03-21 15:08:45'),
 (150,4,18,'user:18',8,'2026-03-21 15:08:45','2026-03-21 15:08:45'),
 (151,4,11,'user:11',8,'2026-03-21 15:08:45','2026-03-21 15:08:45'),
 (152,4,29,'user:29',10,'2026-03-21 15:08:45','2026-03-21 15:08:45'),
 (153,4,19,'user:19',8,'2026-03-21 15:08:45','2026-03-21 15:08:45'),
 (154,4,4,'user:4',8,'2026-03-21 15:08:45','2026-03-21 15:08:45'),
 (155,4,32,'user:32',10,'2026-03-21 15:08:45','2026-03-21 15:08:45'),
 (156,4,27,'user:27',9,'2026-03-21 15:08:45','2026-03-21 15:08:45'),
 (157,4,17,'user:17',8,'2026-03-21 15:08:45','2026-03-21 15:08:45'),
 (158,4,12,'user:12',10,'2026-03-21 15:08:45','2026-03-21 15:08:45'),
 (159,4,26,'user:26',10,'2026-03-21 15:08:45','2026-03-21 15:08:45'),
 (160,4,1,'user:1',9,'2026-03-21 15:08:45','2026-03-21 15:08:45'),
 (161,4,15,'user:15',10,'2026-03-21 15:08:45','2026-03-21 15:08:45'),
 (162,4,21,'user:21',9,'2026-03-21 15:08:45','2026-03-21 15:08:45'),
 (163,4,30,'user:30',8,'2026-03-21 15:08:45','2026-03-21 15:08:45'),
 (164,4,6,'user:6',9,'2026-03-21 15:08:45','2026-03-21 15:08:45'),
 (165,4,23,'user:23',10,'2026-03-21 15:08:45','2026-03-21 15:08:45'),
 (166,4,8,'user:8',10,'2026-03-21 15:08:45','2026-03-21 15:08:45'),
 (167,4,24,'user:24',10,'2026-03-21 15:08:45','2026-03-21 15:08:45'),
 (168,4,3,'user:3',8,'2026-03-21 15:08:45','2026-03-21 15:08:45'),
 (169,4,2,'user:2',8,'2026-03-21 15:08:45','2026-03-21 15:08:45'),
 (170,4,7,'user:7',10,'2026-03-21 15:08:45','2026-03-21 15:08:45'),
 (171,4,28,'user:28',8,'2026-03-21 15:08:45','2026-03-21 15:08:45'),
 (172,4,NULL,'guest:c6b259f8-a58b-44aa-a453-033c9fb3b96e',10,'2026-03-21 15:08:45','2026-03-21 15:08:45'),
 (173,4,NULL,'guest:aae052af-1347-4c91-90ba-220f5943f547',9,'2026-03-21 15:08:45','2026-03-21 15:08:45'),
 (174,4,NULL,'guest:3c21980c-2044-4a97-9513-bdba44a4d98c',8,'2026-03-21 15:08:45','2026-03-21 15:08:45'),
 (175,4,NULL,'guest:5ffb456e-d991-474a-bdba-c75826b8032d',8,'2026-03-21 15:08:45','2026-03-21 15:08:45'),
 (176,4,NULL,'guest:09b1c4ba-c3d0-4314-acac-11d144a40a61',9,'2026-03-21 15:08:45','2026-03-21 15:08:45'),
 (177,4,NULL,'guest:548534bc-878c-4d85-acbb-0c8cf9bd55be',8,'2026-03-21 15:08:45','2026-03-21 15:08:45'),
 (178,4,NULL,'guest:a3c492d9-d215-47fa-966d-31ec4441f37e',9,'2026-03-21 15:08:45','2026-03-21 15:08:45'),
 (179,4,NULL,'guest:ee495a0e-24b2-481a-83ec-09834e94ef8c',10,'2026-03-21 15:08:45','2026-03-21 15:08:45'),
 (180,4,NULL,'guest:d0554d9e-96b3-442d-b829-93669ab613b3',8,'2026-03-21 15:08:45','2026-03-21 15:08:45'),
 (181,4,NULL,'guest:c148b9c5-4959-44d6-898d-f846daa84654',10,'2026-03-21 15:08:45','2026-03-21 15:08:45'),
 (182,4,NULL,'guest:158bae5d-72ec-4668-832b-3ad1b9f46810',8,'2026-03-21 15:08:45','2026-03-21 15:08:45'),
 (183,4,NULL,'guest:7cd00dbb-f65b-4bdb-91ff-c2c28cf47194',9,'2026-03-21 15:08:45','2026-03-21 15:08:45'),
 (184,4,NULL,'guest:c1eaea4d-ef82-4de0-a40c-8dc8f0fa0a4d',8,'2026-03-21 15:08:45','2026-03-21 15:08:45'),
 (185,4,NULL,'guest:9edd6f9e-2316-4a32-b86a-f9b6586c851d',9,'2026-03-21 15:08:45','2026-03-21 15:08:45'),
 (186,4,NULL,'guest:9c67dc75-9ae8-4fa3-ae4d-aff5520571a7',10,'2026-03-21 15:08:45','2026-03-21 15:08:45'),
 (187,4,NULL,'guest:208b2a52-3ef3-4d23-adf5-28340a828167',9,'2026-03-21 15:08:45','2026-03-21 15:08:45'),
 (188,4,NULL,'guest:8d3cc97d-75b4-468e-b30d-8ec4295aa9dd',9,'2026-03-21 15:08:45','2026-03-21 15:08:45'),
 (189,4,NULL,'guest:1b03c049-1608-4e2c-bfcb-91799f4cc3fb',9,'2026-03-21 15:08:45','2026-03-21 15:08:45'),
 (190,4,NULL,'guest:74e82b16-3a46-403e-bc67-3d2ec8d22787',9,'2026-03-21 15:08:45','2026-03-21 15:08:45'),
 (191,4,NULL,'guest:b14c2685-0ea0-44c2-a591-215e0d6daa47',8,'2026-03-21 15:08:45','2026-03-21 15:08:45'),
 (192,4,NULL,'guest:c7e17288-c635-43b9-9ea7-0ed9e27c3d63',10,'2026-03-21 15:08:45','2026-03-21 15:08:45'),
 (193,4,NULL,'guest:595129ad-eecd-4833-8829-757fa03481ab',8,'2026-03-21 15:08:45','2026-03-21 15:08:45'),
 (194,4,NULL,'guest:6da4cccc-210e-4bf1-a14c-6b40767a39d2',8,'2026-03-21 15:08:45','2026-03-21 15:08:45'),
 (195,4,NULL,'guest:e4a7727b-ac53-48f6-868d-e462be013957',10,'2026-03-21 15:08:45','2026-03-21 15:08:45'),
 (196,4,NULL,'guest:f02cb1fb-1f76-499d-ba28-9685b1c750d3',8,'2026-03-21 15:08:45','2026-03-21 15:08:45'),
 (197,4,NULL,'guest:cf7d8881-f07a-4b06-8bd6-c8b8304e91ba',8,'2026-03-21 15:08:45','2026-03-21 15:08:45'),
 (198,4,NULL,'guest:61cd0cf1-2419-423d-8cb6-c52ab8121737',10,'2026-03-21 15:08:45','2026-03-21 15:08:45'),
 (199,4,NULL,'guest:3c696e78-befd-479a-b2ca-ac83f85f8a81',9,'2026-03-21 15:08:45','2026-03-21 15:08:45'),
 (200,4,NULL,'guest:b581616f-e2d7-4e9c-84c8-4a0518434775',8,'2026-03-21 15:08:45','2026-03-21 15:08:45'),
 (201,4,NULL,'guest:41796132-c9a3-4e06-b0a4-e5658c14b21c',8,'2026-03-21 15:08:45','2026-03-21 15:08:45'),
 (202,4,NULL,'guest:76120a21-991e-4f2c-8c42-74d0b1d83f59',8,'2026-03-21 15:08:45','2026-03-21 15:08:45'),
 (203,4,NULL,'guest:3a7d7a1b-45b3-4833-a35d-a84028fdd591',8,'2026-03-21 15:08:45','2026-03-21 15:08:45'),
 (204,4,NULL,'guest:34b10573-3e6b-4dca-b5a3-ed2de7923bd9',10,'2026-03-21 15:08:45','2026-03-21 15:08:45'),
 (205,4,NULL,'guest:34c6d57b-258f-4a7b-b926-affe23839cd8',10,'2026-03-21 15:08:45','2026-03-21 15:08:45'),
 (206,5,14,'user:14',12,'2026-03-21 15:08:45','2026-03-21 15:08:45'),
 (207,5,5,'user:5',14,'2026-03-21 15:08:45','2026-03-21 15:08:45'),
 (208,5,24,'user:24',14,'2026-03-21 15:08:45','2026-03-21 15:08:45'),
 (209,5,25,'user:25',12,'2026-03-21 15:08:45','2026-03-21 15:08:45'),
 (210,5,26,'user:26',14,'2026-03-21 15:08:45','2026-03-21 15:08:45'),
 (211,5,2,'user:2',13,'2026-03-21 15:08:45','2026-03-21 15:08:45'),
 (212,5,6,'user:6',13,'2026-03-21 15:08:45','2026-03-21 15:08:45'),
 (213,5,11,'user:11',12,'2026-03-21 15:08:45','2026-03-21 15:08:45'),
 (214,5,17,'user:17',12,'2026-03-21 15:08:45','2026-03-21 15:08:45'),
 (215,5,31,'user:31',14,'2026-03-21 15:08:45','2026-03-21 15:08:45'),
 (216,5,4,'user:4',14,'2026-03-21 15:08:45','2026-03-21 15:08:45'),
 (217,5,27,'user:27',11,'2026-03-21 15:08:45','2026-03-21 15:08:45'),
 (218,5,32,'user:32',13,'2026-03-21 15:08:45','2026-03-21 15:08:45'),
 (219,5,19,'user:19',13,'2026-03-21 15:08:45','2026-03-21 15:08:45'),
 (220,5,21,'user:21',14,'2026-03-21 15:08:45','2026-03-21 15:08:45'),
 (221,5,7,'user:7',13,'2026-03-21 15:08:45','2026-03-21 15:08:45'),
 (222,5,3,'user:3',12,'2026-03-21 15:08:45','2026-03-21 15:08:45'),
 (223,5,20,'user:20',11,'2026-03-21 15:08:45','2026-03-21 15:08:45'),
 (224,5,12,'user:12',13,'2026-03-21 15:08:45','2026-03-21 15:08:45'),
 (225,5,1,'user:1',14,'2026-03-21 15:08:45','2026-03-21 15:08:45'),
 (226,5,10,'user:10',11,'2026-03-21 15:08:45','2026-03-21 15:08:45'),
 (227,5,22,'user:22',12,'2026-03-21 15:08:45','2026-03-21 15:08:45'),
 (228,5,23,'user:23',12,'2026-03-21 15:08:45','2026-03-21 15:08:45'),
 (229,5,16,'user:16',12,'2026-03-21 15:08:45','2026-03-21 15:08:45'),
 (230,5,15,'user:15',13,'2026-03-21 15:08:45','2026-03-21 15:08:45'),
 (231,5,18,'user:18',12,'2026-03-21 15:08:45','2026-03-21 15:08:45'),
 (232,5,29,'user:29',14,'2026-03-21 15:08:45','2026-03-21 15:08:45'),
 (233,5,9,'user:9',13,'2026-03-21 15:08:45','2026-03-21 15:08:45'),
 (234,5,8,'user:8',12,'2026-03-21 15:08:45','2026-03-21 15:08:45'),
 (235,5,13,'user:13',14,'2026-03-21 15:08:45','2026-03-21 15:08:45'),
 (236,5,30,'user:30',14,'2026-03-21 15:08:45','2026-03-21 15:08:45'),
 (237,5,28,'user:28',12,'2026-03-21 15:08:45','2026-03-21 15:08:45'),
 (238,5,NULL,'guest:c320bfa9-fb20-4c8b-9a2c-d090485df30f',12,'2026-03-21 15:08:45','2026-03-21 15:08:45'),
 (239,5,NULL,'guest:f082b5fa-65ef-4a09-a851-601a728c289a',13,'2026-03-21 15:08:45','2026-03-21 15:08:45'),
 (240,5,NULL,'guest:50e7b423-5585-4f81-b2cc-98ff555cc481',14,'2026-03-21 15:08:45','2026-03-21 15:08:45'),
 (241,5,NULL,'guest:016e0f9c-31ec-4c8a-ad0f-f482681a8a71',11,'2026-03-21 15:08:45','2026-03-21 15:08:45'),
 (242,5,NULL,'guest:f3f6a411-3063-498e-86b0-0d2a8db4dda9',11,'2026-03-21 15:08:45','2026-03-21 15:08:45'),
 (243,5,NULL,'guest:fc871f97-9496-49ec-8f73-2037176fc68c',14,'2026-03-21 15:08:45','2026-03-21 15:08:45'),
 (244,5,NULL,'guest:457435b3-2753-40a7-89b4-b92d23ac0f26',12,'2026-03-21 15:08:45','2026-03-21 15:08:45'),
 (245,5,NULL,'guest:ed5936d6-a09f-4edb-8fd5-9558e75f0051',12,'2026-03-21 15:08:45','2026-03-21 15:08:45'),
 (246,5,NULL,'guest:10696441-512f-481e-8039-c393dcedf570',14,'2026-03-21 15:08:45','2026-03-21 15:08:45'),
 (247,5,NULL,'guest:09815853-a3e6-48f2-bcbc-e319a014494c',12,'2026-03-21 15:08:45','2026-03-21 15:08:45'),
 (248,5,NULL,'guest:aed45957-a538-4da2-ba3d-6f9440b3b498',13,'2026-03-21 15:08:45','2026-03-21 15:08:45'),
 (249,5,NULL,'guest:012be737-3f0e-4dd4-86de-4eca8b4caa75',14,'2026-03-21 15:08:45','2026-03-21 15:08:45'),
 (250,5,NULL,'guest:835805d7-edd1-497b-893a-c209601e66a9',14,'2026-03-21 15:08:45','2026-03-21 15:08:45'),
 (251,5,NULL,'guest:31c6420f-4f34-413c-a872-83e355cfca1a',14,'2026-03-21 15:08:45','2026-03-21 15:08:45'),
 (252,5,NULL,'guest:2306da73-b2e0-41ab-947d-e8a113300089',14,'2026-03-21 15:08:45','2026-03-21 15:08:45'),
 (253,5,NULL,'guest:5428d3cb-ca03-4db0-bb6f-a8b97a149c1c',11,'2026-03-21 15:08:45','2026-03-21 15:08:45'),
 (254,5,NULL,'guest:e5b6aa05-ec41-4763-be78-8a5f9e7a7e1d',14,'2026-03-21 15:08:45','2026-03-21 15:08:45'),
 (255,5,NULL,'guest:68e5bb63-190a-4ae4-834c-ddec8b329fe0',13,'2026-03-21 15:08:45','2026-03-21 15:08:45'),
 (256,5,NULL,'guest:28ed898d-9dba-449f-8bd3-95ed14b103a8',11,'2026-03-21 15:08:45','2026-03-21 15:08:45'),
 (257,5,NULL,'guest:7ddea52d-2672-46d5-b14c-c467417779c3',14,'2026-03-21 15:08:45','2026-03-21 15:08:45'),
 (258,5,NULL,'guest:aab20bc2-14b7-456d-8011-44ec5dbf33db',14,'2026-03-21 15:08:45','2026-03-21 15:08:45'),
 (259,5,NULL,'guest:1a7ad7ce-bb9f-4a5f-9257-54765a086fb8',12,'2026-03-21 15:08:45','2026-03-21 15:08:45'),
 (260,5,NULL,'guest:59512d6a-6558-445d-8e17-ece538b513d4',13,'2026-03-21 15:08:45','2026-03-21 15:08:45'),
 (261,5,NULL,'guest:7f85588f-831e-4309-97f7-c07a9fa8d001',11,'2026-03-21 15:08:45','2026-03-21 15:08:45'),
 (262,5,NULL,'guest:abba166d-8d02-4bb7-81bf-19239cc88a44',12,'2026-03-21 15:08:45','2026-03-21 15:08:45'),
 (263,5,NULL,'guest:c9ccb321-65d2-4922-998c-aa61e607dcac',14,'2026-03-21 15:08:45','2026-03-21 15:08:45'),
 (264,5,NULL,'guest:a6dacbe6-8d39-48bd-92ba-b75358156974',11,'2026-03-21 15:08:45','2026-03-21 15:08:45'),
 (265,5,NULL,'guest:c46770f3-4d1a-4052-baeb-1c6ba00796a9',11,'2026-03-21 15:08:45','2026-03-21 15:08:45'),
 (266,5,NULL,'guest:516abb99-a4c9-410d-a0b6-9e6039acec62',14,'2026-03-21 15:08:45','2026-03-21 15:08:45'),
 (267,5,NULL,'guest:14879bb1-419d-47a9-8e23-cc7f5b7575b2',12,'2026-03-21 15:08:45','2026-03-21 15:08:45'),
 (268,6,24,'user:24',16,'2026-03-21 15:08:45','2026-03-21 15:08:45'),
 (269,6,12,'user:12',15,'2026-03-21 15:08:45','2026-03-21 15:08:45'),
 (270,6,2,'user:2',15,'2026-03-21 15:08:45','2026-03-21 15:08:45'),
 (271,6,5,'user:5',15,'2026-03-21 15:08:45','2026-03-21 15:08:45'),
 (272,6,8,'user:8',15,'2026-03-21 15:08:45','2026-03-21 15:08:45'),
 (273,6,28,'user:28',15,'2026-03-21 15:08:45','2026-03-21 15:08:45'),
 (274,6,1,'user:1',15,'2026-03-21 15:08:45','2026-03-21 15:08:45'),
 (275,6,3,'user:3',16,'2026-03-21 15:08:45','2026-03-21 15:08:45'),
 (276,6,20,'user:20',16,'2026-03-21 15:08:45','2026-03-21 15:08:45'),
 (277,6,27,'user:27',16,'2026-03-21 15:08:45','2026-03-21 15:08:45'),
 (278,6,6,'user:6',16,'2026-03-21 15:08:45','2026-03-21 15:08:45'),
 (279,6,4,'user:4',15,'2026-03-21 15:08:45','2026-03-21 15:08:45'),
 (280,6,19,'user:19',16,'2026-03-21 15:08:45','2026-03-21 15:08:45'),
 (281,6,29,'user:29',16,'2026-03-21 15:08:45','2026-03-21 15:08:45'),
 (282,6,10,'user:10',16,'2026-03-21 15:08:45','2026-03-21 15:08:45'),
 (283,6,7,'user:7',15,'2026-03-21 15:08:45','2026-03-21 15:08:45'),
 (284,6,14,'user:14',16,'2026-03-21 15:08:45','2026-03-21 15:08:45'),
 (285,6,26,'user:26',16,'2026-03-21 15:08:45','2026-03-21 15:08:45'),
 (286,6,23,'user:23',16,'2026-03-21 15:08:45','2026-03-21 15:08:45'),
 (287,6,21,'user:21',15,'2026-03-21 15:08:45','2026-03-21 15:08:45'),
 (288,6,11,'user:11',16,'2026-03-21 15:08:45','2026-03-21 15:08:45'),
 (289,6,31,'user:31',16,'2026-03-21 15:08:45','2026-03-21 15:08:45'),
 (290,6,13,'user:13',15,'2026-03-21 15:08:45','2026-03-21 15:08:45'),
 (291,6,9,'user:9',15,'2026-03-21 15:08:45','2026-03-21 15:08:45'),
 (292,6,25,'user:25',15,'2026-03-21 15:08:45','2026-03-21 15:08:45'),
 (293,6,30,'user:30',16,'2026-03-21 15:08:45','2026-03-21 15:08:45'),
 (294,6,32,'user:32',16,'2026-03-21 15:08:45','2026-03-21 15:08:45'),
 (295,6,22,'user:22',15,'2026-03-21 15:08:45','2026-03-21 15:08:45'),
 (296,6,18,'user:18',16,'2026-03-21 15:08:45','2026-03-21 15:08:45'),
 (297,6,16,'user:16',16,'2026-03-21 15:08:45','2026-03-21 15:08:45'),
 (298,6,15,'user:15',16,'2026-03-21 15:08:45','2026-03-21 15:08:45'),
 (299,6,17,'user:17',16,'2026-03-21 15:08:45','2026-03-21 15:08:45'),
 (300,6,NULL,'guest:96775f81-a0fe-4a4f-a189-69260e8c2c50',16,'2026-03-21 15:08:45','2026-03-21 15:08:45'),
 (301,6,NULL,'guest:5e7fa795-8958-4bb9-ab7d-acf522976f67',16,'2026-03-21 15:08:45','2026-03-21 15:08:45'),
 (302,6,NULL,'guest:148c8c32-83dd-4ede-bed3-f2e2b4a8d4c4',16,'2026-03-21 15:08:45','2026-03-21 15:08:45'),
 (303,6,NULL,'guest:a1aa5be1-778a-45e0-8939-4b317dd54caa',15,'2026-03-21 15:08:45','2026-03-21 15:08:45'),
 (304,6,NULL,'guest:0fc503b9-4d93-4031-8106-64086758caac',16,'2026-03-21 15:08:45','2026-03-21 15:08:45'),
 (305,6,NULL,'guest:31c9d1fe-399b-4cd2-8d37-a41735cf4b4f',15,'2026-03-21 15:08:45','2026-03-21 15:08:45'),
 (306,6,NULL,'guest:087f1d28-a341-4c00-8079-fcdceb4967cd',15,'2026-03-21 15:08:45','2026-03-21 15:08:45'),
 (307,6,NULL,'guest:1f96cb8e-c9c5-4c52-94dc-1a0c36e53556',15,'2026-03-21 15:08:45','2026-03-21 15:08:45'),
 (308,6,NULL,'guest:606f711a-7ca3-470b-8201-a18c8cc2dca4',16,'2026-03-21 15:08:46','2026-03-21 15:08:46'),
 (309,6,NULL,'guest:2afd4cb4-ac56-4052-b054-86e6a202c55d',15,'2026-03-21 15:08:46','2026-03-21 15:08:46'),
 (310,6,NULL,'guest:339bc636-e709-4fdb-81ec-e3ac4fbab1a7',15,'2026-03-21 15:08:46','2026-03-21 15:08:46'),
 (311,6,NULL,'guest:0982838f-2bb4-4c44-bb3e-3b78272f9e92',16,'2026-03-21 15:08:46','2026-03-21 15:08:46'),
 (312,6,NULL,'guest:31852d58-fb6b-4892-938e-a5d61ae827a7',16,'2026-03-21 15:08:46','2026-03-21 15:08:46'),
 (313,6,NULL,'guest:ebd9abe7-79c9-4a6c-b5ba-2ef8b3082657',15,'2026-03-21 15:08:46','2026-03-21 15:08:46'),
 (314,6,NULL,'guest:5f7130f1-b9af-46b5-9c7d-cb6549a136c6',16,'2026-03-21 15:08:46','2026-03-21 15:08:46'),
 (315,6,NULL,'guest:6af0816b-a7aa-4b0b-9195-a01c957151d5',16,'2026-03-21 15:08:46','2026-03-21 15:08:46'),
 (316,6,NULL,'guest:dab029b9-3879-44e3-9d51-e09692c7c45f',16,'2026-03-21 15:08:46','2026-03-21 15:08:46'),
 (317,6,NULL,'guest:ba798b7c-4c4d-438a-ae31-c5afe830c6b7',15,'2026-03-21 15:08:46','2026-03-21 15:08:46'),
 (318,6,NULL,'guest:981665aa-708f-47d0-ac99-e69d758b7bc5',15,'2026-03-21 15:08:46','2026-03-21 15:08:46'),
 (319,6,NULL,'guest:3d12121c-2257-42c4-ae36-58beda07206f',15,'2026-03-21 15:08:46','2026-03-21 15:08:46'),
 (320,6,NULL,'guest:5d83c3e1-129f-43dc-b62f-778b4c280b0d',15,'2026-03-21 15:08:46','2026-03-21 15:08:46'),
 (321,6,NULL,'guest:adaa1bfc-8542-4601-af9b-a6b5d20d1536',16,'2026-03-21 15:08:46','2026-03-21 15:08:46'),
 (322,6,NULL,'guest:81e6d2fb-08e5-4da8-9973-32635b42a579',16,'2026-03-21 15:08:46','2026-03-21 15:08:46'),
 (323,6,NULL,'guest:8319563e-be01-4f6c-ab42-a76ee4e889fe',15,'2026-03-21 15:08:46','2026-03-21 15:08:46'),
 (324,6,NULL,'guest:0f5e00c2-e83e-4993-8040-7c5a22fcfd1e',16,'2026-03-21 15:08:46','2026-03-21 15:08:46'),
 (325,6,NULL,'guest:e9e0de54-dad0-4337-9c42-29994e1f4b3f',15,'2026-03-21 15:08:46','2026-03-21 15:08:46'),
 (326,6,NULL,'guest:02b02053-9fcf-4380-9cec-baf0c9a1df58',16,'2026-03-21 15:08:46','2026-03-21 15:08:46'),
 (327,6,NULL,'guest:8efaf16b-7d94-4a3c-85f4-90e0f01acdf4',15,'2026-03-21 15:08:46','2026-03-21 15:08:46'),
 (328,6,NULL,'guest:92bef9bb-a36e-4f7f-a10b-7c4768a9e0e8',15,'2026-03-21 15:08:46','2026-03-21 15:08:46'),
 (329,6,NULL,'guest:cd7e8322-7909-4684-a4ef-16c2ee4c3216',15,'2026-03-21 15:08:46','2026-03-21 15:08:46'),
 (330,6,NULL,'guest:5c85551f-b7de-43f9-b468-f0f769135125',15,'2026-03-21 15:08:46','2026-03-21 15:08:46'),
 (331,7,28,'user:28',19,'2026-03-21 15:08:46','2026-03-21 15:08:46'),
 (332,7,22,'user:22',18,'2026-03-21 15:08:46','2026-03-21 15:08:46'),
 (333,7,23,'user:23',17,'2026-03-21 15:08:46','2026-03-21 15:08:46'),
 (334,7,9,'user:9',18,'2026-03-21 15:08:46','2026-03-21 15:08:46'),
 (335,7,15,'user:15',18,'2026-03-21 15:08:46','2026-03-21 15:08:46'),
 (336,7,4,'user:4',18,'2026-03-21 15:08:46','2026-03-21 15:08:46'),
 (337,7,2,'user:2',18,'2026-03-21 15:08:46','2026-03-21 15:08:46'),
 (338,7,10,'user:10',19,'2026-03-21 15:08:46','2026-03-21 15:08:46'),
 (339,7,5,'user:5',18,'2026-03-21 15:08:46','2026-03-21 15:08:46'),
 (340,7,6,'user:6',17,'2026-03-21 15:08:46','2026-03-21 15:08:46'),
 (341,7,20,'user:20',18,'2026-03-21 15:08:46','2026-03-21 15:08:46'),
 (342,7,31,'user:31',17,'2026-03-21 15:08:46','2026-03-21 15:08:46'),
 (343,7,7,'user:7',17,'2026-03-21 15:08:46','2026-03-21 15:08:46'),
 (344,7,30,'user:30',17,'2026-03-21 15:08:46','2026-03-21 15:08:46'),
 (345,7,1,'user:1',19,'2026-03-21 15:08:46','2026-03-21 15:08:46'),
 (346,7,3,'user:3',19,'2026-03-21 15:08:46','2026-03-21 15:08:46'),
 (347,7,29,'user:29',17,'2026-03-21 15:08:46','2026-03-21 15:08:46'),
 (348,7,12,'user:12',19,'2026-03-21 15:08:46','2026-03-21 15:08:46'),
 (349,7,17,'user:17',19,'2026-03-21 15:08:46','2026-03-21 15:08:46'),
 (350,7,25,'user:25',19,'2026-03-21 15:08:46','2026-03-21 15:08:46'),
 (351,7,16,'user:16',19,'2026-03-21 15:08:46','2026-03-21 15:08:46'),
 (352,7,26,'user:26',19,'2026-03-21 15:08:46','2026-03-21 15:08:46'),
 (353,7,11,'user:11',19,'2026-03-21 15:08:46','2026-03-21 15:08:46'),
 (354,7,19,'user:19',19,'2026-03-21 15:08:46','2026-03-21 15:08:46'),
 (355,7,21,'user:21',18,'2026-03-21 15:08:46','2026-03-21 15:08:46'),
 (356,7,13,'user:13',19,'2026-03-21 15:08:46','2026-03-21 15:08:46'),
 (357,7,32,'user:32',19,'2026-03-21 15:08:46','2026-03-21 15:08:46'),
 (358,7,27,'user:27',18,'2026-03-21 15:08:46','2026-03-21 15:08:46'),
 (359,7,24,'user:24',19,'2026-03-21 15:08:46','2026-03-21 15:08:46'),
 (360,7,14,'user:14',19,'2026-03-21 15:08:46','2026-03-21 15:08:46'),
 (361,7,NULL,'guest:3f1eeb76-0dc3-46f1-bc57-9498c5c8a11f',18,'2026-03-21 15:08:46','2026-03-21 15:08:46'),
 (362,7,NULL,'guest:4ed7f307-17e7-41ce-9214-1ae536af895a',19,'2026-03-21 15:08:46','2026-03-21 15:08:46'),
 (363,7,NULL,'guest:4e876be3-dfb7-45db-b32b-2857ff29b2ea',19,'2026-03-21 15:08:46','2026-03-21 15:08:46'),
 (364,7,NULL,'guest:d9df2b8a-955b-4be2-ac14-d62f9ee8c431',17,'2026-03-21 15:08:46','2026-03-21 15:08:46'),
 (365,7,NULL,'guest:2d19476b-d548-4771-b08c-8180a77e562e',19,'2026-03-21 15:08:46','2026-03-21 15:08:46'),
 (366,7,NULL,'guest:56ce1333-9d83-40e5-8c1b-d5e0be03dbe3',17,'2026-03-21 15:08:46','2026-03-21 15:08:46'),
 (367,7,NULL,'guest:c1800088-1570-41d0-aac2-51452c56a3bd',19,'2026-03-21 15:08:46','2026-03-21 15:08:46'),
 (368,7,NULL,'guest:cf5a5bb4-d782-4be0-8873-267a7f611a16',18,'2026-03-21 15:08:46','2026-03-21 15:08:46'),
 (369,7,NULL,'guest:99c14784-a5b5-426e-bcf2-545bb0b7eaad',19,'2026-03-21 15:08:46','2026-03-21 15:08:46'),
 (370,7,NULL,'guest:7db15bbc-9f20-488e-8743-b87f47b89e71',18,'2026-03-21 15:08:46','2026-03-21 15:08:46'),
 (371,7,NULL,'guest:d33c8a77-7d82-40bb-8cee-4655a7208278',19,'2026-03-21 15:08:46','2026-03-21 15:08:46'),
 (372,7,NULL,'guest:46be38f4-58c0-4778-a65f-cf374348b37b',19,'2026-03-21 15:08:46','2026-03-21 15:08:46'),
 (373,7,NULL,'guest:45e139d1-5c8d-4043-b623-869b2146bba6',17,'2026-03-21 15:08:46','2026-03-21 15:08:46'),
 (374,7,NULL,'guest:5374b2fb-aa40-4a16-8be9-166e3e57bf1f',18,'2026-03-21 15:08:46','2026-03-21 15:08:46'),
 (375,7,NULL,'guest:5e434aae-e80a-45d0-bb4c-e0ad34b62faa',19,'2026-03-21 15:08:46','2026-03-21 15:08:46'),
 (376,7,NULL,'guest:fd8686a3-7c1a-4955-a0dc-6e54c433fcb0',19,'2026-03-21 15:08:46','2026-03-21 15:08:46'),
 (377,7,NULL,'guest:05ac0816-c183-41b1-8707-df31ee603b5a',19,'2026-03-21 15:08:46','2026-03-21 15:08:46'),
 (378,7,NULL,'guest:da9f2096-54a6-4f1b-be34-ffcc1dca1726',18,'2026-03-21 15:08:46','2026-03-21 15:08:46'),
 (379,7,NULL,'guest:2639ff93-d5dd-46d2-90aa-0c3efa770481',17,'2026-03-21 15:08:46','2026-03-21 15:08:46'),
 (380,7,NULL,'guest:af99c10c-3613-4b5e-b9c2-e7cb9611c065',18,'2026-03-21 15:08:46','2026-03-21 15:08:46'),
 (381,7,NULL,'guest:3ee42f82-f2d6-4e75-b84c-15f2ce499b19',18,'2026-03-21 15:08:46','2026-03-21 15:08:46'),
 (382,7,NULL,'guest:4c106023-60bd-470b-a23f-20f575fd52e8',19,'2026-03-21 15:08:46','2026-03-21 15:08:46'),
 (383,7,NULL,'guest:901deb30-b25c-4051-8b4f-479e7911d8cf',18,'2026-03-21 15:08:46','2026-03-21 15:08:46'),
 (384,7,NULL,'guest:a0c11b89-9b2b-411e-b957-dd48b2e8513c',19,'2026-03-21 15:08:46','2026-03-21 15:08:46'),
 (385,7,NULL,'guest:86797d41-cc22-420a-bb4c-91378116a487',17,'2026-03-21 15:08:46','2026-03-21 15:08:46'),
 (386,7,NULL,'guest:53c3ca51-5a10-4b2a-b33b-e2817b6e45db',18,'2026-03-21 15:08:46','2026-03-21 15:08:46'),
 (387,7,NULL,'guest:e157b8c8-e500-4a42-9d03-1a4b29b32b28',17,'2026-03-21 15:08:46','2026-03-21 15:08:46'),
 (388,7,NULL,'guest:9cfda70b-3c74-4161-a338-12d15068ad0a',17,'2026-03-21 15:08:46','2026-03-21 15:08:46'),
 (389,7,NULL,'guest:ca71d9f8-39aa-459b-8e90-e8f3238550f1',19,'2026-03-21 15:08:46','2026-03-21 15:08:46'),
 (390,7,NULL,'guest:db108d08-6f60-4bfa-8e56-89f33eeabed0',19,'2026-03-21 15:08:46','2026-03-21 15:08:46'),
 (391,7,NULL,'guest:2cfe9928-7de1-4a8f-86c7-c73ddf149490',17,'2026-03-21 15:08:46','2026-03-21 15:08:46'),
 (392,7,NULL,'guest:51fe3959-57d4-4d34-9d2a-997152f51408',19,'2026-03-21 15:08:46','2026-03-21 15:08:46'),
 (393,7,NULL,'guest:138e004c-387d-4fea-8fc3-a8b01c22b0a1',19,'2026-03-21 15:08:46','2026-03-21 15:08:46'),
 (394,7,NULL,'guest:a47ce386-65eb-42a9-91d3-5db626d7b21e',19,'2026-03-21 15:08:46','2026-03-21 15:08:46'),
 (395,8,8,'user:8',22,'2026-03-21 15:08:46','2026-03-21 15:08:46'),
 (396,8,25,'user:25',21,'2026-03-21 15:08:46','2026-03-21 15:08:46'),
 (397,8,23,'user:23',20,'2026-03-21 15:08:46','2026-03-21 15:08:46'),
 (398,8,28,'user:28',22,'2026-03-21 15:08:46','2026-03-21 15:08:46'),
 (399,8,31,'user:31',21,'2026-03-21 15:08:46','2026-03-21 15:08:46'),
 (400,8,5,'user:5',22,'2026-03-21 15:08:46','2026-03-21 15:08:46'),
 (401,8,27,'user:27',20,'2026-03-21 15:08:46','2026-03-21 15:08:46'),
 (402,8,19,'user:19',22,'2026-03-21 15:08:46','2026-03-21 15:08:46'),
 (403,8,6,'user:6',22,'2026-03-21 15:08:46','2026-03-21 15:08:46'),
 (404,8,22,'user:22',20,'2026-03-21 15:08:46','2026-03-21 15:08:46'),
 (405,8,24,'user:24',21,'2026-03-21 15:08:46','2026-03-21 15:08:46'),
 (406,8,26,'user:26',21,'2026-03-21 15:08:46','2026-03-21 15:08:46'),
 (407,8,20,'user:20',22,'2026-03-21 15:08:46','2026-03-21 15:08:46'),
 (408,8,7,'user:7',21,'2026-03-21 15:08:46','2026-03-21 15:08:46'),
 (409,8,30,'user:30',21,'2026-03-21 15:08:46','2026-03-21 15:08:46'),
 (410,8,13,'user:13',20,'2026-03-21 15:08:46','2026-03-21 15:08:46'),
 (411,8,14,'user:14',22,'2026-03-21 15:08:46','2026-03-21 15:08:46'),
 (412,8,9,'user:9',21,'2026-03-21 15:08:46','2026-03-21 15:08:46'),
 (413,8,10,'user:10',22,'2026-03-21 15:08:46','2026-03-21 15:08:46'),
 (414,8,3,'user:3',20,'2026-03-21 15:08:46','2026-03-21 15:08:46'),
 (415,8,16,'user:16',22,'2026-03-21 15:08:46','2026-03-21 15:08:46'),
 (416,8,32,'user:32',20,'2026-03-21 15:08:46','2026-03-21 15:08:46'),
 (417,8,NULL,'guest:1b090fa9-ef8f-4023-aa7e-4455917573ff',20,'2026-03-21 15:08:46','2026-03-21 15:08:46'),
 (418,8,NULL,'guest:81552f7a-8493-45cf-93d3-6cb05538e7a4',20,'2026-03-21 15:08:46','2026-03-21 15:08:46'),
 (419,8,NULL,'guest:ec095ea7-1ed4-4a98-a3b7-2ffed146d977',21,'2026-03-21 15:08:46','2026-03-21 15:08:46'),
 (420,8,NULL,'guest:8d8438c8-ca8d-4467-ac50-3de25781f346',20,'2026-03-21 15:08:46','2026-03-21 15:08:46'),
 (421,8,NULL,'guest:2dc6c047-dc23-4a72-89b8-293cc17481d4',22,'2026-03-21 15:08:46','2026-03-21 15:08:46'),
 (422,8,NULL,'guest:83ef4099-f333-4adc-8b95-84fe6ff612e5',20,'2026-03-21 15:08:46','2026-03-21 15:08:46'),
 (423,8,NULL,'guest:22171e88-b093-4182-a345-aa4aa55a72a5',20,'2026-03-21 15:08:46','2026-03-21 15:08:46'),
 (424,8,NULL,'guest:1eec96c6-b833-4ec8-9fa1-9518d4366fb4',20,'2026-03-21 15:08:46','2026-03-21 15:08:46'),
 (425,8,NULL,'guest:4dceba5d-3599-45c8-992a-dd39d18b189b',22,'2026-03-21 15:08:46','2026-03-21 15:08:46'),
 (426,8,NULL,'guest:1b6d0b05-a545-43d9-ba70-cca4b76475cf',22,'2026-03-21 15:08:46','2026-03-21 15:08:46'),
 (427,8,NULL,'guest:93f8d72f-538a-46f6-9e37-b3f883b371fa',21,'2026-03-21 15:08:46','2026-03-21 15:08:46'),
 (428,8,NULL,'guest:4f36449c-29ae-4836-95e6-8085c8c4ec0e',22,'2026-03-21 15:08:46','2026-03-21 15:08:46'),
 (429,8,NULL,'guest:cd6eba3b-a709-4984-a38c-c2064edb9053',20,'2026-03-21 15:08:46','2026-03-21 15:08:46'),
 (430,8,NULL,'guest:ca7bee87-7f4b-462d-a160-f233256d6f70',22,'2026-03-21 15:08:46','2026-03-21 15:08:46'),
 (431,8,NULL,'guest:d82a46b0-fd27-4733-abab-872167040a51',20,'2026-03-21 15:08:46','2026-03-21 15:08:46'),
 (432,8,NULL,'guest:c8b7ea84-a509-4432-90ae-721ac01c0fa0',21,'2026-03-21 15:08:46','2026-03-21 15:08:46'),
 (433,8,NULL,'guest:36e99e83-272a-4b13-a90c-7b64949202e4',22,'2026-03-21 15:08:46','2026-03-21 15:08:46'),
 (434,8,NULL,'guest:6d8de689-a4f0-4cbd-9f0b-ea6a9a73649f',21,'2026-03-21 15:08:46','2026-03-21 15:08:46'),
 (435,8,NULL,'guest:bb91c818-aff5-43f0-9560-a8b6b5dfe278',20,'2026-03-21 15:08:46','2026-03-21 15:08:46'),
 (436,8,NULL,'guest:b3388e56-1351-43b1-975a-ca5122146a1e',21,'2026-03-21 15:08:46','2026-03-21 15:08:46'),
 (437,8,NULL,'guest:be10557c-11dd-4549-a6f6-b5e7c67e3dc4',22,'2026-03-21 15:08:46','2026-03-21 15:08:46'),
 (438,8,NULL,'guest:15c8a6d2-13e2-44cf-87e0-4988f6a3370f',21,'2026-03-21 15:08:46','2026-03-21 15:08:46'),
 (439,8,NULL,'guest:964915bb-39d9-4b58-bf68-7e424945dbba',20,'2026-03-21 15:08:46','2026-03-21 15:08:46'),
 (440,9,6,'user:6',24,'2026-03-21 15:08:46','2026-03-21 15:08:46'),
 (441,9,13,'user:13',24,'2026-03-21 15:08:46','2026-03-21 15:08:46'),
 (442,9,18,'user:18',23,'2026-03-21 15:08:46','2026-03-21 15:08:46'),
 (443,9,9,'user:9',23,'2026-03-21 15:08:46','2026-03-21 15:08:46'),
 (444,9,11,'user:11',23,'2026-03-21 15:08:46','2026-03-21 15:08:46'),
 (445,9,32,'user:32',24,'2026-03-21 15:08:46','2026-03-21 15:08:46'),
 (446,9,28,'user:28',23,'2026-03-21 15:08:46','2026-03-21 15:08:46'),
 (447,9,2,'user:2',23,'2026-03-21 15:08:46','2026-03-21 15:08:46'),
 (448,9,1,'user:1',23,'2026-03-21 15:08:46','2026-03-21 15:08:46'),
 (449,9,17,'user:17',24,'2026-03-21 15:08:46','2026-03-21 15:08:46'),
 (450,9,22,'user:22',23,'2026-03-21 15:08:46','2026-03-21 15:08:46'),
 (451,9,3,'user:3',23,'2026-03-21 15:08:46','2026-03-21 15:08:46'),
 (452,9,10,'user:10',24,'2026-03-21 15:08:46','2026-03-21 15:08:46'),
 (453,9,27,'user:27',24,'2026-03-21 15:08:46','2026-03-21 15:08:46'),
 (454,9,8,'user:8',23,'2026-03-21 15:08:46','2026-03-21 15:08:46'),
 (455,9,19,'user:19',24,'2026-03-21 15:08:46','2026-03-21 15:08:46'),
 (456,9,29,'user:29',23,'2026-03-21 15:08:46','2026-03-21 15:08:46'),
 (457,9,15,'user:15',23,'2026-03-21 15:08:46','2026-03-21 15:08:46'),
 (458,9,12,'user:12',24,'2026-03-21 15:08:46','2026-03-21 15:08:46'),
 (459,9,23,'user:23',24,'2026-03-21 15:08:46','2026-03-21 15:08:46'),
 (460,9,30,'user:30',23,'2026-03-21 15:08:46','2026-03-21 15:08:46'),
 (461,9,14,'user:14',24,'2026-03-21 15:08:46','2026-03-21 15:08:46'),
 (462,9,24,'user:24',24,'2026-03-21 15:08:46','2026-03-21 15:08:46'),
 (463,9,4,'user:4',23,'2026-03-21 15:08:46','2026-03-21 15:08:46'),
 (464,9,26,'user:26',23,'2026-03-21 15:08:46','2026-03-21 15:08:46'),
 (465,9,20,'user:20',24,'2026-03-21 15:08:46','2026-03-21 15:08:46'),
 (466,9,7,'user:7',24,'2026-03-21 15:08:46','2026-03-21 15:08:46'),
 (467,9,31,'user:31',23,'2026-03-21 15:08:46','2026-03-21 15:08:46'),
 (468,9,5,'user:5',23,'2026-03-21 15:08:46','2026-03-21 15:08:46'),
 (469,9,16,'user:16',24,'2026-03-21 15:08:46','2026-03-21 15:08:46'),
 (470,9,21,'user:21',23,'2026-03-21 15:08:46','2026-03-21 15:08:46'),
 (471,9,25,'user:25',23,'2026-03-21 15:08:46','2026-03-21 15:08:46'),
 (472,9,NULL,'guest:e6a3cdc9-9dd3-4131-b296-f20cbe503a84',24,'2026-03-21 15:08:46','2026-03-21 15:08:46'),
 (473,9,NULL,'guest:16cdd6f9-a7c9-4ec0-ad87-aea58d938e90',24,'2026-03-21 15:08:46','2026-03-21 15:08:46'),
 (474,9,NULL,'guest:333c6f9f-2c60-429a-93cb-60d456532185',24,'2026-03-21 15:08:46','2026-03-21 15:08:46'),
 (475,9,NULL,'guest:bcee409c-1ed5-4084-999f-4a873d9d10db',23,'2026-03-21 15:08:46','2026-03-21 15:08:46'),
 (476,9,NULL,'guest:ccc98d04-314e-4dcf-8d43-9499676dff46',23,'2026-03-21 15:08:46','2026-03-21 15:08:46'),
 (477,9,NULL,'guest:57d36053-8d35-432d-a215-482e44749601',24,'2026-03-21 15:08:46','2026-03-21 15:08:46'),
 (478,9,NULL,'guest:464b6acf-3966-46c5-8c3a-4b3532dd883b',23,'2026-03-21 15:08:46','2026-03-21 15:08:46'),
 (479,9,NULL,'guest:ea990cb0-3543-42e8-913e-d35582da651f',24,'2026-03-21 15:08:46','2026-03-21 15:08:46'),
 (480,9,NULL,'guest:0165f81b-6cb2-4d8d-bf97-e20f48353e34',24,'2026-03-21 15:08:46','2026-03-21 15:08:46'),
 (481,9,NULL,'guest:a4fa1143-bf29-4cb2-9fdb-17dd60929b39',24,'2026-03-21 15:08:46','2026-03-21 15:08:46'),
 (482,9,NULL,'guest:9865becb-6a4e-41f6-a315-f1e7b470f0c8',23,'2026-03-21 15:08:46','2026-03-21 15:08:46'),
 (483,9,NULL,'guest:bbeab691-ac78-40b6-a7e3-98d1e1b9de1d',24,'2026-03-21 15:08:46','2026-03-21 15:08:46'),
 (484,9,NULL,'guest:a2f428e4-9e90-4910-bc40-bc9922530374',23,'2026-03-21 15:08:46','2026-03-21 15:08:46'),
 (485,9,NULL,'guest:05901b6c-dabc-4cea-8fbb-c455e05a20b6',23,'2026-03-21 15:08:46','2026-03-21 15:08:46'),
 (486,9,NULL,'guest:6e5dd79d-f68f-4edb-9d27-749f50b3353a',23,'2026-03-21 15:08:46','2026-03-21 15:08:46'),
 (487,9,NULL,'guest:4a28363f-cbc5-49a1-b8c0-1abea7a3427e',24,'2026-03-21 15:08:46','2026-03-21 15:08:46'),
 (488,9,NULL,'guest:4797a5e8-42ab-4283-99e8-05a7b7155aac',23,'2026-03-21 15:08:46','2026-03-21 15:08:46'),
 (489,9,NULL,'guest:004514b2-e5b4-4285-aa12-06ca70d63570',24,'2026-03-21 15:08:46','2026-03-21 15:08:46'),
 (490,9,NULL,'guest:fa71684e-a3dc-46f0-864a-b730011f9dca',24,'2026-03-21 15:08:46','2026-03-21 15:08:46'),
 (491,9,NULL,'guest:634f9457-0f0f-44c8-a48e-2e7c7bc73f58',24,'2026-03-21 15:08:46','2026-03-21 15:08:46'),
 (492,9,NULL,'guest:83f9dfe1-2981-4ca3-81fb-3a4b65cf9a18',23,'2026-03-21 15:08:46','2026-03-21 15:08:46'),
 (493,9,NULL,'guest:943eb532-3ff3-4b24-800f-36ef4a0c3df2',23,'2026-03-21 15:08:46','2026-03-21 15:08:46'),
 (494,9,NULL,'guest:81d3fdec-abf7-4f85-9c98-b3cbdd451041',23,'2026-03-21 15:08:46','2026-03-21 15:08:46'),
 (495,9,NULL,'guest:ee56eae1-f096-4ddd-bb7e-7e111a189f50',24,'2026-03-21 15:08:46','2026-03-21 15:08:46'),
 (496,9,NULL,'guest:9ae8141e-597b-476a-ae5f-5a73ec12958c',24,'2026-03-21 15:08:46','2026-03-21 15:08:46'),
 (497,9,NULL,'guest:db9fb787-b40a-4d62-a0f3-09edbbc4403c',23,'2026-03-21 15:08:46','2026-03-21 15:08:46'),
 (498,9,NULL,'guest:4768c580-f6c3-4bd5-8d83-2ed22ab0936b',24,'2026-03-21 15:08:46','2026-03-21 15:08:46'),
 (499,9,NULL,'guest:5139aef3-336a-4ba2-994c-449252d7d656',23,'2026-03-21 15:08:46','2026-03-21 15:08:46'),
 (500,9,NULL,'guest:a909f0b0-66c8-49a3-bdf7-ddf8c3c0b708',23,'2026-03-21 15:08:46','2026-03-21 15:08:46'),
 (501,9,NULL,'guest:3eb1b590-2bdb-40da-8d31-bb6b14d1d389',23,'2026-03-21 15:08:46','2026-03-21 15:08:46'),
 (502,9,NULL,'guest:2f610d02-e509-43a0-a213-76ccca8fda3e',24,'2026-03-21 15:08:46','2026-03-21 15:08:46'),
 (503,9,NULL,'guest:52c8cf33-ccf9-4a43-9d4a-8e7d327526cb',23,'2026-03-21 15:08:46','2026-03-21 15:08:46'),
 (504,9,NULL,'guest:3da6b99c-bb1f-44d5-8962-5274be1e8db1',24,'2026-03-21 15:08:46','2026-03-21 15:08:46'),
 (505,9,NULL,'guest:955cf1b4-0167-44c5-a53a-6339d79e93a0',24,'2026-03-21 15:08:46','2026-03-21 15:08:46'),
 (506,9,NULL,'guest:1f107a49-9c4a-41a3-aa4e-757ef91e353f',23,'2026-03-21 15:08:46','2026-03-21 15:08:46'),
 (507,10,2,'user:2',26,'2026-03-21 15:08:46','2026-03-21 15:08:46'),
 (508,10,24,'user:24',28,'2026-03-21 15:08:46','2026-03-21 15:08:46'),
 (509,10,3,'user:3',26,'2026-03-21 15:08:46','2026-03-21 15:08:46'),
 (510,10,8,'user:8',26,'2026-03-21 15:08:46','2026-03-21 15:08:46'),
 (511,10,29,'user:29',26,'2026-03-21 15:08:46','2026-03-21 15:08:46'),
 (512,10,7,'user:7',28,'2026-03-21 15:08:46','2026-03-21 15:08:46'),
 (513,10,13,'user:13',26,'2026-03-21 15:08:46','2026-03-21 15:08:46'),
 (514,10,22,'user:22',28,'2026-03-21 15:08:46','2026-03-21 15:08:46'),
 (515,10,25,'user:25',27,'2026-03-21 15:08:46','2026-03-21 15:08:46'),
 (516,10,31,'user:31',25,'2026-03-21 15:08:46','2026-03-21 15:08:46'),
 (517,10,26,'user:26',28,'2026-03-21 15:08:46','2026-03-21 15:08:46'),
 (518,10,14,'user:14',25,'2026-03-21 15:08:46','2026-03-21 15:08:46'),
 (519,10,30,'user:30',28,'2026-03-21 15:08:46','2026-03-21 15:08:46'),
 (520,10,12,'user:12',28,'2026-03-21 15:08:46','2026-03-21 15:08:46'),
 (521,10,16,'user:16',26,'2026-03-21 15:08:46','2026-03-21 15:08:46'),
 (522,10,11,'user:11',25,'2026-03-21 15:08:46','2026-03-21 15:08:46'),
 (523,10,32,'user:32',26,'2026-03-21 15:08:46','2026-03-21 15:08:46'),
 (524,10,1,'user:1',27,'2026-03-21 15:08:46','2026-03-21 15:08:46'),
 (525,10,15,'user:15',26,'2026-03-21 15:08:46','2026-03-21 15:08:46'),
 (526,10,9,'user:9',25,'2026-03-21 15:08:46','2026-03-21 15:08:46'),
 (527,10,20,'user:20',25,'2026-03-21 15:08:46','2026-03-21 15:08:46'),
 (528,10,10,'user:10',28,'2026-03-21 15:08:46','2026-03-21 15:08:46'),
 (529,10,17,'user:17',25,'2026-03-21 15:08:46','2026-03-21 15:08:46'),
 (530,10,6,'user:6',28,'2026-03-21 15:08:46','2026-03-21 15:08:46'),
 (531,10,5,'user:5',26,'2026-03-21 15:08:46','2026-03-21 15:08:46'),
 (532,10,23,'user:23',25,'2026-03-21 15:08:46','2026-03-21 15:08:46'),
 (533,10,28,'user:28',27,'2026-03-21 15:08:46','2026-03-21 15:08:46'),
 (534,10,4,'user:4',27,'2026-03-21 15:08:46','2026-03-21 15:08:46'),
 (535,10,21,'user:21',25,'2026-03-21 15:08:46','2026-03-21 15:08:46'),
 (536,10,27,'user:27',25,'2026-03-21 15:08:46','2026-03-21 15:08:46'),
 (537,10,18,'user:18',26,'2026-03-21 15:08:46','2026-03-21 15:08:46'),
 (538,10,19,'user:19',28,'2026-03-21 15:08:46','2026-03-21 15:08:46'),
 (539,10,NULL,'guest:5a1efbe2-5397-425a-bdfb-32e9cf0a6269',27,'2026-03-21 15:08:46','2026-03-21 15:08:46'),
 (540,10,NULL,'guest:00eaa70f-0bfe-4290-8259-636e0dbe56ef',27,'2026-03-21 15:08:46','2026-03-21 15:08:46'),
 (541,10,NULL,'guest:704187a4-b930-4a10-9a5c-b3017f574e4e',28,'2026-03-21 15:08:46','2026-03-21 15:08:46'),
 (542,10,NULL,'guest:16b86fbb-ae68-4fc9-9c2c-7e6da5b0d26b',28,'2026-03-21 15:08:46','2026-03-21 15:08:46'),
 (543,10,NULL,'guest:de44cc2c-61df-4a6e-989c-ea1d50ac52f3',26,'2026-03-21 15:08:46','2026-03-21 15:08:46'),
 (544,10,NULL,'guest:61291ba5-a23e-44b3-b064-159bc01aa58f',26,'2026-03-21 15:08:46','2026-03-21 15:08:46'),
 (545,10,NULL,'guest:b6390e8a-a52c-42f9-b9fd-d51730512920',27,'2026-03-21 15:08:46','2026-03-21 15:08:46'),
 (546,10,NULL,'guest:9a3ef013-bb3d-4dec-82e2-9bf3afc6d11c',28,'2026-03-21 15:08:46','2026-03-21 15:08:46'),
 (547,10,NULL,'guest:72e64e83-cf11-4d1e-9844-1246706ecdf3',28,'2026-03-21 15:08:46','2026-03-21 15:08:46'),
 (548,10,NULL,'guest:bdf54446-3650-4281-b267-08ab5754525d',28,'2026-03-21 15:08:46','2026-03-21 15:08:46'),
 (549,10,NULL,'guest:c3b1e70e-be6d-405a-8874-67501c46e8b0',25,'2026-03-21 15:08:46','2026-03-21 15:08:46'),
 (550,10,NULL,'guest:5d378974-92ec-440f-b2e0-97437ce90580',28,'2026-03-21 15:08:46','2026-03-21 15:08:46'),
 (551,10,NULL,'guest:6b597962-ac25-46d1-b505-4ef187c88a7a',27,'2026-03-21 15:08:46','2026-03-21 15:08:46'),
 (552,10,NULL,'guest:0d2f213c-2527-4efd-9ef1-79450eca8b2c',26,'2026-03-21 15:08:46','2026-03-21 15:08:46'),
 (553,10,NULL,'guest:09b4050d-c29d-4690-825c-2b2fa63762a2',25,'2026-03-21 15:08:46','2026-03-21 15:08:46'),
 (554,10,NULL,'guest:98ff8887-2b15-46db-b4b3-6ffa9663d310',26,'2026-03-21 15:08:46','2026-03-21 15:08:46'),
 (555,10,NULL,'guest:9d263352-5c08-41f4-a848-0c89c37a10b3',28,'2026-03-21 15:08:46','2026-03-21 15:08:46'),
 (556,10,NULL,'guest:9e661a86-0d85-4220-b958-3b29f39baf2a',28,'2026-03-21 15:08:46','2026-03-21 15:08:46'),
 (557,10,NULL,'guest:f270d2d8-6b24-4dbc-aeea-0715ae3c506e',26,'2026-03-21 15:08:46','2026-03-21 15:08:46'),
 (558,11,13,'user:13',29,'2026-03-21 15:08:46','2026-03-21 15:08:46'),
 (559,11,2,'user:2',29,'2026-03-21 15:08:46','2026-03-21 15:08:46'),
 (560,11,27,'user:27',31,'2026-03-21 15:08:46','2026-03-21 15:08:46'),
 (561,11,14,'user:14',32,'2026-03-21 15:08:46','2026-03-21 15:08:46'),
 (562,11,18,'user:18',31,'2026-03-21 15:08:46','2026-03-21 15:08:46'),
 (563,11,24,'user:24',32,'2026-03-21 15:08:46','2026-03-21 15:08:46'),
 (564,11,6,'user:6',29,'2026-03-21 15:08:46','2026-03-21 15:08:46'),
 (565,11,10,'user:10',32,'2026-03-21 15:08:46','2026-03-21 15:08:46'),
 (566,11,32,'user:32',29,'2026-03-21 15:08:46','2026-03-21 15:08:46'),
 (567,11,17,'user:17',30,'2026-03-21 15:08:46','2026-03-21 15:08:46'),
 (568,11,19,'user:19',30,'2026-03-21 15:08:46','2026-03-21 15:08:46'),
 (569,11,7,'user:7',30,'2026-03-21 15:08:46','2026-03-21 15:08:46'),
 (570,11,9,'user:9',31,'2026-03-21 15:08:46','2026-03-21 15:08:46'),
 (571,11,25,'user:25',30,'2026-03-21 15:08:46','2026-03-21 15:08:46'),
 (572,11,3,'user:3',29,'2026-03-21 15:08:46','2026-03-21 15:08:46'),
 (573,11,12,'user:12',30,'2026-03-21 15:08:46','2026-03-21 15:08:46'),
 (574,11,16,'user:16',32,'2026-03-21 15:08:46','2026-03-21 15:08:46'),
 (575,11,15,'user:15',32,'2026-03-21 15:08:46','2026-03-21 15:08:46'),
 (576,11,22,'user:22',31,'2026-03-21 15:08:46','2026-03-21 15:08:46'),
 (577,11,31,'user:31',30,'2026-03-21 15:08:46','2026-03-21 15:08:46'),
 (578,11,26,'user:26',30,'2026-03-21 15:08:46','2026-03-21 15:08:46'),
 (579,11,20,'user:20',32,'2026-03-21 15:08:46','2026-03-21 15:08:46'),
 (580,11,NULL,'guest:3741d918-aa73-4fe0-b74e-52b5f4b940bb',32,'2026-03-21 15:08:46','2026-03-21 15:08:46'),
 (581,11,NULL,'guest:cb2af148-03ce-4f51-87e4-4bd45abdd2ea',29,'2026-03-21 15:08:46','2026-03-21 15:08:46'),
 (582,11,NULL,'guest:74b9ae17-0383-433b-a1d9-3978412c1297',30,'2026-03-21 15:08:46','2026-03-21 15:08:46'),
 (583,11,NULL,'guest:7a83d372-da9d-439e-9c47-2e6b01073bb5',32,'2026-03-21 15:08:46','2026-03-21 15:08:46'),
 (584,11,NULL,'guest:b6bcb007-038c-4083-a275-58dc53752e44',32,'2026-03-21 15:08:46','2026-03-21 15:08:46'),
 (585,11,NULL,'guest:3c16b8d0-3e94-43b0-9425-1fdf7d035d88',31,'2026-03-21 15:08:46','2026-03-21 15:08:46'),
 (586,11,NULL,'guest:f88f6d4d-a11e-477d-8932-91dcc54623a8',29,'2026-03-21 15:08:46','2026-03-21 15:08:46'),
 (587,11,NULL,'guest:86f89bc4-c376-46e9-a2b0-f0ff86ff1af4',31,'2026-03-21 15:08:46','2026-03-21 15:08:46'),
 (588,11,NULL,'guest:23f2320f-3741-46b0-a162-f428bbd7c2af',29,'2026-03-21 15:08:46','2026-03-21 15:08:46'),
 (589,11,NULL,'guest:caaf9b8a-3d06-4a13-a35f-6b225d306941',30,'2026-03-21 15:08:46','2026-03-21 15:08:46'),
 (590,11,NULL,'guest:d0554bab-af21-4427-b0f2-cb33c329f5c4',31,'2026-03-21 15:08:46','2026-03-21 15:08:46'),
 (591,11,NULL,'guest:5c11c96f-5041-4241-ae4c-9e16b4db0cbc',31,'2026-03-21 15:08:46','2026-03-21 15:08:46'),
 (592,12,32,'user:32',34,'2026-03-21 15:08:46','2026-03-21 15:08:46'),
 (593,12,7,'user:7',34,'2026-03-21 15:08:46','2026-03-21 15:08:46'),
 (594,12,29,'user:29',34,'2026-03-21 15:08:46','2026-03-21 15:08:46'),
 (595,12,21,'user:21',33,'2026-03-21 15:08:46','2026-03-21 15:08:46'),
 (596,12,1,'user:1',33,'2026-03-21 15:08:46','2026-03-21 15:08:46'),
 (597,12,18,'user:18',33,'2026-03-21 15:08:46','2026-03-21 15:08:46'),
 (598,12,6,'user:6',33,'2026-03-21 15:08:46','2026-03-21 15:08:46'),
 (599,12,25,'user:25',33,'2026-03-21 15:08:46','2026-03-21 15:08:46'),
 (600,12,12,'user:12',34,'2026-03-21 15:08:46','2026-03-21 15:08:46'),
 (601,12,9,'user:9',34,'2026-03-21 15:08:46','2026-03-21 15:08:46'),
 (602,12,24,'user:24',34,'2026-03-21 15:08:46','2026-03-21 15:08:46'),
 (603,12,19,'user:19',33,'2026-03-21 15:08:46','2026-03-21 15:08:46'),
 (604,12,15,'user:15',34,'2026-03-21 15:08:46','2026-03-21 15:08:46'),
 (605,12,20,'user:20',34,'2026-03-21 15:08:46','2026-03-21 15:08:46'),
 (606,12,14,'user:14',34,'2026-03-21 15:08:46','2026-03-21 15:08:46'),
 (607,12,16,'user:16',34,'2026-03-21 15:08:46','2026-03-21 15:08:46'),
 (608,12,22,'user:22',34,'2026-03-21 15:08:46','2026-03-21 15:08:46'),
 (609,12,30,'user:30',34,'2026-03-21 15:08:46','2026-03-21 15:08:46'),
 (610,12,28,'user:28',34,'2026-03-21 15:08:46','2026-03-21 15:08:46'),
 (611,12,4,'user:4',33,'2026-03-21 15:08:46','2026-03-21 15:08:46'),
 (612,12,26,'user:26',34,'2026-03-21 15:08:46','2026-03-21 15:08:46'),
 (613,12,13,'user:13',34,'2026-03-21 15:08:46','2026-03-21 15:08:46'),
 (614,12,3,'user:3',33,'2026-03-21 15:08:46','2026-03-21 15:08:46'),
 (615,12,17,'user:17',34,'2026-03-21 15:08:46','2026-03-21 15:08:46'),
 (616,12,2,'user:2',34,'2026-03-21 15:08:46','2026-03-21 15:08:46'),
 (617,12,11,'user:11',34,'2026-03-21 15:08:46','2026-03-21 15:08:46'),
 (618,12,5,'user:5',34,'2026-03-21 15:08:46','2026-03-21 15:08:46'),
 (619,12,27,'user:27',33,'2026-03-21 15:08:46','2026-03-21 15:08:46'),
 (620,12,23,'user:23',33,'2026-03-21 15:08:46','2026-03-21 15:08:46'),
 (621,12,8,'user:8',34,'2026-03-21 15:08:46','2026-03-21 15:08:46'),
 (622,12,10,'user:10',34,'2026-03-21 15:08:46','2026-03-21 15:08:46'),
 (623,12,31,'user:31',33,'2026-03-21 15:08:46','2026-03-21 15:08:46'),
 (624,12,NULL,'guest:1be9493f-c5d3-472d-a96a-00a058fb83a4',34,'2026-03-21 15:08:46','2026-03-21 15:08:46'),
 (625,12,NULL,'guest:c645df0e-395a-477f-bb86-4d03832cfbd5',34,'2026-03-21 15:08:46','2026-03-21 15:08:46'),
 (626,12,NULL,'guest:7c2a44da-9c55-4017-93ea-7eb2d79857bf',33,'2026-03-21 15:08:46','2026-03-21 15:08:46'),
 (627,12,NULL,'guest:7de163b1-6ca3-4a0f-924d-fb6f6414a2f0',34,'2026-03-21 15:08:46','2026-03-21 15:08:46'),
 (628,12,NULL,'guest:3cc634c9-e3b1-4dc8-8cd6-aea36a556f7e',34,'2026-03-21 15:08:46','2026-03-21 15:08:46'),
 (629,12,NULL,'guest:6c099047-2af7-4e39-b19d-ea9a7b7764ab',34,'2026-03-21 15:08:46','2026-03-21 15:08:46'),
 (630,12,NULL,'guest:216dccbf-b7d2-410a-9b6b-7280fe1a4d38',33,'2026-03-21 15:08:46','2026-03-21 15:08:46'),
 (631,12,NULL,'guest:6d7b72eb-3f6c-4b63-a98b-2f42d58ea89f',33,'2026-03-21 15:08:46','2026-03-21 15:08:46'),
 (632,12,NULL,'guest:837e819b-0ba6-493e-a485-081d6177e649',34,'2026-03-21 15:08:46','2026-03-21 15:08:46'),
 (633,12,NULL,'guest:18a085a0-33a4-43f9-8d67-dcb00ee7d5e1',33,'2026-03-21 15:08:46','2026-03-21 15:08:46'),
 (634,12,NULL,'guest:4087a1cd-6ccf-4379-8116-2dfdfa150d2e',34,'2026-03-21 15:08:46','2026-03-21 15:08:46'),
 (635,12,NULL,'guest:346907db-67e9-4f8d-8b08-a125e3934771',33,'2026-03-21 15:08:46','2026-03-21 15:08:46'),
 (636,12,NULL,'guest:0a1144ff-9fe7-4139-b1f3-592607284f5e',34,'2026-03-21 15:08:46','2026-03-21 15:08:46'),
 (637,12,NULL,'guest:c3e97c3d-de15-4918-b138-dbd50fafe7f2',33,'2026-03-21 15:08:46','2026-03-21 15:08:46'),
 (638,12,NULL,'guest:23d6ca02-c539-473f-ae21-dcb4c0801076',34,'2026-03-21 15:08:46','2026-03-21 15:08:46'),
 (639,12,NULL,'guest:c08ca601-5d38-46db-886d-1fa3a4b2cc85',34,'2026-03-21 15:08:46','2026-03-21 15:08:46'),
 (640,12,NULL,'guest:80490a73-acb1-4ce6-a163-25ae8fab9cf9',33,'2026-03-21 15:08:46','2026-03-21 15:08:46'),
 (641,12,NULL,'guest:cc388e90-ebba-40b8-a6b3-b0b0cf6ee986',33,'2026-03-21 15:08:46','2026-03-21 15:08:46'),
 (642,12,NULL,'guest:01e3e760-f38e-46ea-8025-7d01e2887e30',33,'2026-03-21 15:08:46','2026-03-21 15:08:46'),
 (643,12,NULL,'guest:f3cad6dc-7144-4737-aabe-56cb370e6a94',34,'2026-03-21 15:08:46','2026-03-21 15:08:46'),
 (644,12,NULL,'guest:95867baa-43e1-48e8-9c0b-3693d0da82ec',34,'2026-03-21 15:08:46','2026-03-21 15:08:46'),
 (645,12,NULL,'guest:5f780b09-bd78-4e7c-8a9e-ec675e6d5461',33,'2026-03-21 15:08:46','2026-03-21 15:08:46'),
 (646,12,NULL,'guest:51b64ae3-6d92-4a72-af55-64c8618b539a',33,'2026-03-21 15:08:46','2026-03-21 15:08:46'),
 (647,12,NULL,'guest:32ee1bf8-1ceb-4657-ae32-11001598505f',33,'2026-03-21 15:08:46','2026-03-21 15:08:46'),
 (648,13,16,'user:16',36,'2026-03-21 15:08:46','2026-03-21 15:08:46'),
 (649,13,27,'user:27',35,'2026-03-21 15:08:46','2026-03-21 15:08:46'),
 (650,13,5,'user:5',35,'2026-03-21 15:08:46','2026-03-21 15:08:46'),
 (651,13,15,'user:15',36,'2026-03-21 15:08:46','2026-03-21 15:08:46'),
 (652,13,32,'user:32',35,'2026-03-21 15:08:46','2026-03-21 15:08:46'),
 (653,13,22,'user:22',35,'2026-03-21 15:08:46','2026-03-21 15:08:46'),
 (654,13,8,'user:8',36,'2026-03-21 15:08:46','2026-03-21 15:08:46'),
 (655,13,20,'user:20',35,'2026-03-21 15:08:46','2026-03-21 15:08:46'),
 (656,13,19,'user:19',36,'2026-03-21 15:08:46','2026-03-21 15:08:46'),
 (657,13,29,'user:29',36,'2026-03-21 15:08:46','2026-03-21 15:08:46'),
 (658,13,11,'user:11',35,'2026-03-21 15:08:46','2026-03-21 15:08:46'),
 (659,13,21,'user:21',35,'2026-03-21 15:08:46','2026-03-21 15:08:46'),
 (660,13,13,'user:13',35,'2026-03-21 15:08:46','2026-03-21 15:08:46'),
 (661,13,12,'user:12',36,'2026-03-21 15:08:46','2026-03-21 15:08:46'),
 (662,13,10,'user:10',35,'2026-03-21 15:08:46','2026-03-21 15:08:46'),
 (663,13,9,'user:9',35,'2026-03-21 15:08:46','2026-03-21 15:08:46'),
 (664,13,24,'user:24',35,'2026-03-21 15:08:46','2026-03-21 15:08:46'),
 (665,13,30,'user:30',36,'2026-03-21 15:08:46','2026-03-21 15:08:46'),
 (666,13,18,'user:18',36,'2026-03-21 15:08:46','2026-03-21 15:08:46'),
 (667,13,25,'user:25',35,'2026-03-21 15:08:46','2026-03-21 15:08:46'),
 (668,13,4,'user:4',36,'2026-03-21 15:08:46','2026-03-21 15:08:46'),
 (669,13,1,'user:1',35,'2026-03-21 15:08:46','2026-03-21 15:08:46'),
 (670,13,7,'user:7',36,'2026-03-21 15:08:46','2026-03-21 15:08:46'),
 (671,13,14,'user:14',36,'2026-03-21 15:08:46','2026-03-21 15:08:46'),
 (672,13,2,'user:2',36,'2026-03-21 15:08:46','2026-03-21 15:08:46'),
 (673,13,28,'user:28',36,'2026-03-21 15:08:46','2026-03-21 15:08:46'),
 (674,13,3,'user:3',36,'2026-03-21 15:08:46','2026-03-21 15:08:46'),
 (675,13,26,'user:26',35,'2026-03-21 15:08:46','2026-03-21 15:08:46'),
 (676,13,23,'user:23',35,'2026-03-21 15:08:46','2026-03-21 15:08:46'),
 (677,13,31,'user:31',36,'2026-03-21 15:08:46','2026-03-21 15:08:46'),
 (678,13,17,'user:17',36,'2026-03-21 15:08:46','2026-03-21 15:08:46'),
 (679,13,6,'user:6',36,'2026-03-21 15:08:46','2026-03-21 15:08:46'),
 (680,13,NULL,'guest:278404c8-125c-4cbc-ad03-ac7d5cd728fc',36,'2026-03-21 15:08:46','2026-03-21 15:08:46'),
 (681,13,NULL,'guest:c409ae2e-e98a-493e-ba0c-9a2275ab207b',36,'2026-03-21 15:08:46','2026-03-21 15:08:46'),
 (682,13,NULL,'guest:49e1a82c-6c41-4542-bd82-e031da8ba651',36,'2026-03-21 15:08:46','2026-03-21 15:08:46'),
 (683,13,NULL,'guest:546973b2-f8cc-4307-a88d-eb3271dc3317',35,'2026-03-21 15:08:46','2026-03-21 15:08:46'),
 (684,13,NULL,'guest:c0b3486f-fd33-42be-b183-46da2c931f7d',35,'2026-03-21 15:08:46','2026-03-21 15:08:46'),
 (685,13,NULL,'guest:ed13899f-d5ee-42ca-8ce7-cdf86ded6292',35,'2026-03-21 15:08:46','2026-03-21 15:08:46'),
 (686,13,NULL,'guest:1d1d59de-b42f-4e53-9578-3e179b7e4425',35,'2026-03-21 15:08:46','2026-03-21 15:08:46'),
 (687,13,NULL,'guest:d49c7919-44f5-4552-a1cf-643be35bd22d',35,'2026-03-21 15:08:46','2026-03-21 15:08:46'),
 (688,13,NULL,'guest:10f4fa70-5e99-4aac-8505-48e46aa35f73',35,'2026-03-21 15:08:46','2026-03-21 15:08:46'),
 (689,13,NULL,'guest:dfb7bb79-2d23-430c-a761-bdab7050a9f1',35,'2026-03-21 15:08:46','2026-03-21 15:08:46'),
 (690,13,NULL,'guest:0f87fab9-8e1a-40e5-8947-d9604f8e5161',35,'2026-03-21 15:08:46','2026-03-21 15:08:46'),
 (691,13,NULL,'guest:e870dc5f-9030-45ac-bb1f-ca81e05c39bc',36,'2026-03-21 15:08:46','2026-03-21 15:08:46'),
 (692,13,NULL,'guest:7991cae4-4a2e-4059-bcf5-77dbacb4327e',35,'2026-03-21 15:08:46','2026-03-21 15:08:46'),
 (693,13,NULL,'guest:12d256d4-520d-4cf0-8a34-80571bb4c396',35,'2026-03-21 15:08:46','2026-03-21 15:08:46'),
 (694,13,NULL,'guest:ab59b550-1155-4c6d-b3c6-294c8f17d623',35,'2026-03-21 15:08:46','2026-03-21 15:08:46'),
 (695,13,NULL,'guest:901a9855-8dbc-426a-9d15-640b18666562',35,'2026-03-21 15:08:46','2026-03-21 15:08:46'),
 (696,13,NULL,'guest:cb63ed43-6479-482e-87cd-289dc7972583',36,'2026-03-21 15:08:46','2026-03-21 15:08:46'),
 (697,14,5,'user:5',39,'2026-03-21 15:08:46','2026-03-21 15:08:46'),
 (698,14,17,'user:17',39,'2026-03-21 15:08:46','2026-03-21 15:08:46'),
 (699,14,10,'user:10',39,'2026-03-21 15:08:46','2026-03-21 15:08:46'),
 (700,14,18,'user:18',40,'2026-03-21 15:08:46','2026-03-21 15:08:46'),
 (701,14,27,'user:27',40,'2026-03-21 15:08:46','2026-03-21 15:08:46'),
 (702,14,8,'user:8',38,'2026-03-21 15:08:46','2026-03-21 15:08:46'),
 (703,14,19,'user:19',39,'2026-03-21 15:08:46','2026-03-21 15:08:46'),
 (704,14,21,'user:21',39,'2026-03-21 15:08:46','2026-03-21 15:08:46'),
 (705,14,28,'user:28',39,'2026-03-21 15:08:46','2026-03-21 15:08:46'),
 (706,14,4,'user:4',37,'2026-03-21 15:08:46','2026-03-21 15:08:46'),
 (707,14,2,'user:2',37,'2026-03-21 15:08:46','2026-03-21 15:08:46'),
 (708,14,29,'user:29',40,'2026-03-21 15:08:46','2026-03-21 15:08:46'),
 (709,14,23,'user:23',38,'2026-03-21 15:08:46','2026-03-21 15:08:46'),
 (710,14,9,'user:9',38,'2026-03-21 15:08:46','2026-03-21 15:08:46'),
 (711,14,20,'user:20',37,'2026-03-21 15:08:46','2026-03-21 15:08:46'),
 (712,14,12,'user:12',39,'2026-03-21 15:08:46','2026-03-21 15:08:46'),
 (713,14,13,'user:13',39,'2026-03-21 15:08:46','2026-03-21 15:08:46'),
 (714,14,6,'user:6',38,'2026-03-21 15:08:46','2026-03-21 15:08:46'),
 (715,14,NULL,'guest:efb2bf09-dd35-47cc-b5ab-ffd343ec6f59',39,'2026-03-21 15:08:46','2026-03-21 15:08:46'),
 (716,14,NULL,'guest:d802d865-e9af-4412-9502-2c52f6c6d1dd',39,'2026-03-21 15:08:46','2026-03-21 15:08:46'),
 (717,14,NULL,'guest:83c69734-430a-40db-9182-5aa144cedefb',38,'2026-03-21 15:08:46','2026-03-21 15:08:46'),
 (718,14,NULL,'guest:e28eac64-add3-4fd7-a12a-82c89cc713a7',40,'2026-03-21 15:08:46','2026-03-21 15:08:46'),
 (719,14,NULL,'guest:9adbd765-a971-4794-ab55-ea36ec0ae77f',38,'2026-03-21 15:08:46','2026-03-21 15:08:46'),
 (720,14,NULL,'guest:6fe0abbe-78df-4ae9-ab52-68be753b4318',38,'2026-03-21 15:08:46','2026-03-21 15:08:46'),
 (721,14,NULL,'guest:6c7e8bb1-2e53-4f5c-8986-e7df229c68f3',38,'2026-03-21 15:08:46','2026-03-21 15:08:46'),
 (722,14,NULL,'guest:6fcf0e17-cd6e-47d4-bb40-98449cbf2cbb',40,'2026-03-21 15:08:46','2026-03-21 15:08:46'),
 (723,14,NULL,'guest:72216baa-bc41-45c7-8dfb-78f8bc25433b',37,'2026-03-21 15:08:46','2026-03-21 15:08:46'),
 (724,14,NULL,'guest:4faac684-ab64-439d-bc08-531b995f9e9c',39,'2026-03-21 15:08:47','2026-03-21 15:08:47'),
 (725,14,NULL,'guest:95ca2a04-5fab-4469-8f94-7c2bdf2db766',39,'2026-03-21 15:08:47','2026-03-21 15:08:47'),
 (726,14,NULL,'guest:42501550-341e-4487-a020-bdfb3901e71e',38,'2026-03-21 15:08:47','2026-03-21 15:08:47'),
 (727,14,NULL,'guest:e6f3220a-7439-48aa-88e5-8e56278c198b',38,'2026-03-21 15:08:47','2026-03-21 15:08:47'),
 (728,14,NULL,'guest:8f521649-c6b2-491e-8afc-9c496156809f',37,'2026-03-21 15:08:47','2026-03-21 15:08:47'),
 (729,14,NULL,'guest:fa248467-d5c9-4356-8892-f0577bba398f',38,'2026-03-21 15:08:47','2026-03-21 15:08:47'),
 (730,14,NULL,'guest:5d8ee146-d22d-4e57-adb0-a9d51be0eeec',39,'2026-03-21 15:08:47','2026-03-21 15:08:47'),
 (731,14,NULL,'guest:fea79936-8e00-4a81-9245-2ca5cd4f94cf',40,'2026-03-21 15:08:47','2026-03-21 15:08:47'),
 (732,14,NULL,'guest:3983fc85-a1bd-4493-b170-98fbee800d50',37,'2026-03-21 15:08:47','2026-03-21 15:08:47'),
 (733,14,NULL,'guest:31b225cb-a296-4031-af6a-bd6f78d51d3e',40,'2026-03-21 15:08:47','2026-03-21 15:08:47'),
 (734,14,NULL,'guest:755e7dc3-ae5f-4bbf-ab72-08111335879b',37,'2026-03-21 15:08:47','2026-03-21 15:08:47'),
 (735,14,NULL,'guest:f6829518-90e3-4fe9-9373-4fffc18c5294',39,'2026-03-21 15:08:47','2026-03-21 15:08:47'),
 (736,14,NULL,'guest:cecad9f5-6b1a-41df-a25c-a47161ff7706',40,'2026-03-21 15:08:47','2026-03-21 15:08:47');
INSERT INTO `poll_votes` (`id`,`poll_id`,`user_id`,`voter_key`,`option_id`,`created_at`,`updated_at`) VALUES 
 (737,14,NULL,'guest:7237dab5-5072-4275-afdf-0174abf5b9d8',38,'2026-03-21 15:08:47','2026-03-21 15:08:47'),
 (738,14,NULL,'guest:96478295-5b97-4db6-a51a-f12d1a3f8120',40,'2026-03-21 15:08:47','2026-03-21 15:08:47'),
 (739,14,NULL,'guest:e5c6f359-671a-4228-9e43-1204fa87092c',38,'2026-03-21 15:08:47','2026-03-21 15:08:47'),
 (740,14,NULL,'guest:63dc926a-a992-4006-9aa6-44320ba81af7',37,'2026-03-21 15:08:47','2026-03-21 15:08:47'),
 (741,14,NULL,'guest:c6adebaf-11e1-4579-b696-ca50c0d8aa96',38,'2026-03-21 15:08:47','2026-03-21 15:08:47'),
 (742,15,1,'user:1',41,'2026-03-21 15:08:47','2026-03-21 15:08:47'),
 (743,15,25,'user:25',42,'2026-03-21 15:08:47','2026-03-21 15:08:47'),
 (744,15,27,'user:27',41,'2026-03-21 15:08:47','2026-03-21 15:08:47'),
 (745,15,8,'user:8',41,'2026-03-21 15:08:47','2026-03-21 15:08:47'),
 (746,15,10,'user:10',42,'2026-03-21 15:08:47','2026-03-21 15:08:47'),
 (747,15,11,'user:11',41,'2026-03-21 15:08:47','2026-03-21 15:08:47'),
 (748,15,20,'user:20',41,'2026-03-21 15:08:47','2026-03-21 15:08:47'),
 (749,15,24,'user:24',41,'2026-03-21 15:08:47','2026-03-21 15:08:47'),
 (750,15,23,'user:23',41,'2026-03-21 15:08:47','2026-03-21 15:08:47'),
 (751,15,12,'user:12',42,'2026-03-21 15:08:47','2026-03-21 15:08:47'),
 (752,15,19,'user:19',41,'2026-03-21 15:08:47','2026-03-21 15:08:47'),
 (753,15,NULL,'guest:00f550f8-932d-4b4f-a449-5d666706fd8b',41,'2026-03-21 15:08:47','2026-03-21 15:08:47'),
 (754,15,NULL,'guest:807b31b8-168b-4abb-85b3-17812c5cc90b',42,'2026-03-21 15:08:47','2026-03-21 15:08:47'),
 (755,15,NULL,'guest:0cfb93e2-2120-41eb-9f64-78a7c32c1950',41,'2026-03-21 15:08:47','2026-03-21 15:08:47'),
 (756,15,NULL,'guest:e9ef2632-867e-4cba-bfce-93f0e32ee104',41,'2026-03-21 15:08:47','2026-03-21 15:08:47'),
 (757,15,NULL,'guest:7d9b9a43-d082-4351-a688-bc22b4e60201',41,'2026-03-21 15:08:47','2026-03-21 15:08:47'),
 (758,16,11,'user:11',43,'2026-03-21 15:08:47','2026-03-21 15:08:47'),
 (759,16,19,'user:19',44,'2026-03-21 15:08:47','2026-03-21 15:08:47'),
 (760,16,15,'user:15',45,'2026-03-21 15:08:47','2026-03-21 15:08:47'),
 (761,16,8,'user:8',44,'2026-03-21 15:08:47','2026-03-21 15:08:47'),
 (762,16,27,'user:27',44,'2026-03-21 15:08:47','2026-03-21 15:08:47'),
 (763,16,23,'user:23',45,'2026-03-21 15:08:47','2026-03-21 15:08:47'),
 (764,16,20,'user:20',45,'2026-03-21 15:08:47','2026-03-21 15:08:47'),
 (765,16,26,'user:26',44,'2026-03-21 15:08:47','2026-03-21 15:08:47'),
 (766,16,5,'user:5',45,'2026-03-21 15:08:47','2026-03-21 15:08:47'),
 (767,16,7,'user:7',43,'2026-03-21 15:08:47','2026-03-21 15:08:47'),
 (768,16,12,'user:12',44,'2026-03-21 15:08:47','2026-03-21 15:08:47'),
 (769,16,10,'user:10',44,'2026-03-21 15:08:47','2026-03-21 15:08:47'),
 (770,16,22,'user:22',46,'2026-03-21 15:08:47','2026-03-21 15:08:47'),
 (771,16,17,'user:17',44,'2026-03-21 15:08:47','2026-03-21 15:08:47'),
 (772,16,25,'user:25',45,'2026-03-21 15:08:47','2026-03-21 15:08:47'),
 (773,16,29,'user:29',46,'2026-03-21 15:08:47','2026-03-21 15:08:47'),
 (774,16,2,'user:2',44,'2026-03-21 15:08:47','2026-03-21 15:08:47'),
 (775,16,24,'user:24',46,'2026-03-21 15:08:47','2026-03-21 15:08:47'),
 (776,16,32,'user:32',46,'2026-03-21 15:08:47','2026-03-21 15:08:47'),
 (777,16,18,'user:18',43,'2026-03-21 15:08:47','2026-03-21 15:08:47'),
 (778,16,3,'user:3',43,'2026-03-21 15:08:47','2026-03-21 15:08:47'),
 (779,16,4,'user:4',45,'2026-03-21 15:08:47','2026-03-21 15:08:47'),
 (780,16,1,'user:1',46,'2026-03-21 15:08:47','2026-03-21 15:08:47'),
 (781,16,31,'user:31',44,'2026-03-21 15:08:47','2026-03-21 15:08:47'),
 (782,16,30,'user:30',46,'2026-03-21 15:08:47','2026-03-21 15:08:47'),
 (783,16,6,'user:6',46,'2026-03-21 15:08:47','2026-03-21 15:08:47'),
 (784,16,28,'user:28',43,'2026-03-21 15:08:47','2026-03-21 15:08:47'),
 (785,16,13,'user:13',45,'2026-03-21 15:08:47','2026-03-21 15:08:47'),
 (786,16,14,'user:14',46,'2026-03-21 15:08:47','2026-03-21 15:08:47'),
 (787,16,16,'user:16',44,'2026-03-21 15:08:47','2026-03-21 15:08:47'),
 (788,16,21,'user:21',43,'2026-03-21 15:08:47','2026-03-21 15:08:47'),
 (789,16,9,'user:9',45,'2026-03-21 15:08:47','2026-03-21 15:08:47'),
 (790,16,NULL,'guest:610182d0-01cf-4dbb-9baa-34eaf65936ca',46,'2026-03-21 15:08:47','2026-03-21 15:08:47'),
 (791,16,NULL,'guest:791698e2-611a-48a9-a221-b20967724bb5',43,'2026-03-21 15:08:47','2026-03-21 15:08:47'),
 (792,16,NULL,'guest:e12e86d3-daaf-4bb1-8ce4-377718b69cd2',46,'2026-03-21 15:08:47','2026-03-21 15:08:47'),
 (793,16,NULL,'guest:9fb16947-cfeb-4e33-bbf9-afc6cb8c6b78',46,'2026-03-21 15:08:47','2026-03-21 15:08:47'),
 (794,16,NULL,'guest:acbbfd08-30be-4fcf-b52a-5d225ee85854',44,'2026-03-21 15:08:47','2026-03-21 15:08:47'),
 (795,16,NULL,'guest:49f0ab9b-1eb4-4676-b3a0-166b1be0ae77',44,'2026-03-21 15:08:47','2026-03-21 15:08:47'),
 (796,16,NULL,'guest:76427eae-b05b-4c4d-af67-43a8c5cfd160',45,'2026-03-21 15:08:47','2026-03-21 15:08:47'),
 (797,16,NULL,'guest:f40d918c-a089-44b3-9c4f-14627cf98db9',45,'2026-03-21 15:08:47','2026-03-21 15:08:47'),
 (798,16,NULL,'guest:39372346-7e2d-4313-970b-04c399e63af1',44,'2026-03-21 15:08:47','2026-03-21 15:08:47'),
 (799,16,NULL,'guest:ec47b1f1-43e6-4e59-bed1-e3dad6f69c88',45,'2026-03-21 15:08:47','2026-03-21 15:08:47'),
 (800,16,NULL,'guest:14037ca0-212d-417b-a150-d5979d297322',44,'2026-03-21 15:08:47','2026-03-21 15:08:47'),
 (801,16,NULL,'guest:7f8a93f7-c495-4096-b1f8-6f3e1265b333',45,'2026-03-21 15:08:47','2026-03-21 15:08:47'),
 (802,16,NULL,'guest:9d32327f-60df-47d5-835b-7b3f69589a80',44,'2026-03-21 15:08:47','2026-03-21 15:08:47'),
 (803,16,NULL,'guest:ef07ccb4-b6e5-4297-8d93-f685f028226b',44,'2026-03-21 15:08:47','2026-03-21 15:08:47'),
 (804,16,NULL,'guest:cfd7530c-b9c0-4670-968d-514153815cd7',46,'2026-03-21 15:08:47','2026-03-21 15:08:47'),
 (805,16,NULL,'guest:42841d38-23ee-4614-9a3d-bb85fcfdb819',43,'2026-03-21 15:08:47','2026-03-21 15:08:47'),
 (806,16,NULL,'guest:82648c63-0e54-4866-aba1-155ecadcf98f',46,'2026-03-21 15:08:47','2026-03-21 15:08:47'),
 (807,16,NULL,'guest:214a7b29-1674-4ab8-8df7-9466300c5839',44,'2026-03-21 15:08:47','2026-03-21 15:08:47'),
 (808,16,NULL,'guest:227955b4-41ef-4962-8373-b3a7328b1221',46,'2026-03-21 15:08:47','2026-03-21 15:08:47'),
 (809,16,NULL,'guest:30812a2c-5a13-4859-a821-3bf4860c9f38',43,'2026-03-21 15:08:47','2026-03-21 15:08:47'),
 (810,16,NULL,'guest:21fa839c-21a3-4803-b561-c830f5e6456e',43,'2026-03-21 15:08:47','2026-03-21 15:08:47'),
 (811,16,NULL,'guest:1347ea92-cabb-435a-ba40-1ea6b474218e',43,'2026-03-21 15:08:47','2026-03-21 15:08:47'),
 (812,16,NULL,'guest:ed44aa37-f5f6-4751-baa1-ba36f61a209a',45,'2026-03-21 15:08:47','2026-03-21 15:08:47'),
 (813,16,NULL,'guest:3e858e46-8cda-4d6d-b65f-c85016b6b8f7',43,'2026-03-21 15:08:47','2026-03-21 15:08:47'),
 (814,16,NULL,'guest:374e29b8-a837-471b-9a13-553600f5c9b0',45,'2026-03-21 15:08:47','2026-03-21 15:08:47'),
 (815,16,NULL,'guest:94c8ead1-80c2-4963-8cfb-687cd6e89751',46,'2026-03-21 15:08:47','2026-03-21 15:08:47'),
 (816,16,NULL,'guest:00a988d8-d4a1-4e29-a90f-29e8607a2f2c',46,'2026-03-21 15:08:47','2026-03-21 15:08:47'),
 (817,16,NULL,'guest:6eddf50e-dbce-443a-a9ba-0c510956e53e',44,'2026-03-21 15:08:47','2026-03-21 15:08:47'),
 (818,17,7,'user:7',47,'2026-03-21 15:08:47','2026-03-21 15:08:47'),
 (819,17,25,'user:25',47,'2026-03-21 15:08:47','2026-03-21 15:08:47'),
 (820,17,12,'user:12',49,'2026-03-21 15:08:47','2026-03-21 15:08:47'),
 (821,17,32,'user:32',47,'2026-03-21 15:08:47','2026-03-21 15:08:47'),
 (822,17,26,'user:26',49,'2026-03-21 15:08:47','2026-03-21 15:08:47'),
 (823,17,16,'user:16',47,'2026-03-21 15:08:47','2026-03-21 15:08:47'),
 (824,17,30,'user:30',48,'2026-03-21 15:08:47','2026-03-21 15:08:47'),
 (825,17,11,'user:11',48,'2026-03-21 15:08:47','2026-03-21 15:08:47'),
 (826,17,18,'user:18',49,'2026-03-21 15:08:47','2026-03-21 15:08:47'),
 (827,17,3,'user:3',47,'2026-03-21 15:08:47','2026-03-21 15:08:47'),
 (828,17,17,'user:17',49,'2026-03-21 15:08:47','2026-03-21 15:08:47'),
 (829,17,21,'user:21',47,'2026-03-21 15:08:47','2026-03-21 15:08:47'),
 (830,17,15,'user:15',48,'2026-03-21 15:08:47','2026-03-21 15:08:47'),
 (831,17,1,'user:1',48,'2026-03-21 15:08:47','2026-03-21 15:08:47'),
 (832,17,24,'user:24',47,'2026-03-21 15:08:47','2026-03-21 15:08:47'),
 (833,17,9,'user:9',47,'2026-03-21 15:08:47','2026-03-21 15:08:47'),
 (834,17,NULL,'guest:6588b311-99d2-47fb-8314-50b227913767',48,'2026-03-21 15:08:47','2026-03-21 15:08:47'),
 (835,17,NULL,'guest:61f5e0d3-7b94-4bc1-852f-b9f79db74ba9',49,'2026-03-21 15:08:47','2026-03-21 15:08:47'),
 (836,17,NULL,'guest:ba0a164c-ba8e-4684-b2c0-be8107db8724',47,'2026-03-21 15:08:47','2026-03-21 15:08:47'),
 (837,17,NULL,'guest:0b7fd43c-994a-4a29-8b6b-a26379fbfbee',47,'2026-03-21 15:08:47','2026-03-21 15:08:47'),
 (838,17,NULL,'guest:1b13a3a5-2605-4853-ae34-92bfd5d190d5',48,'2026-03-21 15:08:47','2026-03-21 15:08:47'),
 (839,17,NULL,'guest:e5b384d3-bca4-4ca2-9886-e7f368214b1f',47,'2026-03-21 15:08:47','2026-03-21 15:08:47'),
 (840,17,NULL,'guest:984a87df-7873-4d6b-a883-e001fa0acf99',47,'2026-03-21 15:08:47','2026-03-21 15:08:47'),
 (841,17,NULL,'guest:c6f252f4-cca0-46cb-8faf-b4e41b5b108b',47,'2026-03-21 15:08:47','2026-03-21 15:08:47'),
 (842,17,NULL,'guest:24511b2a-657f-4c03-81dd-9f1077422fc8',47,'2026-03-21 15:08:47','2026-03-21 15:08:47'),
 (843,17,NULL,'guest:3f27944e-8a4b-49ef-afd5-0d35a273810d',49,'2026-03-21 15:08:47','2026-03-21 15:08:47'),
 (844,17,NULL,'guest:288cfd7b-8c7e-457b-a3c8-3bf5858a84c2',47,'2026-03-21 15:08:47','2026-03-21 15:08:47'),
 (845,17,NULL,'guest:e8e4cf3c-9319-4530-bb50-1f55f9cbdde6',48,'2026-03-21 15:08:47','2026-03-21 15:08:47'),
 (846,17,NULL,'guest:23b967a9-8445-486e-ab03-6a1782e905bb',47,'2026-03-21 15:08:47','2026-03-21 15:08:47'),
 (847,17,NULL,'guest:b390064a-45b7-44b3-8c62-bee9f1a9740e',49,'2026-03-21 15:08:47','2026-03-21 15:08:47'),
 (848,17,NULL,'guest:26d33c87-04ba-4147-946f-14df6713b9c8',49,'2026-03-21 15:08:47','2026-03-21 15:08:47'),
 (849,17,NULL,'guest:495edf46-95ed-4aa0-92ca-a3c92f6055d7',47,'2026-03-21 15:08:47','2026-03-21 15:08:47'),
 (850,17,NULL,'guest:b745330c-385d-40e6-a6ed-37b18a6d4359',47,'2026-03-21 15:08:47','2026-03-21 15:08:47'),
 (851,17,NULL,'guest:ff98d7f9-8dac-4995-bec1-d6b175e88aac',47,'2026-03-21 15:08:47','2026-03-21 15:08:47'),
 (852,17,NULL,'guest:3e7dd892-6ddc-42c2-b261-bd593936207d',47,'2026-03-21 15:08:47','2026-03-21 15:08:47'),
 (853,17,NULL,'guest:c052045d-c12e-42df-8f5f-3727441d53ac',48,'2026-03-21 15:08:47','2026-03-21 15:08:47'),
 (854,17,NULL,'guest:98827331-a884-435e-83a7-ddefff8c4e1e',48,'2026-03-21 15:08:47','2026-03-21 15:08:47'),
 (855,18,32,'user:32',50,'2026-03-21 15:08:47','2026-03-21 15:08:47'),
 (856,18,10,'user:10',50,'2026-03-21 15:08:47','2026-03-21 15:08:47'),
 (857,18,30,'user:30',51,'2026-03-21 15:08:47','2026-03-21 15:08:47'),
 (858,18,18,'user:18',50,'2026-03-21 15:08:47','2026-03-21 15:08:47'),
 (859,18,9,'user:9',51,'2026-03-21 15:08:47','2026-03-21 15:08:47'),
 (860,18,27,'user:27',50,'2026-03-21 15:08:47','2026-03-21 15:08:47'),
 (861,18,15,'user:15',50,'2026-03-21 15:08:47','2026-03-21 15:08:47'),
 (862,18,11,'user:11',50,'2026-03-21 15:08:47','2026-03-21 15:08:47'),
 (863,18,5,'user:5',51,'2026-03-21 15:08:47','2026-03-21 15:08:47'),
 (864,18,17,'user:17',51,'2026-03-21 15:08:47','2026-03-21 15:08:47'),
 (865,18,24,'user:24',50,'2026-03-21 15:08:47','2026-03-21 15:08:47'),
 (866,18,3,'user:3',51,'2026-03-21 15:08:47','2026-03-21 15:08:47'),
 (867,18,14,'user:14',50,'2026-03-21 15:08:47','2026-03-21 15:08:47'),
 (868,18,16,'user:16',51,'2026-03-21 15:08:47','2026-03-21 15:08:47'),
 (869,18,22,'user:22',51,'2026-03-21 15:08:47','2026-03-21 15:08:47'),
 (870,18,21,'user:21',50,'2026-03-21 15:08:47','2026-03-21 15:08:47'),
 (871,18,28,'user:28',50,'2026-03-21 15:08:47','2026-03-21 15:08:47'),
 (872,18,13,'user:13',50,'2026-03-21 15:08:47','2026-03-21 15:08:47'),
 (873,18,1,'user:1',50,'2026-03-21 15:08:47','2026-03-21 15:08:47'),
 (874,18,31,'user:31',51,'2026-03-21 15:08:47','2026-03-21 15:08:47'),
 (875,18,12,'user:12',50,'2026-03-21 15:08:47','2026-03-21 15:08:47'),
 (876,18,26,'user:26',51,'2026-03-21 15:08:47','2026-03-21 15:08:47'),
 (877,18,6,'user:6',51,'2026-03-21 15:08:47','2026-03-21 15:08:47'),
 (878,18,4,'user:4',51,'2026-03-21 15:08:47','2026-03-21 15:08:47'),
 (879,18,20,'user:20',51,'2026-03-21 15:08:47','2026-03-21 15:08:47'),
 (880,18,23,'user:23',51,'2026-03-21 15:08:47','2026-03-21 15:08:47'),
 (881,18,2,'user:2',51,'2026-03-21 15:08:47','2026-03-21 15:08:47'),
 (882,18,25,'user:25',50,'2026-03-21 15:08:47','2026-03-21 15:08:47'),
 (883,18,29,'user:29',51,'2026-03-21 15:08:47','2026-03-21 15:08:47'),
 (884,18,7,'user:7',50,'2026-03-21 15:08:47','2026-03-21 15:08:47'),
 (885,18,19,'user:19',51,'2026-03-21 15:08:47','2026-03-21 15:08:47'),
 (886,18,8,'user:8',51,'2026-03-21 15:08:47','2026-03-21 15:08:47'),
 (887,18,NULL,'guest:d0dacd84-ab15-4728-a6e5-206637ff9a90',50,'2026-03-21 15:08:47','2026-03-21 15:08:47'),
 (888,18,NULL,'guest:eb017eb9-c096-48b0-9e1c-994245920a7b',50,'2026-03-21 15:08:47','2026-03-21 15:08:47'),
 (889,18,NULL,'guest:c998f94d-cf4d-49d8-b006-68acbec1bf6d',50,'2026-03-21 15:08:47','2026-03-21 15:08:47'),
 (890,18,NULL,'guest:cc75e93b-2b10-4857-aa9c-f8c654351fe6',51,'2026-03-21 15:08:47','2026-03-21 15:08:47'),
 (891,18,NULL,'guest:76f6d79b-b3ee-4769-b4f5-33ec5a2d26cc',51,'2026-03-21 15:08:47','2026-03-21 15:08:47'),
 (892,18,NULL,'guest:c9cbd165-6371-4a74-be09-0c8688a818cb',51,'2026-03-21 15:08:47','2026-03-21 15:08:47'),
 (893,18,NULL,'guest:ebbd0f30-298a-49dc-b597-28a7587918c2',51,'2026-03-21 15:08:47','2026-03-21 15:08:47'),
 (894,18,NULL,'guest:618c4c95-f516-41eb-a5e7-72f852f6f19c',51,'2026-03-21 15:08:47','2026-03-21 15:08:47'),
 (895,18,NULL,'guest:cbf14fd1-c3a8-4060-a619-75f2081494e1',51,'2026-03-21 15:08:47','2026-03-21 15:08:47'),
 (896,18,NULL,'guest:a6e7ad5c-3d57-4750-a5df-e0515020a5b5',51,'2026-03-21 15:08:47','2026-03-21 15:08:47'),
 (897,18,NULL,'guest:c2a65c83-2515-4639-95b6-d62bd080af93',50,'2026-03-21 15:08:47','2026-03-21 15:08:47'),
 (898,18,NULL,'guest:e5d7db55-9022-4d11-9db4-3326243e2ed6',51,'2026-03-21 15:08:47','2026-03-21 15:08:47'),
 (899,18,NULL,'guest:e8a6d780-53dd-452e-b7ac-32e244a14742',50,'2026-03-21 15:08:47','2026-03-21 15:08:47'),
 (900,18,NULL,'guest:4183d77d-560d-451d-97d4-19d23dfa7407',51,'2026-03-21 15:08:47','2026-03-21 15:08:47'),
 (901,18,NULL,'guest:f2084a52-787a-49ea-a4c2-91f88da5e78f',50,'2026-03-21 15:08:47','2026-03-21 15:08:47'),
 (902,18,NULL,'guest:e6cac05f-4d10-4fd7-8ef1-4f850e373302',50,'2026-03-21 15:08:47','2026-03-21 15:08:47'),
 (903,18,NULL,'guest:6cf91200-1ba8-4d2d-a3b4-1f99e20ad5c7',51,'2026-03-21 15:08:47','2026-03-21 15:08:47'),
 (904,18,NULL,'guest:0f20ebf8-7d7d-4544-bf59-afba4c5a2f2d',51,'2026-03-21 15:08:47','2026-03-21 15:08:47'),
 (905,18,NULL,'guest:9bfb818b-4f24-43f8-b8ad-f7ea0b720d4e',50,'2026-03-21 15:08:47','2026-03-21 15:08:47'),
 (906,18,NULL,'guest:c03c3026-8476-4416-bce7-b50439211fdd',51,'2026-03-21 15:08:47','2026-03-21 15:08:47'),
 (907,18,NULL,'guest:49704750-a2a7-4ef6-a578-8386dc2ce6b5',50,'2026-03-21 15:08:47','2026-03-21 15:08:47'),
 (908,18,NULL,'guest:de8178b9-da60-46be-b7ca-13ad61ec6976',51,'2026-03-21 15:08:47','2026-03-21 15:08:47'),
 (909,18,NULL,'guest:323ed768-d0bf-4c49-ae7a-530cca1aa461',50,'2026-03-21 15:08:47','2026-03-21 15:08:47'),
 (910,18,NULL,'guest:47278f34-e9f3-4b62-8d5a-9e7dae2074ac',50,'2026-03-21 15:08:47','2026-03-21 15:08:47'),
 (911,18,NULL,'guest:98fe0c34-6df2-468b-9211-c64e603bceec',50,'2026-03-21 15:08:47','2026-03-21 15:08:47'),
 (912,18,NULL,'guest:7cd2ee23-ea42-460e-a162-f3f242c00ca2',51,'2026-03-21 15:08:47','2026-03-21 15:08:47'),
 (913,18,NULL,'guest:5a1880d5-d63b-45fd-a339-5d7c190c406d',51,'2026-03-21 15:08:47','2026-03-21 15:08:47'),
 (914,18,NULL,'guest:79fe8851-2ae1-44a7-84d4-093329f55e0d',51,'2026-03-21 15:08:47','2026-03-21 15:08:47'),
 (915,18,NULL,'guest:6e3dcd78-9147-4d14-a82d-5e47b3fa1a65',51,'2026-03-21 15:08:47','2026-03-21 15:08:47'),
 (916,18,NULL,'guest:5a363ec7-6097-41ee-a226-f399aa50aaab',51,'2026-03-21 15:08:47','2026-03-21 15:08:47'),
 (917,18,NULL,'guest:1e7dc16a-1a08-44c4-b61c-3d28e23585eb',51,'2026-03-21 15:08:47','2026-03-21 15:08:47'),
 (918,18,NULL,'guest:8294fdb6-7a4e-4a84-9b0c-61ddba3c6076',50,'2026-03-21 15:08:47','2026-03-21 15:08:47'),
 (919,18,NULL,'guest:e6ac28ce-9948-44a0-a25e-7e9aa2fd7a47',51,'2026-03-21 15:08:47','2026-03-21 15:08:47'),
 (920,18,NULL,'guest:11962986-d51d-491d-a4fc-e92ed20c7392',51,'2026-03-21 15:08:47','2026-03-21 15:08:47'),
 (921,19,20,'user:20',54,'2026-03-21 15:08:47','2026-03-21 15:08:47'),
 (922,19,17,'user:17',54,'2026-03-21 15:08:47','2026-03-21 15:08:47'),
 (923,19,29,'user:29',53,'2026-03-21 15:08:47','2026-03-21 15:08:47'),
 (924,19,10,'user:10',55,'2026-03-21 15:08:47','2026-03-21 15:08:47'),
 (925,19,8,'user:8',52,'2026-03-21 15:08:47','2026-03-21 15:08:47'),
 (926,19,26,'user:26',54,'2026-03-21 15:08:47','2026-03-21 15:08:47'),
 (927,19,5,'user:5',54,'2026-03-21 15:08:47','2026-03-21 15:08:47'),
 (928,19,11,'user:11',53,'2026-03-21 15:08:47','2026-03-21 15:08:47'),
 (929,19,19,'user:19',55,'2026-03-21 15:08:47','2026-03-21 15:08:47'),
 (930,19,3,'user:3',53,'2026-03-21 15:08:47','2026-03-21 15:08:47'),
 (931,19,15,'user:15',53,'2026-03-21 15:08:47','2026-03-21 15:08:47'),
 (932,19,12,'user:12',54,'2026-03-21 15:08:47','2026-03-21 15:08:47'),
 (933,19,23,'user:23',55,'2026-03-21 15:08:47','2026-03-21 15:08:47'),
 (934,19,7,'user:7',54,'2026-03-21 15:08:47','2026-03-21 15:08:47'),
 (935,19,14,'user:14',54,'2026-03-21 15:08:47','2026-03-21 15:08:47'),
 (936,19,27,'user:27',55,'2026-03-21 15:08:47','2026-03-21 15:08:47'),
 (937,19,21,'user:21',52,'2026-03-21 15:08:47','2026-03-21 15:08:47'),
 (938,19,25,'user:25',54,'2026-03-21 15:08:47','2026-03-21 15:08:47'),
 (939,19,32,'user:32',53,'2026-03-21 15:08:47','2026-03-21 15:08:47'),
 (940,19,16,'user:16',54,'2026-03-21 15:08:47','2026-03-21 15:08:47'),
 (941,19,9,'user:9',54,'2026-03-21 15:08:47','2026-03-21 15:08:47'),
 (942,19,2,'user:2',54,'2026-03-21 15:08:47','2026-03-21 15:08:47'),
 (943,19,4,'user:4',55,'2026-03-21 15:08:47','2026-03-21 15:08:47'),
 (944,19,18,'user:18',53,'2026-03-21 15:08:47','2026-03-21 15:08:47'),
 (945,19,28,'user:28',53,'2026-03-21 15:08:47','2026-03-21 15:08:47'),
 (946,19,31,'user:31',55,'2026-03-21 15:08:47','2026-03-21 15:08:47'),
 (947,19,13,'user:13',53,'2026-03-21 15:08:47','2026-03-21 15:08:47'),
 (948,19,6,'user:6',55,'2026-03-21 15:08:47','2026-03-21 15:08:47'),
 (949,19,30,'user:30',52,'2026-03-21 15:08:47','2026-03-21 15:08:47'),
 (950,19,24,'user:24',54,'2026-03-21 15:08:47','2026-03-21 15:08:47'),
 (951,19,1,'user:1',54,'2026-03-21 15:08:47','2026-03-21 15:08:47'),
 (952,19,22,'user:22',54,'2026-03-21 15:08:47','2026-03-21 15:08:47'),
 (953,19,NULL,'guest:06ad525a-9131-4a4a-870c-310ecc6133db',55,'2026-03-21 15:08:47','2026-03-21 15:08:47'),
 (954,19,NULL,'guest:fdc7b463-7852-49e4-97f6-888728c0ded7',55,'2026-03-21 15:08:47','2026-03-21 15:08:47'),
 (955,19,NULL,'guest:a6610177-0449-4603-a321-ea3dd769d242',52,'2026-03-21 15:08:47','2026-03-21 15:08:47'),
 (956,19,NULL,'guest:5f39327a-28e4-45ae-a62e-a556e18c29f1',53,'2026-03-21 15:08:47','2026-03-21 15:08:47'),
 (957,19,NULL,'guest:16aa954f-cde8-4f71-86e9-50ffa6e8d7fd',52,'2026-03-21 15:08:47','2026-03-21 15:08:47'),
 (958,19,NULL,'guest:a0f84d6e-8b23-4239-aff2-ca79481617c1',54,'2026-03-21 15:08:47','2026-03-21 15:08:47'),
 (959,19,NULL,'guest:cb6b8e11-c29b-4582-a4e0-86dc44f1831e',54,'2026-03-21 15:08:47','2026-03-21 15:08:47'),
 (960,19,NULL,'guest:5bfe017e-db90-4b96-ab0e-4ca1fb47a9b6',53,'2026-03-21 15:08:47','2026-03-21 15:08:47'),
 (961,19,NULL,'guest:2517b02c-1d6b-4e17-8912-674735f49275',53,'2026-03-21 15:08:47','2026-03-21 15:08:47'),
 (962,19,NULL,'guest:76aeafb1-1e06-40c9-bd75-785b80c04894',55,'2026-03-21 15:08:47','2026-03-21 15:08:47'),
 (963,19,NULL,'guest:cdd2e85f-a162-493c-bd8c-781f30a098b0',52,'2026-03-21 15:08:47','2026-03-21 15:08:47'),
 (964,19,NULL,'guest:b3be9f6b-7ec3-450f-837c-640e91dd2c58',55,'2026-03-21 15:08:47','2026-03-21 15:08:47'),
 (965,19,NULL,'guest:b40c0161-24c0-4f59-bb18-43f6404266b3',52,'2026-03-21 15:08:47','2026-03-21 15:08:47'),
 (966,19,NULL,'guest:15fab6a6-6560-445d-89db-9a4c67d3da6b',55,'2026-03-21 15:08:47','2026-03-21 15:08:47'),
 (967,19,NULL,'guest:ce117537-909f-420e-bedf-c4af78c135f0',55,'2026-03-21 15:08:47','2026-03-21 15:08:47'),
 (968,19,NULL,'guest:98524121-7443-44d1-bec0-becb047ca9ab',55,'2026-03-21 15:08:47','2026-03-21 15:08:47'),
 (969,19,NULL,'guest:e3785303-0e91-403e-868d-7bd2aa4e442e',55,'2026-03-21 15:08:47','2026-03-21 15:08:47'),
 (970,19,NULL,'guest:3db5ff66-87c0-4fee-b83b-0f82ad5a9ea4',53,'2026-03-21 15:08:47','2026-03-21 15:08:47'),
 (971,19,NULL,'guest:c4803d7b-1aa2-4cde-908c-2f4f8fcb4b32',52,'2026-03-21 15:08:47','2026-03-21 15:08:47'),
 (972,19,NULL,'guest:59c0adec-0d69-45fd-9d30-d8d1f00a0790',53,'2026-03-21 15:08:47','2026-03-21 15:08:47'),
 (973,19,NULL,'guest:6d45f8fa-6612-4638-8780-e47f58b157dd',55,'2026-03-21 15:08:47','2026-03-21 15:08:47'),
 (974,19,NULL,'guest:3f291286-6dcc-4620-a3a6-40d865114b17',53,'2026-03-21 15:08:47','2026-03-21 15:08:47'),
 (975,19,NULL,'guest:abc61df7-9253-4a24-a920-d424a5f90452',53,'2026-03-21 15:08:47','2026-03-21 15:08:47'),
 (976,19,NULL,'guest:431546ae-7001-4c4f-9db4-419b88000bd5',54,'2026-03-21 15:08:47','2026-03-21 15:08:47'),
 (977,19,NULL,'guest:63592fc0-0855-4a56-b4f3-36fe25b62b4d',55,'2026-03-21 15:08:47','2026-03-21 15:08:47'),
 (978,19,NULL,'guest:2745e38d-0d5a-4581-97f5-597d7491a281',52,'2026-03-21 15:08:47','2026-03-21 15:08:47'),
 (979,19,NULL,'guest:4262c6f1-16cf-4185-b953-5a48b98a5d09',52,'2026-03-21 15:08:47','2026-03-21 15:08:47'),
 (980,19,NULL,'guest:64b8eac5-17c9-452e-aac2-acc7885e7598',52,'2026-03-21 15:08:47','2026-03-21 15:08:47'),
 (981,19,NULL,'guest:2762852c-6696-4277-b6f9-053fb2058f57',52,'2026-03-21 15:08:47','2026-03-21 15:08:47'),
 (982,19,NULL,'guest:70988d1b-f21b-49e1-a491-41c30fcba268',55,'2026-03-21 15:08:47','2026-03-21 15:08:47'),
 (983,19,NULL,'guest:380a17be-6585-4671-885f-3825b80a6547',53,'2026-03-21 15:08:47','2026-03-21 15:08:47'),
 (984,19,NULL,'guest:1749a7a8-dc5e-4090-b7bf-605479dffae1',54,'2026-03-21 15:08:47','2026-03-21 15:08:47'),
 (985,19,NULL,'guest:61726a4d-63de-4567-b66e-e772848ac441',54,'2026-03-21 15:08:47','2026-03-21 15:08:47'),
 (986,20,22,'user:22',58,'2026-03-21 15:08:47','2026-03-21 15:08:47'),
 (987,20,28,'user:28',59,'2026-03-21 15:08:47','2026-03-21 15:08:47'),
 (988,20,29,'user:29',57,'2026-03-21 15:08:47','2026-03-21 15:08:47'),
 (989,20,31,'user:31',56,'2026-03-21 15:08:47','2026-03-21 15:08:47'),
 (990,20,5,'user:5',57,'2026-03-21 15:08:47','2026-03-21 15:08:47'),
 (991,20,24,'user:24',59,'2026-03-21 15:08:47','2026-03-21 15:08:47'),
 (992,20,21,'user:21',58,'2026-03-21 15:08:47','2026-03-21 15:08:47'),
 (993,20,25,'user:25',56,'2026-03-21 15:08:47','2026-03-21 15:08:47'),
 (994,20,27,'user:27',58,'2026-03-21 15:08:47','2026-03-21 15:08:47'),
 (995,20,32,'user:32',58,'2026-03-21 15:08:47','2026-03-21 15:08:47'),
 (996,20,10,'user:10',57,'2026-03-21 15:08:47','2026-03-21 15:08:47'),
 (997,20,12,'user:12',59,'2026-03-21 15:08:47','2026-03-21 15:08:47'),
 (998,20,23,'user:23',59,'2026-03-21 15:08:47','2026-03-21 15:08:47'),
 (999,20,20,'user:20',59,'2026-03-21 15:08:47','2026-03-21 15:08:47'),
 (1000,20,13,'user:13',59,'2026-03-21 15:08:47','2026-03-21 15:08:47'),
 (1001,20,1,'user:1',56,'2026-03-21 15:08:47','2026-03-21 15:08:47'),
 (1002,20,15,'user:15',59,'2026-03-21 15:08:47','2026-03-21 15:08:47'),
 (1003,20,26,'user:26',56,'2026-03-21 15:08:47','2026-03-21 15:08:47'),
 (1004,20,18,'user:18',56,'2026-03-21 15:08:47','2026-03-21 15:08:47'),
 (1005,20,30,'user:30',56,'2026-03-21 15:08:47','2026-03-21 15:08:47'),
 (1006,20,6,'user:6',57,'2026-03-21 15:08:47','2026-03-21 15:08:47'),
 (1007,20,4,'user:4',57,'2026-03-21 15:08:47','2026-03-21 15:08:47'),
 (1008,20,3,'user:3',58,'2026-03-21 15:08:47','2026-03-21 15:08:47'),
 (1009,20,2,'user:2',59,'2026-03-21 15:08:47','2026-03-21 15:08:47'),
 (1010,20,8,'user:8',58,'2026-03-21 15:08:47','2026-03-21 15:08:47'),
 (1011,20,19,'user:19',58,'2026-03-21 15:08:47','2026-03-21 15:08:47'),
 (1012,20,NULL,'guest:8dfc3e5f-0263-4d62-92ed-4ef44e79552a',57,'2026-03-21 15:08:47','2026-03-21 15:08:47'),
 (1013,20,NULL,'guest:25aba7d8-ab70-4c90-a5e0-557d30e6b031',56,'2026-03-21 15:08:47','2026-03-21 15:08:47'),
 (1014,20,NULL,'guest:6068571a-eaec-4331-9444-05ee61c01736',58,'2026-03-21 15:08:47','2026-03-21 15:08:47'),
 (1015,20,NULL,'guest:0dc0daf9-81d7-424e-bc59-94b9b1cce2f6',58,'2026-03-21 15:08:47','2026-03-21 15:08:47'),
 (1016,20,NULL,'guest:3ab2bfc0-fab4-4802-be31-08b0ff7a35d5',57,'2026-03-21 15:08:47','2026-03-21 15:08:47'),
 (1017,20,NULL,'guest:1b5e831d-a137-4798-8d5b-85694c5406df',58,'2026-03-21 15:08:47','2026-03-21 15:08:47'),
 (1018,20,NULL,'guest:1a3a336c-daa8-4139-abbb-02928c5cfdab',56,'2026-03-21 15:08:47','2026-03-21 15:08:47'),
 (1019,20,NULL,'guest:668bd83e-94da-4c08-b7d1-0fa6f2884d7e',57,'2026-03-21 15:08:47','2026-03-21 15:08:47'),
 (1020,20,NULL,'guest:54b3872d-77d4-4aad-b87b-a90d48bb6b11',58,'2026-03-21 15:08:47','2026-03-21 15:08:47'),
 (1021,20,NULL,'guest:db7bf9ef-a0ba-45a7-a24e-7a297387f268',56,'2026-03-21 15:08:47','2026-03-21 15:08:47'),
 (1022,20,NULL,'guest:f7242357-7c5a-4116-86cb-6502f54cd859',59,'2026-03-21 15:08:47','2026-03-21 15:08:47'),
 (1023,20,NULL,'guest:5f681d73-6b58-4cb4-82b1-7fb7e2f36b40',59,'2026-03-21 15:08:47','2026-03-21 15:08:47'),
 (1024,20,NULL,'guest:12520d2c-6f2c-4ca8-ad52-8a31d586a8e4',57,'2026-03-21 15:08:47','2026-03-21 15:08:47'),
 (1025,20,NULL,'guest:2149b33e-da91-4ffc-aa1a-450bff6af7bc',56,'2026-03-21 15:08:47','2026-03-21 15:08:47'),
 (1026,21,26,'user:26',61,'2026-03-21 15:08:47','2026-03-21 15:08:47'),
 (1027,21,1,'user:1',61,'2026-03-21 15:08:47','2026-03-21 15:08:47'),
 (1028,21,10,'user:10',61,'2026-03-21 15:08:47','2026-03-21 15:08:47'),
 (1029,21,24,'user:24',60,'2026-03-21 15:08:47','2026-03-21 15:08:47'),
 (1030,21,20,'user:20',61,'2026-03-21 15:08:47','2026-03-21 15:08:47'),
 (1031,21,28,'user:28',61,'2026-03-21 15:08:47','2026-03-21 15:08:47'),
 (1032,21,7,'user:7',60,'2026-03-21 15:08:47','2026-03-21 15:08:47'),
 (1033,21,13,'user:13',60,'2026-03-21 15:08:47','2026-03-21 15:08:47'),
 (1034,21,9,'user:9',60,'2026-03-21 15:08:47','2026-03-21 15:08:47'),
 (1035,21,21,'user:21',61,'2026-03-21 15:08:47','2026-03-21 15:08:47'),
 (1036,21,31,'user:31',60,'2026-03-21 15:08:47','2026-03-21 15:08:47'),
 (1037,21,5,'user:5',61,'2026-03-21 15:08:47','2026-03-21 15:08:47'),
 (1038,21,30,'user:30',60,'2026-03-21 15:08:47','2026-03-21 15:08:47'),
 (1039,21,22,'user:22',61,'2026-03-21 15:08:47','2026-03-21 15:08:47'),
 (1040,21,14,'user:14',60,'2026-03-21 15:08:47','2026-03-21 15:08:47'),
 (1041,21,4,'user:4',60,'2026-03-21 15:08:47','2026-03-21 15:08:47'),
 (1042,21,16,'user:16',60,'2026-03-21 15:08:47','2026-03-21 15:08:47'),
 (1043,21,6,'user:6',60,'2026-03-21 15:08:47','2026-03-21 15:08:47'),
 (1044,21,8,'user:8',61,'2026-03-21 15:08:47','2026-03-21 15:08:47'),
 (1045,21,27,'user:27',61,'2026-03-21 15:08:47','2026-03-21 15:08:47'),
 (1046,21,11,'user:11',60,'2026-03-21 15:08:47','2026-03-21 15:08:47'),
 (1047,21,15,'user:15',61,'2026-03-21 15:08:47','2026-03-21 15:08:47'),
 (1048,21,17,'user:17',61,'2026-03-21 15:08:47','2026-03-21 15:08:47'),
 (1049,21,29,'user:29',61,'2026-03-21 15:08:47','2026-03-21 15:08:47'),
 (1050,21,32,'user:32',61,'2026-03-21 15:08:47','2026-03-21 15:08:47'),
 (1051,21,19,'user:19',60,'2026-03-21 15:08:47','2026-03-21 15:08:47'),
 (1052,21,3,'user:3',60,'2026-03-21 15:08:47','2026-03-21 15:08:47'),
 (1053,21,2,'user:2',61,'2026-03-21 15:08:47','2026-03-21 15:08:47'),
 (1054,21,12,'user:12',60,'2026-03-21 15:08:47','2026-03-21 15:08:47'),
 (1055,21,25,'user:25',60,'2026-03-21 15:08:47','2026-03-21 15:08:47'),
 (1056,21,23,'user:23',61,'2026-03-21 15:08:47','2026-03-21 15:08:47'),
 (1057,21,18,'user:18',60,'2026-03-21 15:08:47','2026-03-21 15:08:47'),
 (1058,21,NULL,'guest:8eb62186-6592-4ce1-be04-72e93dec744c',60,'2026-03-21 15:08:47','2026-03-21 15:08:47'),
 (1059,21,NULL,'guest:75b909f0-acaf-483d-9985-48dfbf57a27a',61,'2026-03-21 15:08:47','2026-03-21 15:08:47'),
 (1060,21,NULL,'guest:a3695172-999a-4aac-9be2-e6b25c418ffc',60,'2026-03-21 15:08:47','2026-03-21 15:08:47'),
 (1061,21,NULL,'guest:3134c403-d9de-48d5-b3a7-17f7166242a4',60,'2026-03-21 15:08:47','2026-03-21 15:08:47'),
 (1062,21,NULL,'guest:bfc9426b-e8b0-4950-9af0-0e7e716de727',60,'2026-03-21 15:08:47','2026-03-21 15:08:47'),
 (1063,21,NULL,'guest:1bf0315e-4cb1-4c2d-99d7-ff6788cba638',60,'2026-03-21 15:08:47','2026-03-21 15:08:47'),
 (1064,21,NULL,'guest:d0d5b685-8ec5-45a6-96bf-b4632d129e4b',61,'2026-03-21 15:08:47','2026-03-21 15:08:47'),
 (1065,21,NULL,'guest:50cbd5e7-9230-436e-a91b-c0da199d62ca',60,'2026-03-21 15:08:47','2026-03-21 15:08:47'),
 (1066,21,NULL,'guest:2ddc291e-7938-44bc-b259-190df06e6f43',60,'2026-03-21 15:08:47','2026-03-21 15:08:47'),
 (1067,21,NULL,'guest:09294a05-fccc-4324-b6da-59932d48042e',61,'2026-03-21 15:08:47','2026-03-21 15:08:47'),
 (1068,21,NULL,'guest:8156da61-3b3a-45ed-8fa7-bbf7a41a85ae',61,'2026-03-21 15:08:47','2026-03-21 15:08:47'),
 (1069,21,NULL,'guest:134ccae8-cf27-48d2-b117-3b73c25a39a9',60,'2026-03-21 15:08:47','2026-03-21 15:08:47'),
 (1070,21,NULL,'guest:cd05f2c2-82e3-4abf-add2-c2685fdfb107',60,'2026-03-21 15:08:47','2026-03-21 15:08:47'),
 (1071,21,NULL,'guest:aaec37fd-91c2-4c4d-9d68-724a29554826',61,'2026-03-21 15:08:47','2026-03-21 15:08:47'),
 (1072,21,NULL,'guest:789d898a-31b5-47ad-981a-e4c91f5dd261',60,'2026-03-21 15:08:47','2026-03-21 15:08:47'),
 (1073,21,NULL,'guest:192bef19-bc72-4cc4-8eee-56b1b9ef791a',60,'2026-03-21 15:08:47','2026-03-21 15:08:47'),
 (1074,21,NULL,'guest:b754711a-c8a7-4a8e-a129-e9016c676341',61,'2026-03-21 15:08:47','2026-03-21 15:08:47'),
 (1075,21,NULL,'guest:f6abfa64-95af-45fd-9b96-884756eb85ec',61,'2026-03-21 15:08:47','2026-03-21 15:08:47'),
 (1076,21,NULL,'guest:d0f6945a-7e6d-4c45-ac84-c99570dd23f6',61,'2026-03-21 15:08:47','2026-03-21 15:08:47'),
 (1077,21,NULL,'guest:4c0fd032-be83-4102-90ba-13c8204af4c6',60,'2026-03-21 15:08:47','2026-03-21 15:08:47'),
 (1078,21,NULL,'guest:128af588-7ff9-4330-beef-0658c0176cf2',60,'2026-03-21 15:08:47','2026-03-21 15:08:47'),
 (1079,21,NULL,'guest:9a462fdd-0905-4336-a0d5-9cbbc7f93737',60,'2026-03-21 15:08:47','2026-03-21 15:08:47'),
 (1080,21,NULL,'guest:00a6ff96-7682-4e26-b55f-47947de9cdff',61,'2026-03-21 15:08:47','2026-03-21 15:08:47'),
 (1081,21,NULL,'guest:945e7ef8-33f3-4d6f-b483-ca5e674a4da4',60,'2026-03-21 15:08:47','2026-03-21 15:08:47'),
 (1082,21,NULL,'guest:253dd198-8fe8-493d-b9bf-c12302976edd',61,'2026-03-21 15:08:47','2026-03-21 15:08:47'),
 (1083,21,NULL,'guest:2bb65fed-673c-4821-a2c4-49ff124d0693',61,'2026-03-21 15:08:47','2026-03-21 15:08:47'),
 (1084,21,NULL,'guest:ab01231d-c9c6-4180-89c4-fedab2df5044',61,'2026-03-21 15:08:47','2026-03-21 15:08:47'),
 (1085,21,NULL,'guest:3a0e974f-3524-4800-b50c-029a0a78a90e',60,'2026-03-21 15:08:47','2026-03-21 15:08:47'),
 (1086,21,NULL,'guest:4a5f9988-0500-4ec2-b18c-24694b50012b',61,'2026-03-21 15:08:47','2026-03-21 15:08:47'),
 (1087,21,NULL,'guest:c6f100a9-f7f4-490c-9822-b6934800edcb',60,'2026-03-21 15:08:47','2026-03-21 15:08:47'),
 (1088,21,NULL,'guest:1372b4c1-d539-4eea-9739-39875a5d21a8',60,'2026-03-21 15:08:47','2026-03-21 15:08:47'),
 (1089,21,NULL,'guest:22785e86-fbff-470b-a340-0f9ab53f5a6a',61,'2026-03-21 15:08:47','2026-03-21 15:08:47'),
 (1090,21,NULL,'guest:87b73729-a037-4a8c-a7f1-53999fd30448',60,'2026-03-21 15:08:47','2026-03-21 15:08:47'),
 (1091,21,NULL,'guest:c73ba2f2-b19f-4c2b-bb19-ad454c1b688f',60,'2026-03-21 15:08:47','2026-03-21 15:08:47'),
 (1092,22,20,'user:20',62,'2026-03-21 15:08:47','2026-03-21 15:08:47'),
 (1093,22,18,'user:18',65,'2026-03-21 15:08:47','2026-03-21 15:08:47'),
 (1094,22,17,'user:17',62,'2026-03-21 15:08:47','2026-03-21 15:08:47'),
 (1095,22,25,'user:25',63,'2026-03-21 15:08:47','2026-03-21 15:08:47'),
 (1096,22,21,'user:21',65,'2026-03-21 15:08:47','2026-03-21 15:08:47'),
 (1097,22,11,'user:11',62,'2026-03-21 15:08:47','2026-03-21 15:08:47'),
 (1098,22,30,'user:30',62,'2026-03-21 15:08:47','2026-03-21 15:08:47'),
 (1099,22,1,'user:1',62,'2026-03-21 15:08:47','2026-03-21 15:08:47'),
 (1100,22,16,'user:16',65,'2026-03-21 15:08:47','2026-03-21 15:08:47'),
 (1101,22,3,'user:3',63,'2026-03-21 15:08:47','2026-03-21 15:08:47'),
 (1102,22,28,'user:28',62,'2026-03-21 15:08:47','2026-03-21 15:08:47'),
 (1103,22,14,'user:14',64,'2026-03-21 15:08:47','2026-03-21 15:08:47'),
 (1104,22,6,'user:6',63,'2026-03-21 15:08:47','2026-03-21 15:08:47'),
 (1105,22,5,'user:5',64,'2026-03-21 15:08:47','2026-03-21 15:08:47'),
 (1106,22,27,'user:27',63,'2026-03-21 15:08:47','2026-03-21 15:08:47'),
 (1107,22,7,'user:7',65,'2026-03-21 15:08:47','2026-03-21 15:08:47'),
 (1108,22,19,'user:19',62,'2026-03-21 15:08:47','2026-03-21 15:08:47'),
 (1109,22,9,'user:9',63,'2026-03-21 15:08:47','2026-03-21 15:08:47'),
 (1110,22,29,'user:29',64,'2026-03-21 15:08:47','2026-03-21 15:08:47'),
 (1111,22,32,'user:32',64,'2026-03-21 15:08:47','2026-03-21 15:08:47'),
 (1112,22,31,'user:31',64,'2026-03-21 15:08:47','2026-03-21 15:08:47'),
 (1113,22,24,'user:24',65,'2026-03-21 15:08:47','2026-03-21 15:08:47'),
 (1114,22,26,'user:26',64,'2026-03-21 15:08:47','2026-03-21 15:08:47'),
 (1115,22,12,'user:12',65,'2026-03-21 15:08:47','2026-03-21 15:08:47'),
 (1116,22,13,'user:13',64,'2026-03-21 15:08:47','2026-03-21 15:08:47'),
 (1117,22,15,'user:15',65,'2026-03-21 15:08:47','2026-03-21 15:08:47'),
 (1118,22,23,'user:23',63,'2026-03-21 15:08:47','2026-03-21 15:08:47'),
 (1119,22,4,'user:4',65,'2026-03-21 15:08:47','2026-03-21 15:08:47'),
 (1120,22,2,'user:2',62,'2026-03-21 15:08:47','2026-03-21 15:08:47'),
 (1121,22,22,'user:22',62,'2026-03-21 15:08:47','2026-03-21 15:08:47'),
 (1122,22,NULL,'guest:c203a404-7496-4bb8-869c-8f882894a8c6',64,'2026-03-21 15:08:47','2026-03-21 15:08:47'),
 (1123,22,NULL,'guest:a0bfbc11-7a5a-43ad-a0fd-e4e4b27266a2',64,'2026-03-21 15:08:47','2026-03-21 15:08:47'),
 (1124,22,NULL,'guest:9500d24f-31b2-44a4-957e-71155e3e7940',62,'2026-03-21 15:08:47','2026-03-21 15:08:47'),
 (1125,22,NULL,'guest:55cf7f01-6e0a-40aa-967a-1801204f6333',64,'2026-03-21 15:08:47','2026-03-21 15:08:47'),
 (1126,22,NULL,'guest:036beee7-0b8e-4c07-9d93-e4e8e97eecb7',62,'2026-03-21 15:08:47','2026-03-21 15:08:47'),
 (1127,22,NULL,'guest:47d4d904-4d67-4966-9028-0043affd4c03',63,'2026-03-21 15:08:47','2026-03-21 15:08:47'),
 (1128,22,NULL,'guest:a00ee53d-c247-4d3f-a274-d5ccff0c26dc',64,'2026-03-21 15:08:47','2026-03-21 15:08:47'),
 (1129,22,NULL,'guest:06022851-1fa1-47ac-bfb3-9bc1c681321e',62,'2026-03-21 15:08:47','2026-03-21 15:08:47'),
 (1130,22,NULL,'guest:e27a4a3e-e5dc-4702-bab5-38b00f08edad',63,'2026-03-21 15:08:47','2026-03-21 15:08:47'),
 (1131,22,NULL,'guest:47875a2d-acaf-4907-827d-2f42081a90fe',63,'2026-03-21 15:08:47','2026-03-21 15:08:47'),
 (1132,22,NULL,'guest:7aecf338-fc36-4c80-b275-fcd6d10560ed',64,'2026-03-21 15:08:47','2026-03-21 15:08:47'),
 (1133,22,NULL,'guest:30be07ec-915a-4737-bb96-2097ee9d3350',64,'2026-03-21 15:08:47','2026-03-21 15:08:47'),
 (1134,22,NULL,'guest:3ff07ae9-3d08-4532-9c9b-bb918526c1c0',62,'2026-03-21 15:08:47','2026-03-21 15:08:47'),
 (1135,22,NULL,'guest:ab01d2bb-1746-4eee-8387-42ba2d406878',62,'2026-03-21 15:08:47','2026-03-21 15:08:47'),
 (1136,22,NULL,'guest:55f0dfdb-17a9-4ebc-913a-3d99b5f6a960',64,'2026-03-21 15:08:47','2026-03-21 15:08:47'),
 (1137,22,NULL,'guest:c9a7cfe7-7df7-4de8-aea4-ee8bf3bd0dc0',63,'2026-03-21 15:08:47','2026-03-21 15:08:47'),
 (1138,22,NULL,'guest:1841ea99-147e-471f-9efd-c8e78a3ff015',64,'2026-03-21 15:08:47','2026-03-21 15:08:47'),
 (1139,22,NULL,'guest:5d276e41-113a-4cef-afe5-deb0d4c6bb21',65,'2026-03-21 15:08:47','2026-03-21 15:08:47'),
 (1140,22,NULL,'guest:1c8fdd6a-39d8-4344-a89a-c8d67b70d373',64,'2026-03-21 15:08:47','2026-03-21 15:08:47'),
 (1141,22,NULL,'guest:756b3434-4700-4b2f-8bb9-b31aa14c9064',63,'2026-03-21 15:08:48','2026-03-21 15:08:48'),
 (1142,23,25,'user:25',68,'2026-03-21 15:08:48','2026-03-21 15:08:48'),
 (1143,23,26,'user:26',66,'2026-03-21 15:08:48','2026-03-21 15:08:48'),
 (1144,23,5,'user:5',69,'2026-03-21 15:08:48','2026-03-21 15:08:48'),
 (1145,23,22,'user:22',69,'2026-03-21 15:08:48','2026-03-21 15:08:48'),
 (1146,23,32,'user:32',69,'2026-03-21 15:08:48','2026-03-21 15:08:48'),
 (1147,23,18,'user:18',67,'2026-03-21 15:08:48','2026-03-21 15:08:48'),
 (1148,23,24,'user:24',67,'2026-03-21 15:08:48','2026-03-21 15:08:48'),
 (1149,23,7,'user:7',67,'2026-03-21 15:08:48','2026-03-21 15:08:48'),
 (1150,23,21,'user:21',66,'2026-03-21 15:08:48','2026-03-21 15:08:48'),
 (1151,23,11,'user:11',68,'2026-03-21 15:08:48','2026-03-21 15:08:48'),
 (1152,23,19,'user:19',67,'2026-03-21 15:08:48','2026-03-21 15:08:48'),
 (1153,23,14,'user:14',66,'2026-03-21 15:08:48','2026-03-21 15:08:48'),
 (1154,23,31,'user:31',69,'2026-03-21 15:08:48','2026-03-21 15:08:48'),
 (1155,23,30,'user:30',66,'2026-03-21 15:08:48','2026-03-21 15:08:48'),
 (1156,23,27,'user:27',69,'2026-03-21 15:08:48','2026-03-21 15:08:48'),
 (1157,23,16,'user:16',69,'2026-03-21 15:08:48','2026-03-21 15:08:48'),
 (1158,23,23,'user:23',69,'2026-03-21 15:08:48','2026-03-21 15:08:48'),
 (1159,23,4,'user:4',68,'2026-03-21 15:08:48','2026-03-21 15:08:48'),
 (1160,23,NULL,'guest:7466cb70-ddbb-41ae-9445-7e9510808a62',67,'2026-03-21 15:08:48','2026-03-21 15:08:48'),
 (1161,23,NULL,'guest:43729017-2e43-43e8-9a16-a73c68959f5e',69,'2026-03-21 15:08:48','2026-03-21 15:08:48'),
 (1162,23,NULL,'guest:ba7bf647-7c3f-4d26-b9c4-90173f49ca89',68,'2026-03-21 15:08:48','2026-03-21 15:08:48'),
 (1163,23,NULL,'guest:73fb4e18-883f-488e-a290-41da50d3e2de',69,'2026-03-21 15:08:48','2026-03-21 15:08:48'),
 (1164,23,NULL,'guest:f93398c4-4c83-46bc-989c-621346cf0b86',68,'2026-03-21 15:08:48','2026-03-21 15:08:48'),
 (1165,23,NULL,'guest:b13d7940-a143-4ff2-b2b4-09635a75d3b8',67,'2026-03-21 15:08:48','2026-03-21 15:08:48'),
 (1166,23,NULL,'guest:75312103-99a9-4ea1-af18-ae7600c65be3',67,'2026-03-21 15:08:48','2026-03-21 15:08:48'),
 (1167,23,NULL,'guest:0ad7a262-dc0c-414a-b410-d832b96254f1',67,'2026-03-21 15:08:48','2026-03-21 15:08:48'),
 (1168,23,NULL,'guest:cc0d4e95-6b5a-46a6-b0ae-84bb15e2453c',69,'2026-03-21 15:08:48','2026-03-21 15:08:48'),
 (1169,23,NULL,'guest:5b14630e-cc48-414c-b8d2-454b574fe444',67,'2026-03-21 15:08:48','2026-03-21 15:08:48'),
 (1170,23,NULL,'guest:774dcd7a-60bd-4a9e-8490-8aeeb5237a52',69,'2026-03-21 15:08:48','2026-03-21 15:08:48'),
 (1171,23,NULL,'guest:cce7d3b7-260a-422f-a435-81246f69d45d',66,'2026-03-21 15:08:48','2026-03-21 15:08:48'),
 (1172,23,NULL,'guest:6b76b00b-55d6-4119-ace2-f99ee94f7a32',68,'2026-03-21 15:08:48','2026-03-21 15:08:48'),
 (1173,23,NULL,'guest:e1dace54-c6eb-4a2b-9daf-e7b6cd05097d',69,'2026-03-21 15:08:48','2026-03-21 15:08:48'),
 (1174,23,NULL,'guest:b6a8a273-bb5d-4e05-8845-a8e61a177fc2',68,'2026-03-21 15:08:48','2026-03-21 15:08:48'),
 (1175,23,NULL,'guest:93e9838a-6720-49ce-ba55-e979c8d4987d',66,'2026-03-21 15:08:48','2026-03-21 15:08:48'),
 (1176,23,NULL,'guest:ab23e659-fb7c-46bb-8165-eabb63ebef5f',67,'2026-03-21 15:08:48','2026-03-21 15:08:48'),
 (1177,23,NULL,'guest:801f72a1-c2ff-4f50-813a-14849699846f',69,'2026-03-21 15:08:48','2026-03-21 15:08:48'),
 (1178,23,NULL,'guest:3ac7de2f-ab75-4ee8-ae16-d32ab299865c',68,'2026-03-21 15:08:48','2026-03-21 15:08:48'),
 (1179,23,NULL,'guest:5d8e7923-0449-481d-9cc0-90b5b38bd99c',67,'2026-03-21 15:08:48','2026-03-21 15:08:48'),
 (1180,23,NULL,'guest:5ad26a06-0aa0-4643-9358-aa55a5278405',66,'2026-03-21 15:08:48','2026-03-21 15:08:48'),
 (1181,23,NULL,'guest:c8b58b68-b8af-4c8d-8535-74ae345d4361',66,'2026-03-21 15:08:48','2026-03-21 15:08:48'),
 (1182,23,NULL,'guest:43a75dae-efa7-4ff5-8b32-4f168014cace',68,'2026-03-21 15:08:48','2026-03-21 15:08:48'),
 (1183,23,NULL,'guest:bf8ed716-0692-4c64-8f45-67d830b2fd6f',68,'2026-03-21 15:08:48','2026-03-21 15:08:48'),
 (1184,23,NULL,'guest:5a15d6b4-8773-48bf-a3db-92b27b695733',67,'2026-03-21 15:08:48','2026-03-21 15:08:48'),
 (1185,23,NULL,'guest:a434411a-7e55-4aaf-a97b-6719e58ef024',68,'2026-03-21 15:08:48','2026-03-21 15:08:48'),
 (1186,23,NULL,'guest:83a4cf90-0ce6-4f9e-aa89-cba8e50b9c27',67,'2026-03-21 15:08:48','2026-03-21 15:08:48'),
 (1187,23,NULL,'guest:245cdbf7-b8eb-4a88-b505-86a94d4aa751',66,'2026-03-21 15:08:48','2026-03-21 15:08:48'),
 (1188,23,NULL,'guest:30181729-3f12-4e56-8777-738cff556f42',69,'2026-03-21 15:08:48','2026-03-21 15:08:48'),
 (1189,23,NULL,'guest:2293d71f-2135-45af-a035-93d535b486bc',66,'2026-03-21 15:08:48','2026-03-21 15:08:48'),
 (1190,24,22,'user:22',70,'2026-03-21 15:08:48','2026-03-21 15:08:48'),
 (1191,24,28,'user:28',71,'2026-03-21 15:08:48','2026-03-21 15:08:48'),
 (1192,24,32,'user:32',71,'2026-03-21 15:08:48','2026-03-21 15:08:48'),
 (1193,24,13,'user:13',70,'2026-03-21 15:08:48','2026-03-21 15:08:48'),
 (1194,24,1,'user:1',70,'2026-03-21 15:08:48','2026-03-21 15:08:48'),
 (1195,24,17,'user:17',70,'2026-03-21 15:08:48','2026-03-21 15:08:48'),
 (1196,24,8,'user:8',71,'2026-03-21 15:08:48','2026-03-21 15:08:48'),
 (1197,24,14,'user:14',71,'2026-03-21 15:08:48','2026-03-21 15:08:48'),
 (1198,24,15,'user:15',71,'2026-03-21 15:08:48','2026-03-21 15:08:48'),
 (1199,24,23,'user:23',71,'2026-03-21 15:08:48','2026-03-21 15:08:48'),
 (1200,24,4,'user:4',70,'2026-03-21 15:08:48','2026-03-21 15:08:48'),
 (1201,24,6,'user:6',70,'2026-03-21 15:08:48','2026-03-21 15:08:48'),
 (1202,24,9,'user:9',71,'2026-03-21 15:08:48','2026-03-21 15:08:48'),
 (1203,24,25,'user:25',70,'2026-03-21 15:08:48','2026-03-21 15:08:48'),
 (1204,24,24,'user:24',70,'2026-03-21 15:08:48','2026-03-21 15:08:48'),
 (1205,24,27,'user:27',71,'2026-03-21 15:08:48','2026-03-21 15:08:48'),
 (1206,24,16,'user:16',70,'2026-03-21 15:08:48','2026-03-21 15:08:48'),
 (1207,24,7,'user:7',71,'2026-03-21 15:08:48','2026-03-21 15:08:48'),
 (1208,24,19,'user:19',71,'2026-03-21 15:08:48','2026-03-21 15:08:48'),
 (1209,24,29,'user:29',70,'2026-03-21 15:08:48','2026-03-21 15:08:48'),
 (1210,24,18,'user:18',71,'2026-03-21 15:08:48','2026-03-21 15:08:48'),
 (1211,24,31,'user:31',70,'2026-03-21 15:08:48','2026-03-21 15:08:48'),
 (1212,24,5,'user:5',70,'2026-03-21 15:08:48','2026-03-21 15:08:48'),
 (1213,24,21,'user:21',71,'2026-03-21 15:08:48','2026-03-21 15:08:48'),
 (1214,24,3,'user:3',71,'2026-03-21 15:08:48','2026-03-21 15:08:48'),
 (1215,24,20,'user:20',70,'2026-03-21 15:08:48','2026-03-21 15:08:48'),
 (1216,24,2,'user:2',70,'2026-03-21 15:08:48','2026-03-21 15:08:48'),
 (1217,24,26,'user:26',70,'2026-03-21 15:08:48','2026-03-21 15:08:48'),
 (1218,24,10,'user:10',70,'2026-03-21 15:08:48','2026-03-21 15:08:48'),
 (1219,24,12,'user:12',71,'2026-03-21 15:08:48','2026-03-21 15:08:48'),
 (1220,24,30,'user:30',70,'2026-03-21 15:08:48','2026-03-21 15:08:48'),
 (1221,24,11,'user:11',70,'2026-03-21 15:08:48','2026-03-21 15:08:48'),
 (1222,24,NULL,'guest:ff002ede-bb03-4ebe-aab1-05d6acdcb5dc',70,'2026-03-21 15:08:48','2026-03-21 15:08:48'),
 (1223,24,NULL,'guest:e3a79c06-279d-4907-9a1e-cc759407ba4e',71,'2026-03-21 15:08:48','2026-03-21 15:08:48'),
 (1224,24,NULL,'guest:034977c5-e306-4a06-af19-4cbb2193e574',70,'2026-03-21 15:08:48','2026-03-21 15:08:48'),
 (1225,24,NULL,'guest:f407b0a7-baac-4ae4-a288-3654e454e26d',70,'2026-03-21 15:08:48','2026-03-21 15:08:48'),
 (1226,24,NULL,'guest:61a353e5-b641-4f21-9b7d-92728b606cb6',70,'2026-03-21 15:08:48','2026-03-21 15:08:48'),
 (1227,24,NULL,'guest:2e0d72cc-fa73-4957-900c-22864f18fbd5',71,'2026-03-21 15:08:48','2026-03-21 15:08:48'),
 (1228,24,NULL,'guest:4d4fe0d8-3f56-4158-95ad-e3075774bb6e',70,'2026-03-21 15:08:48','2026-03-21 15:08:48'),
 (1229,24,NULL,'guest:77b31cb6-fb06-4ce9-9fde-a09ef92df4d2',70,'2026-03-21 15:08:48','2026-03-21 15:08:48'),
 (1230,24,NULL,'guest:83e056e2-2bbf-49b9-af72-959864446017',70,'2026-03-21 15:08:48','2026-03-21 15:08:48'),
 (1231,24,NULL,'guest:a475402d-60ed-4a38-a8d0-ae572bd86da6',71,'2026-03-21 15:08:48','2026-03-21 15:08:48'),
 (1232,24,NULL,'guest:fa187904-0ab4-47cb-8f63-b43081644849',71,'2026-03-21 15:08:48','2026-03-21 15:08:48'),
 (1233,24,NULL,'guest:69453405-1096-4411-b068-cb884c3bb418',70,'2026-03-21 15:08:48','2026-03-21 15:08:48'),
 (1234,24,NULL,'guest:7cf0906c-fe08-4058-9206-2a86ca227900',70,'2026-03-21 15:08:48','2026-03-21 15:08:48'),
 (1235,24,NULL,'guest:2ab09960-c38c-4ab3-98c9-182b1bb95ea6',70,'2026-03-21 15:08:48','2026-03-21 15:08:48'),
 (1236,24,NULL,'guest:b50c47ae-9785-4d45-ac32-12e06b66ef61',71,'2026-03-21 15:08:48','2026-03-21 15:08:48'),
 (1237,24,NULL,'guest:91e536f1-e568-4251-8bac-463efc982e1e',70,'2026-03-21 15:08:48','2026-03-21 15:08:48'),
 (1238,24,NULL,'guest:3f66fdea-095c-4984-99ab-35e580b9ad0e',70,'2026-03-21 15:08:48','2026-03-21 15:08:48'),
 (1239,24,NULL,'guest:5ff31a3d-59df-4bf7-bd25-fb00586c4a42',71,'2026-03-21 15:08:48','2026-03-21 15:08:48'),
 (1240,24,NULL,'guest:e60b6467-b04c-4ff6-ab9e-6f05dc3263f0',70,'2026-03-21 15:08:48','2026-03-21 15:08:48'),
 (1241,24,NULL,'guest:43489bec-2893-4e80-aad9-69b7dd12a815',71,'2026-03-21 15:08:48','2026-03-21 15:08:48'),
 (1242,24,NULL,'guest:599f94a0-e8d5-4329-b464-5008a503858d',70,'2026-03-21 15:08:48','2026-03-21 15:08:48'),
 (1243,24,NULL,'guest:cdfe74d9-f6bc-466e-85d1-b7262d478ad8',70,'2026-03-21 15:08:48','2026-03-21 15:08:48'),
 (1244,24,NULL,'guest:660bd1df-b158-4899-9ead-803f9f5faddc',70,'2026-03-21 15:08:48','2026-03-21 15:08:48'),
 (1245,24,NULL,'guest:0ad946d2-a5e6-4b8c-8c03-8d66c7f24c84',71,'2026-03-21 15:08:48','2026-03-21 15:08:48'),
 (1246,24,NULL,'guest:9cd63eb2-2180-40ba-97bf-3864ed9190b0',70,'2026-03-21 15:08:48','2026-03-21 15:08:48'),
 (1247,24,NULL,'guest:86449bd9-65ba-45fa-b7a9-69402256e442',70,'2026-03-21 15:08:48','2026-03-21 15:08:48'),
 (1248,24,NULL,'guest:dd9c2ef4-45cb-4685-9bd3-821606a9e1a7',71,'2026-03-21 15:08:48','2026-03-21 15:08:48'),
 (1249,24,NULL,'guest:227aadc6-7fe1-4718-bac2-19ea0426a3b5',71,'2026-03-21 15:08:48','2026-03-21 15:08:48'),
 (1250,24,NULL,'guest:e00133cc-deaf-4a08-8ea3-ba1e4ff723b8',70,'2026-03-21 15:08:48','2026-03-21 15:08:48'),
 (1251,24,NULL,'guest:8a5c119b-7cca-4806-aca4-3710eb19c344',71,'2026-03-21 15:08:48','2026-03-21 15:08:48'),
 (1252,24,NULL,'guest:417f8168-a23d-4cde-b13b-35bed1abb177',70,'2026-03-21 15:08:48','2026-03-21 15:08:48'),
 (1253,24,NULL,'guest:cb78069c-08fe-4dde-9e13-860bc52bb38b',71,'2026-03-21 15:08:48','2026-03-21 15:08:48'),
 (1254,24,NULL,'guest:4f68f5b2-0bd7-4616-98b3-df37667162e9',70,'2026-03-21 15:08:48','2026-03-21 15:08:48'),
 (1255,24,NULL,'guest:bfa95982-ba51-4133-ab22-276b40b7b292',70,'2026-03-21 15:08:48','2026-03-21 15:08:48'),
 (1256,25,29,'user:29',72,'2026-03-21 15:08:48','2026-03-21 15:08:48'),
 (1257,25,13,'user:13',72,'2026-03-21 15:08:48','2026-03-21 15:08:48'),
 (1258,25,28,'user:28',72,'2026-03-21 15:08:48','2026-03-21 15:08:48'),
 (1259,25,7,'user:7',72,'2026-03-21 15:08:48','2026-03-21 15:08:48'),
 (1260,25,16,'user:16',73,'2026-03-21 15:08:48','2026-03-21 15:08:48'),
 (1261,25,12,'user:12',72,'2026-03-21 15:08:48','2026-03-21 15:08:48'),
 (1262,25,17,'user:17',73,'2026-03-21 15:08:48','2026-03-21 15:08:48'),
 (1263,25,15,'user:15',73,'2026-03-21 15:08:48','2026-03-21 15:08:48'),
 (1264,25,4,'user:4',72,'2026-03-21 15:08:48','2026-03-21 15:08:48'),
 (1265,25,23,'user:23',72,'2026-03-21 15:08:48','2026-03-21 15:08:48'),
 (1266,25,27,'user:27',73,'2026-03-21 15:08:48','2026-03-21 15:08:48'),
 (1267,25,30,'user:30',73,'2026-03-21 15:08:48','2026-03-21 15:08:48'),
 (1268,25,3,'user:3',72,'2026-03-21 15:08:48','2026-03-21 15:08:48'),
 (1269,25,11,'user:11',73,'2026-03-21 15:08:48','2026-03-21 15:08:48'),
 (1270,25,20,'user:20',73,'2026-03-21 15:08:48','2026-03-21 15:08:48'),
 (1271,25,6,'user:6',73,'2026-03-21 15:08:48','2026-03-21 15:08:48'),
 (1272,25,22,'user:22',72,'2026-03-21 15:08:48','2026-03-21 15:08:48'),
 (1273,25,31,'user:31',72,'2026-03-21 15:08:48','2026-03-21 15:08:48'),
 (1274,25,NULL,'guest:9e2aacdc-b58c-454e-a541-36029dec2c28',72,'2026-03-21 15:08:48','2026-03-21 15:08:48'),
 (1275,25,NULL,'guest:88932957-5222-4c18-a3b5-9ee0d1ae32f0',73,'2026-03-21 15:08:48','2026-03-21 15:08:48'),
 (1276,25,NULL,'guest:8debcafc-7e2b-4439-8ddf-0d5f21059090',73,'2026-03-21 15:08:48','2026-03-21 15:08:48'),
 (1277,25,NULL,'guest:06c407b2-0b3f-4e0f-8f4d-a563dc5258a3',72,'2026-03-21 15:08:48','2026-03-21 15:08:48'),
 (1278,25,NULL,'guest:0d79f79b-40ca-4fdc-a40e-bb48ee982eda',73,'2026-03-21 15:08:48','2026-03-21 15:08:48'),
 (1279,25,NULL,'guest:f1fc11b1-91ae-4bf1-b6bb-cb3797fcf5eb',73,'2026-03-21 15:08:48','2026-03-21 15:08:48'),
 (1280,25,NULL,'guest:4c5805bb-29ab-4478-b92d-4640fdb09e79',73,'2026-03-21 15:08:48','2026-03-21 15:08:48'),
 (1281,25,NULL,'guest:548ec522-5686-48c9-b2f3-7b4b7304da36',72,'2026-03-21 15:08:48','2026-03-21 15:08:48'),
 (1282,25,NULL,'guest:0a23386b-1827-42b0-9a17-d33b98a0188b',73,'2026-03-21 15:08:48','2026-03-21 15:08:48'),
 (1283,25,NULL,'guest:c2390b67-90da-4a0f-854f-89a56853e2e5',73,'2026-03-21 15:08:48','2026-03-21 15:08:48'),
 (1284,25,NULL,'guest:1086e6b1-3652-4df3-9276-ac8d50060fbb',73,'2026-03-21 15:08:48','2026-03-21 15:08:48'),
 (1285,25,NULL,'guest:2002f594-45dd-4b16-a785-edc51cce7295',72,'2026-03-21 15:08:48','2026-03-21 15:08:48'),
 (1286,25,NULL,'guest:e1be7d59-9c11-4c7f-a773-b3454fd731a3',72,'2026-03-21 15:08:48','2026-03-21 15:08:48'),
 (1287,25,NULL,'guest:4fc1d799-d7ce-48c8-8bd4-e6fa2f9b90e6',72,'2026-03-21 15:08:48','2026-03-21 15:08:48'),
 (1288,25,NULL,'guest:77586b75-2fb5-4ecf-a15f-83a971b403e3',72,'2026-03-21 15:08:48','2026-03-21 15:08:48'),
 (1289,25,NULL,'guest:0889ae02-8572-4f7d-8305-da9ee9a824e0',73,'2026-03-21 15:08:48','2026-03-21 15:08:48'),
 (1290,25,NULL,'guest:ae5bd0c3-9813-43e7-8c9a-334ebd180a32',73,'2026-03-21 15:08:48','2026-03-21 15:08:48'),
 (1291,25,NULL,'guest:0556de39-6d3d-4b94-a0af-e3026bb7529f',72,'2026-03-21 15:08:48','2026-03-21 15:08:48'),
 (1292,25,NULL,'guest:8d5eda3b-eaec-49f5-8fad-21a68c345bf7',72,'2026-03-21 15:08:48','2026-03-21 15:08:48'),
 (1293,25,NULL,'guest:ad3838d7-04cc-4eb3-95c2-178d198aa5b1',72,'2026-03-21 15:08:48','2026-03-21 15:08:48'),
 (1294,25,NULL,'guest:36ff1b60-27ff-4c07-9eed-abdacda42dd8',72,'2026-03-21 15:08:48','2026-03-21 15:08:48'),
 (1295,25,NULL,'guest:1f450768-93ae-44bf-bbee-59fc4d661121',73,'2026-03-21 15:08:48','2026-03-21 15:08:48'),
 (1296,25,NULL,'guest:12e563d5-19b5-4404-aaca-c72fd85d03b3',73,'2026-03-21 15:08:48','2026-03-21 15:08:48'),
 (1297,25,NULL,'guest:0065d2a1-de98-439d-aa19-e032cb6ead95',72,'2026-03-21 15:08:48','2026-03-21 15:08:48'),
 (1298,25,NULL,'guest:24d95af2-3f36-4cfe-aae3-62e8b2337930',72,'2026-03-21 15:08:48','2026-03-21 15:08:48'),
 (1299,25,NULL,'guest:58f3beee-4f00-4873-ba27-dad09aa86746',72,'2026-03-21 15:08:48','2026-03-21 15:08:48'),
 (1300,25,NULL,'guest:8981ca3b-2b93-4b09-a59e-aefb9b617f42',72,'2026-03-21 15:08:48','2026-03-21 15:08:48'),
 (1301,25,NULL,'guest:96629f74-065e-4e00-993c-e6ad38d75481',72,'2026-03-21 15:08:48','2026-03-21 15:08:48'),
 (1302,25,NULL,'guest:bd1797d1-6c78-4e3c-9db8-b8b12ef2749f',72,'2026-03-21 15:08:48','2026-03-21 15:08:48'),
 (1303,25,NULL,'guest:19f8d7b9-8f36-4eb0-820b-7637a85defe7',73,'2026-03-21 15:08:48','2026-03-21 15:08:48'),
 (1304,25,NULL,'guest:d15f1ec9-409c-4ddd-9cb1-e8d120af0b79',72,'2026-03-21 15:08:48','2026-03-21 15:08:48'),
 (1305,25,NULL,'guest:82e39902-057d-4548-a767-969b0991a472',73,'2026-03-21 15:08:48','2026-03-21 15:08:48'),
 (1306,25,NULL,'guest:c20fc63e-c893-48b8-a92f-e7193c238524',72,'2026-03-21 15:08:48','2026-03-21 15:08:48'),
 (1307,25,NULL,'guest:a075d16b-b57e-4c94-afea-ae2913944cd9',73,'2026-03-21 15:08:48','2026-03-21 15:08:48'),
 (1308,26,28,'user:28',76,'2026-03-21 15:08:48','2026-03-21 15:08:48'),
 (1309,26,22,'user:22',74,'2026-03-21 15:08:48','2026-03-21 15:08:48'),
 (1310,26,4,'user:4',74,'2026-03-21 15:08:48','2026-03-21 15:08:48'),
 (1311,26,21,'user:21',77,'2026-03-21 15:08:48','2026-03-21 15:08:48'),
 (1312,26,16,'user:16',75,'2026-03-21 15:08:48','2026-03-21 15:08:48'),
 (1313,26,9,'user:9',74,'2026-03-21 15:08:48','2026-03-21 15:08:48'),
 (1314,26,32,'user:32',75,'2026-03-21 15:08:48','2026-03-21 15:08:48'),
 (1315,26,31,'user:31',77,'2026-03-21 15:08:48','2026-03-21 15:08:48'),
 (1316,26,6,'user:6',77,'2026-03-21 15:08:48','2026-03-21 15:08:48'),
 (1317,26,19,'user:19',77,'2026-03-21 15:08:48','2026-03-21 15:08:48'),
 (1318,26,30,'user:30',76,'2026-03-21 15:08:48','2026-03-21 15:08:48'),
 (1319,26,14,'user:14',76,'2026-03-21 15:08:48','2026-03-21 15:08:48'),
 (1320,26,27,'user:27',77,'2026-03-21 15:08:48','2026-03-21 15:08:48'),
 (1321,26,10,'user:10',74,'2026-03-21 15:08:48','2026-03-21 15:08:48'),
 (1322,26,24,'user:24',75,'2026-03-21 15:08:48','2026-03-21 15:08:48'),
 (1323,26,2,'user:2',76,'2026-03-21 15:08:48','2026-03-21 15:08:48'),
 (1324,26,7,'user:7',74,'2026-03-21 15:08:48','2026-03-21 15:08:48'),
 (1325,26,NULL,'guest:c85e0510-34bb-4b33-89d7-ce949cc65736',74,'2026-03-21 15:08:48','2026-03-21 15:08:48'),
 (1326,26,NULL,'guest:959c0a34-131a-41de-9a47-a5e5ec9e2682',75,'2026-03-21 15:08:48','2026-03-21 15:08:48'),
 (1327,26,NULL,'guest:7bfe46d6-ea89-44ef-8c6f-6aec2c722926',76,'2026-03-21 15:08:48','2026-03-21 15:08:48'),
 (1328,26,NULL,'guest:5f31fe6a-6fad-4d8f-89cd-fb2afea0ee52',77,'2026-03-21 15:08:48','2026-03-21 15:08:48'),
 (1329,26,NULL,'guest:92c63130-74c0-4996-85b7-905b6d5c86fa',74,'2026-03-21 15:08:48','2026-03-21 15:08:48'),
 (1330,26,NULL,'guest:b94fe3c1-1d46-4a44-89a0-b049059b6263',74,'2026-03-21 15:08:48','2026-03-21 15:08:48'),
 (1331,26,NULL,'guest:e3c2600e-5808-4945-9045-5a12426370e0',76,'2026-03-21 15:08:48','2026-03-21 15:08:48'),
 (1332,26,NULL,'guest:6e2c89f9-3790-4130-a485-78170277482e',76,'2026-03-21 15:08:48','2026-03-21 15:08:48'),
 (1333,26,NULL,'guest:c19306ea-6408-40e0-bb44-d1dc740133e2',77,'2026-03-21 15:08:48','2026-03-21 15:08:48'),
 (1334,26,NULL,'guest:e70fb91f-797d-47e4-a7ab-486630126a77',74,'2026-03-21 15:08:48','2026-03-21 15:08:48'),
 (1335,26,NULL,'guest:b2acb78c-13ff-4c06-977f-476bdfd66b3c',76,'2026-03-21 15:08:48','2026-03-21 15:08:48'),
 (1336,26,NULL,'guest:79f9d077-7c9f-4289-8850-0d69900b19a3',76,'2026-03-21 15:08:48','2026-03-21 15:08:48'),
 (1337,26,NULL,'guest:77a7b1b7-6523-4477-befc-3f56f4307f01',75,'2026-03-21 15:08:48','2026-03-21 15:08:48'),
 (1338,27,27,'user:27',79,'2026-03-21 15:08:48','2026-03-21 15:08:48'),
 (1339,27,21,'user:21',79,'2026-03-21 15:08:48','2026-03-21 15:08:48'),
 (1340,27,9,'user:9',78,'2026-03-21 15:08:48','2026-03-21 15:08:48'),
 (1341,27,8,'user:8',79,'2026-03-21 15:08:48','2026-03-21 15:08:48'),
 (1342,27,5,'user:5',78,'2026-03-21 15:08:48','2026-03-21 15:08:48'),
 (1343,27,32,'user:32',78,'2026-03-21 15:08:48','2026-03-21 15:08:48'),
 (1344,27,29,'user:29',79,'2026-03-21 15:08:48','2026-03-21 15:08:48'),
 (1345,27,25,'user:25',78,'2026-03-21 15:08:48','2026-03-21 15:08:48'),
 (1346,27,31,'user:31',79,'2026-03-21 15:08:48','2026-03-21 15:08:48'),
 (1347,27,4,'user:4',79,'2026-03-21 15:08:48','2026-03-21 15:08:48'),
 (1348,27,13,'user:13',79,'2026-03-21 15:08:48','2026-03-21 15:08:48'),
 (1349,27,2,'user:2',79,'2026-03-21 15:08:48','2026-03-21 15:08:48'),
 (1350,27,6,'user:6',79,'2026-03-21 15:08:48','2026-03-21 15:08:48'),
 (1351,27,14,'user:14',79,'2026-03-21 15:08:48','2026-03-21 15:08:48'),
 (1352,27,24,'user:24',78,'2026-03-21 15:08:48','2026-03-21 15:08:48'),
 (1353,27,26,'user:26',79,'2026-03-21 15:08:48','2026-03-21 15:08:48'),
 (1354,27,19,'user:19',79,'2026-03-21 15:08:48','2026-03-21 15:08:48'),
 (1355,27,NULL,'guest:1099c894-54cb-481b-8468-b38ac612f561',79,'2026-03-21 15:08:48','2026-03-21 15:08:48'),
 (1356,27,NULL,'guest:ac7154ac-cfe1-41a6-92a5-0be2a09a33f1',78,'2026-03-21 15:08:48','2026-03-21 15:08:48'),
 (1357,27,NULL,'guest:b38a3276-09ac-4a4f-9312-13c25d585570',79,'2026-03-21 15:08:48','2026-03-21 15:08:48'),
 (1358,27,NULL,'guest:925a96c1-d2ca-40fd-910a-3cb1c20cd43e',78,'2026-03-21 15:08:48','2026-03-21 15:08:48'),
 (1359,27,NULL,'guest:4c55398f-ee48-4fed-8a15-e30b4c451eec',78,'2026-03-21 15:08:48','2026-03-21 15:08:48'),
 (1360,27,NULL,'guest:1d8d5c16-8512-47d0-85b1-d6d645ce40fb',79,'2026-03-21 15:08:48','2026-03-21 15:08:48'),
 (1361,28,32,'user:32',82,'2026-03-21 15:08:48','2026-03-21 15:08:48'),
 (1362,28,20,'user:20',80,'2026-03-21 15:08:48','2026-03-21 15:08:48'),
 (1363,28,10,'user:10',80,'2026-03-21 15:08:48','2026-03-21 15:08:48'),
 (1364,28,8,'user:8',81,'2026-03-21 15:08:48','2026-03-21 15:08:48'),
 (1365,28,31,'user:31',82,'2026-03-21 15:08:48','2026-03-21 15:08:48'),
 (1366,28,11,'user:11',81,'2026-03-21 15:08:48','2026-03-21 15:08:48'),
 (1367,28,28,'user:28',82,'2026-03-21 15:08:48','2026-03-21 15:08:48'),
 (1368,28,9,'user:9',82,'2026-03-21 15:08:48','2026-03-21 15:08:48'),
 (1369,28,21,'user:21',80,'2026-03-21 15:08:48','2026-03-21 15:08:48'),
 (1370,28,30,'user:30',83,'2026-03-21 15:08:48','2026-03-21 15:08:48'),
 (1371,28,13,'user:13',83,'2026-03-21 15:08:48','2026-03-21 15:08:48'),
 (1372,28,18,'user:18',82,'2026-03-21 15:08:48','2026-03-21 15:08:48'),
 (1373,28,16,'user:16',82,'2026-03-21 15:08:48','2026-03-21 15:08:48'),
 (1374,28,1,'user:1',81,'2026-03-21 15:08:48','2026-03-21 15:08:48'),
 (1375,28,26,'user:26',82,'2026-03-21 15:08:48','2026-03-21 15:08:48'),
 (1376,28,4,'user:4',82,'2026-03-21 15:08:48','2026-03-21 15:08:48'),
 (1377,28,29,'user:29',80,'2026-03-21 15:08:48','2026-03-21 15:08:48'),
 (1378,28,2,'user:2',83,'2026-03-21 15:08:48','2026-03-21 15:08:48'),
 (1379,28,5,'user:5',81,'2026-03-21 15:08:48','2026-03-21 15:08:48'),
 (1380,28,24,'user:24',81,'2026-03-21 15:08:48','2026-03-21 15:08:48'),
 (1381,28,22,'user:22',82,'2026-03-21 15:08:48','2026-03-21 15:08:48'),
 (1382,28,6,'user:6',81,'2026-03-21 15:08:48','2026-03-21 15:08:48'),
 (1383,28,7,'user:7',83,'2026-03-21 15:08:48','2026-03-21 15:08:48'),
 (1384,28,17,'user:17',83,'2026-03-21 15:08:48','2026-03-21 15:08:48'),
 (1385,28,3,'user:3',82,'2026-03-21 15:08:48','2026-03-21 15:08:48'),
 (1386,28,15,'user:15',80,'2026-03-21 15:08:48','2026-03-21 15:08:48'),
 (1387,28,19,'user:19',83,'2026-03-21 15:08:48','2026-03-21 15:08:48'),
 (1388,28,14,'user:14',81,'2026-03-21 15:08:48','2026-03-21 15:08:48'),
 (1389,28,NULL,'guest:bb780556-ab02-4718-ac2f-f0eb6d95687d',80,'2026-03-21 15:08:48','2026-03-21 15:08:48'),
 (1390,28,NULL,'guest:3c2b2ce7-646e-4898-82ea-c24a314f5dd3',82,'2026-03-21 15:08:48','2026-03-21 15:08:48'),
 (1391,28,NULL,'guest:a35be136-e27a-4f40-bd70-7fe53c26244e',80,'2026-03-21 15:08:48','2026-03-21 15:08:48'),
 (1392,28,NULL,'guest:a2b96d0d-1c6f-49a3-895b-18bd5f184b6d',82,'2026-03-21 15:08:48','2026-03-21 15:08:48'),
 (1393,28,NULL,'guest:d4008dc3-db86-4314-b3f7-6a3f6752f6b1',80,'2026-03-21 15:08:48','2026-03-21 15:08:48'),
 (1394,28,NULL,'guest:976e8fe8-7476-497d-addc-8333a9f03978',83,'2026-03-21 15:08:48','2026-03-21 15:08:48'),
 (1395,28,NULL,'guest:f3cec931-bfa1-4645-a169-9705475e8a12',80,'2026-03-21 15:08:48','2026-03-21 15:08:48'),
 (1396,28,NULL,'guest:2ee98def-144c-4a30-b1fd-507053d41dde',82,'2026-03-21 15:08:48','2026-03-21 15:08:48'),
 (1397,28,NULL,'guest:e7b3face-c47a-43e3-ae52-135312219b2e',81,'2026-03-21 15:08:48','2026-03-21 15:08:48'),
 (1398,28,NULL,'guest:bf53b03c-5016-4c65-846b-d66b17b11208',82,'2026-03-21 15:08:48','2026-03-21 15:08:48'),
 (1399,28,NULL,'guest:ad0667aa-8387-49c0-9406-b831b1ebe96f',81,'2026-03-21 15:08:48','2026-03-21 15:08:48'),
 (1400,28,NULL,'guest:8a24024d-feb6-448b-8e33-1fc97465ca68',80,'2026-03-21 15:08:48','2026-03-21 15:08:48'),
 (1401,28,NULL,'guest:08624781-bbe7-4c26-a3fd-f059f46e76fe',80,'2026-03-21 15:08:48','2026-03-21 15:08:48'),
 (1402,28,NULL,'guest:a6bc2fab-bac5-45fb-860c-079d2791ddde',83,'2026-03-21 15:08:48','2026-03-21 15:08:48'),
 (1403,28,NULL,'guest:0057d31a-30e3-4df8-a6de-0ff57ec0a8ee',81,'2026-03-21 15:08:48','2026-03-21 15:08:48'),
 (1404,28,NULL,'guest:0697c99d-881a-4200-9777-64d048f85808',81,'2026-03-21 15:08:48','2026-03-21 15:08:48'),
 (1405,28,NULL,'guest:812d5e1b-d19c-4bc7-856d-c9aa47de445a',82,'2026-03-21 15:08:48','2026-03-21 15:08:48'),
 (1406,28,NULL,'guest:b018967b-cc1a-4e2f-a688-95c34fbdc0db',83,'2026-03-21 15:08:48','2026-03-21 15:08:48'),
 (1407,28,NULL,'guest:c2a266bc-a752-47dc-820d-a81a2cfd29a6',82,'2026-03-21 15:08:48','2026-03-21 15:08:48'),
 (1408,28,NULL,'guest:563d4557-7ff5-4587-8d76-2215a2049dc8',82,'2026-03-21 15:08:48','2026-03-21 15:08:48'),
 (1409,28,NULL,'guest:4ed10bc9-a9e9-4310-98c6-3f623fdb7545',82,'2026-03-21 15:08:48','2026-03-21 15:08:48'),
 (1410,28,NULL,'guest:b9b15745-66e9-42d7-8023-5005bf18e331',81,'2026-03-21 15:08:48','2026-03-21 15:08:48'),
 (1411,28,NULL,'guest:3f8f6712-a122-4263-87ba-da0eaa880c45',81,'2026-03-21 15:08:48','2026-03-21 15:08:48'),
 (1412,28,NULL,'guest:7841948c-edbf-4222-ba4f-d230a1caa412',81,'2026-03-21 15:08:48','2026-03-21 15:08:48'),
 (1413,28,NULL,'guest:b0ec0e5d-3805-41da-829a-ceb4fbfa548c',81,'2026-03-21 15:08:48','2026-03-21 15:08:48'),
 (1414,28,NULL,'guest:666d43cc-d4d8-4196-ac51-6205b887fc10',82,'2026-03-21 15:08:48','2026-03-21 15:08:48'),
 (1415,28,NULL,'guest:98b9be16-114a-4e9c-8f26-c246800ffa0f',83,'2026-03-21 15:08:48','2026-03-21 15:08:48'),
 (1416,28,NULL,'guest:fe30ef6f-0a9d-44ab-96bb-49e857c4c9e7',82,'2026-03-21 15:08:48','2026-03-21 15:08:48'),
 (1417,28,NULL,'guest:b04bb166-bd55-45b2-9e80-3a617fc274d0',81,'2026-03-21 15:08:48','2026-03-21 15:08:48'),
 (1418,28,NULL,'guest:146dbb7d-a978-4293-8b84-4a024a01d66b',82,'2026-03-21 15:08:48','2026-03-21 15:08:48'),
 (1419,28,NULL,'guest:cc6c0cd5-3be4-47b7-a5a0-93a616128a20',80,'2026-03-21 15:08:48','2026-03-21 15:08:48'),
 (1420,29,14,'user:14',84,'2026-03-21 15:08:48','2026-03-21 15:08:48'),
 (1421,29,11,'user:11',85,'2026-03-21 15:08:48','2026-03-21 15:08:48'),
 (1422,29,28,'user:28',85,'2026-03-21 15:08:48','2026-03-21 15:08:48'),
 (1423,29,12,'user:12',84,'2026-03-21 15:08:48','2026-03-21 15:08:48'),
 (1424,29,32,'user:32',86,'2026-03-21 15:08:48','2026-03-21 15:08:48'),
 (1425,29,9,'user:9',86,'2026-03-21 15:08:48','2026-03-21 15:08:48'),
 (1426,29,7,'user:7',86,'2026-03-21 15:08:48','2026-03-21 15:08:48'),
 (1427,29,4,'user:4',85,'2026-03-21 15:08:48','2026-03-21 15:08:48'),
 (1428,29,26,'user:26',85,'2026-03-21 15:08:48','2026-03-21 15:08:48'),
 (1429,29,1,'user:1',84,'2026-03-21 15:08:48','2026-03-21 15:08:48'),
 (1430,29,NULL,'guest:5d518a86-66c7-4c1a-a7bf-0c492ba47b32',86,'2026-03-21 15:08:48','2026-03-21 15:08:48'),
 (1431,29,NULL,'guest:fadc1c13-4350-4c1a-abdb-1cbde05a31ee',85,'2026-03-21 15:08:48','2026-03-21 15:08:48'),
 (1432,29,NULL,'guest:5c3e9984-f91d-406d-899e-b69d4a307160',85,'2026-03-21 15:08:48','2026-03-21 15:08:48'),
 (1433,29,NULL,'guest:c360e4d3-7287-4c00-b46e-94c8661d1b12',85,'2026-03-21 15:08:48','2026-03-21 15:08:48'),
 (1434,29,NULL,'guest:869f8ac2-2384-40db-877c-db1fe548c794',84,'2026-03-21 15:08:48','2026-03-21 15:08:48'),
 (1435,29,NULL,'guest:f484276c-6b73-42dd-ae1f-96af4f06971d',84,'2026-03-21 15:08:48','2026-03-21 15:08:48'),
 (1436,29,NULL,'guest:7ce23f62-2175-470f-99ce-d220d2d7e5ee',86,'2026-03-21 15:08:48','2026-03-21 15:08:48'),
 (1437,29,NULL,'guest:e71b9faf-0107-4f1a-b0ec-94736e2cc4b9',86,'2026-03-21 15:08:48','2026-03-21 15:08:48'),
 (1438,29,NULL,'guest:5830420a-52f3-4067-a9af-24b76a625bf9',86,'2026-03-21 15:08:48','2026-03-21 15:08:48'),
 (1439,29,NULL,'guest:132e1709-ec78-4c9c-86f6-68cde5f8b78b',85,'2026-03-21 15:08:48','2026-03-21 15:08:48'),
 (1440,29,NULL,'guest:abac4410-7109-4174-8233-97111fe07cbb',85,'2026-03-21 15:08:48','2026-03-21 15:08:48'),
 (1441,29,NULL,'guest:8aa6ae22-6215-4ed7-9407-adcd046dd110',86,'2026-03-21 15:08:48','2026-03-21 15:08:48'),
 (1442,29,NULL,'guest:2713814a-0593-489b-8588-0d03b09d6d28',84,'2026-03-21 15:08:48','2026-03-21 15:08:48'),
 (1443,29,NULL,'guest:014f4fbb-924b-44a6-9d85-9d6047145a5f',84,'2026-03-21 15:08:48','2026-03-21 15:08:48'),
 (1444,29,NULL,'guest:717689b2-d244-4dd4-a59d-22d71fea7dfa',84,'2026-03-21 15:08:48','2026-03-21 15:08:48'),
 (1445,29,NULL,'guest:9aecd798-2568-473b-b46c-4fe4ee8c9bf6',85,'2026-03-21 15:08:48','2026-03-21 15:08:48'),
 (1446,29,NULL,'guest:4ffb8583-57d2-4f38-b2c2-fc09cdfe5f32',85,'2026-03-21 15:08:48','2026-03-21 15:08:48'),
 (1447,29,NULL,'guest:6e71f151-96f5-4048-a7bf-10e81f660a09',84,'2026-03-21 15:08:48','2026-03-21 15:08:48');
INSERT INTO `poll_votes` (`id`,`poll_id`,`user_id`,`voter_key`,`option_id`,`created_at`,`updated_at`) VALUES 
 (1448,29,NULL,'guest:824383f8-41c2-4e8d-b0fd-4b13d07cdede',86,'2026-03-21 15:08:48','2026-03-21 15:08:48'),
 (1449,29,NULL,'guest:828a17eb-54eb-4067-b9da-4aaa3e61cc0d',85,'2026-03-21 15:08:48','2026-03-21 15:08:48'),
 (1450,29,NULL,'guest:3dd16c06-d054-467a-8aef-1f5d1f6e055f',86,'2026-03-21 15:08:48','2026-03-21 15:08:48'),
 (1451,29,NULL,'guest:34280cef-24b0-4b5d-872c-ebcf5f609407',84,'2026-03-21 15:08:48','2026-03-21 15:08:48'),
 (1452,30,23,'user:23',87,'2026-03-21 15:08:48','2026-03-21 15:08:48'),
 (1453,30,27,'user:27',88,'2026-03-21 15:08:48','2026-03-21 15:08:48'),
 (1454,30,18,'user:18',87,'2026-03-21 15:08:48','2026-03-21 15:08:48'),
 (1455,30,4,'user:4',88,'2026-03-21 15:08:48','2026-03-21 15:08:48'),
 (1456,30,2,'user:2',88,'2026-03-21 15:08:48','2026-03-21 15:08:48'),
 (1457,30,5,'user:5',88,'2026-03-21 15:08:48','2026-03-21 15:08:48'),
 (1458,30,6,'user:6',88,'2026-03-21 15:08:48','2026-03-21 15:08:48'),
 (1459,30,32,'user:32',88,'2026-03-21 15:08:48','2026-03-21 15:08:48'),
 (1460,30,1,'user:1',88,'2026-03-21 15:08:48','2026-03-21 15:08:48'),
 (1461,30,15,'user:15',87,'2026-03-21 15:08:48','2026-03-21 15:08:48'),
 (1462,30,7,'user:7',88,'2026-03-21 15:08:48','2026-03-21 15:08:48'),
 (1463,30,31,'user:31',87,'2026-03-21 15:08:48','2026-03-21 15:08:48'),
 (1464,30,14,'user:14',87,'2026-03-21 15:08:48','2026-03-21 15:08:48'),
 (1465,30,17,'user:17',87,'2026-03-21 15:08:48','2026-03-21 15:08:48'),
 (1466,30,19,'user:19',87,'2026-03-21 15:08:48','2026-03-21 15:08:48'),
 (1467,30,26,'user:26',87,'2026-03-21 15:08:48','2026-03-21 15:08:48'),
 (1468,30,20,'user:20',88,'2026-03-21 15:08:48','2026-03-21 15:08:48'),
 (1469,30,25,'user:25',88,'2026-03-21 15:08:48','2026-03-21 15:08:48'),
 (1470,30,8,'user:8',87,'2026-03-21 15:08:48','2026-03-21 15:08:48'),
 (1471,30,12,'user:12',87,'2026-03-21 15:08:48','2026-03-21 15:08:48'),
 (1472,30,9,'user:9',87,'2026-03-21 15:08:48','2026-03-21 15:08:48'),
 (1473,30,16,'user:16',87,'2026-03-21 15:08:48','2026-03-21 15:08:48'),
 (1474,30,22,'user:22',88,'2026-03-21 15:08:48','2026-03-21 15:08:48'),
 (1475,30,24,'user:24',87,'2026-03-21 15:08:48','2026-03-21 15:08:48'),
 (1476,30,30,'user:30',87,'2026-03-21 15:08:48','2026-03-21 15:08:48'),
 (1477,30,NULL,'guest:216462fc-e18f-49a2-84db-05d30628409f',88,'2026-03-21 15:08:48','2026-03-21 15:08:48'),
 (1478,30,NULL,'guest:4f77a878-c9eb-492c-aadb-eb40dfa1d7f1',88,'2026-03-21 15:08:48','2026-03-21 15:08:48'),
 (1479,30,NULL,'guest:c69347a5-f1ac-4da3-bec2-b2f4168a8f12',88,'2026-03-21 15:08:48','2026-03-21 15:08:48'),
 (1480,30,NULL,'guest:8d3797ae-e835-48d2-8f57-e9302be186ac',87,'2026-03-21 15:08:48','2026-03-21 15:08:48'),
 (1481,30,NULL,'guest:e0b699a2-25d6-4884-90e5-7851b8ba7a91',87,'2026-03-21 15:08:48','2026-03-21 15:08:48'),
 (1482,30,NULL,'guest:39838f49-065a-4130-8ec9-357aa66ce368',88,'2026-03-21 15:08:48','2026-03-21 15:08:48'),
 (1483,30,NULL,'guest:479abe89-9e22-4064-b8f5-b7a33c9f04a5',88,'2026-03-21 15:08:48','2026-03-21 15:08:48'),
 (1484,30,NULL,'guest:2f49fb0a-0969-4aeb-bca9-063019dd8c5d',87,'2026-03-21 15:08:48','2026-03-21 15:08:48'),
 (1485,30,NULL,'guest:200be992-a649-4c28-8501-d6b4aa853953',88,'2026-03-21 15:08:48','2026-03-21 15:08:48'),
 (1486,30,NULL,'guest:0f404d61-2ff4-4132-85b2-233f7727f841',88,'2026-03-21 15:08:48','2026-03-21 15:08:48'),
 (1487,30,NULL,'guest:db2fbb15-0fc4-436d-9778-310f1bbc21ce',88,'2026-03-21 15:08:48','2026-03-21 15:08:48'),
 (1488,30,NULL,'guest:9c2d61aa-cf56-45cf-8c6c-0b0d7f91ad47',88,'2026-03-21 15:08:48','2026-03-21 15:08:48'),
 (1489,30,NULL,'guest:ab71651c-f330-4894-b93a-f4f5c6663bf1',87,'2026-03-21 15:08:48','2026-03-21 15:08:48'),
 (1490,30,NULL,'guest:42bd62e8-4358-43b5-a8d5-97da693a033c',88,'2026-03-21 15:08:48','2026-03-21 15:08:48'),
 (1491,30,NULL,'guest:76cbf866-781b-4201-a2f1-b9f832c39a44',87,'2026-03-21 15:08:48','2026-03-21 15:08:48'),
 (1492,30,NULL,'guest:20815a5a-7589-4c43-8419-bd841e6e683a',87,'2026-03-21 15:08:48','2026-03-21 15:08:48'),
 (1493,30,NULL,'guest:4cb0cc2b-ec6e-4f98-b368-a99a6f52a06f',88,'2026-03-21 15:08:48','2026-03-21 15:08:48'),
 (1494,30,NULL,'guest:3b76d5a5-a3cf-4d9f-91f9-212335ef3bf0',88,'2026-03-21 15:08:48','2026-03-21 15:08:48'),
 (1495,30,NULL,'guest:b148afc8-8e16-4ccb-96ff-092b34b1f8e9',87,'2026-03-21 15:08:48','2026-03-21 15:08:48'),
 (1496,30,NULL,'guest:605c0ffe-eeda-4028-b01c-51a816138f92',87,'2026-03-21 15:08:48','2026-03-21 15:08:48'),
 (1497,30,NULL,'guest:98166a3a-1b69-4012-95f9-e3bdb76ba36e',88,'2026-03-21 15:08:48','2026-03-21 15:08:48'),
 (1498,30,NULL,'guest:cb8d1bb9-7c88-48f5-aaae-f579fee8c78b',88,'2026-03-21 15:08:48','2026-03-21 15:08:48'),
 (1499,30,NULL,'guest:a6e8f924-e28e-4387-ae98-6152b1334350',88,'2026-03-21 15:08:48','2026-03-21 15:08:48'),
 (1500,30,NULL,'guest:d0254f49-cf0e-43c0-a250-fc7da9e1187d',88,'2026-03-21 15:08:48','2026-03-21 15:08:48'),
 (1501,30,NULL,'guest:f2593d40-7c8f-494b-87df-3b057c19a20c',87,'2026-03-21 15:08:48','2026-03-21 15:08:48'),
 (1502,30,NULL,'guest:98380df0-7cf1-483c-aabb-b049771815f3',88,'2026-03-21 15:08:48','2026-03-21 15:08:48'),
 (1503,30,NULL,'guest:d38a5a1c-4194-4781-9dfc-6d6ce4e94d0c',87,'2026-03-21 15:08:48','2026-03-21 15:08:48'),
 (1504,30,NULL,'guest:4ec4a34a-0f82-47c6-989a-90b080388f48',88,'2026-03-21 15:08:48','2026-03-21 15:08:48'),
 (1505,30,NULL,'guest:98dec7dc-a907-4551-a83a-d86ca6d98122',87,'2026-03-21 15:08:48','2026-03-21 15:08:48'),
 (1506,30,NULL,'guest:265d6533-65eb-4644-8d51-b95de6e5aa01',87,'2026-03-21 15:08:48','2026-03-21 15:08:48'),
 (1507,30,NULL,'guest:a676c748-eb9c-4666-b580-0ff1ea885df2',88,'2026-03-21 15:08:48','2026-03-21 15:08:48'),
 (1508,30,NULL,'guest:628fc9b7-ba61-47ab-b05e-868a8bc2be41',88,'2026-03-21 15:08:48','2026-03-21 15:08:48'),
 (1509,30,NULL,'guest:a8a7c5f5-4b98-4ed5-847d-b5a315818b47',87,'2026-03-21 15:08:48','2026-03-21 15:08:48'),
 (1510,30,NULL,'guest:bbf5d7e5-3762-461f-b58c-abae55ab3f34',87,'2026-03-21 15:08:48','2026-03-21 15:08:48'),
 (1511,31,24,'user:24',90,'2026-03-21 15:08:48','2026-03-21 15:08:48'),
 (1512,31,2,'user:2',89,'2026-03-21 15:08:48','2026-03-21 15:08:48'),
 (1513,31,31,'user:31',90,'2026-03-21 15:08:48','2026-03-21 15:08:48'),
 (1514,31,14,'user:14',91,'2026-03-21 15:08:48','2026-03-21 15:08:48'),
 (1515,31,16,'user:16',89,'2026-03-21 15:08:48','2026-03-21 15:08:48'),
 (1516,31,18,'user:18',91,'2026-03-21 15:08:48','2026-03-21 15:08:48'),
 (1517,31,23,'user:23',90,'2026-03-21 15:08:48','2026-03-21 15:08:48'),
 (1518,31,27,'user:27',91,'2026-03-21 15:08:48','2026-03-21 15:08:48'),
 (1519,31,1,'user:1',91,'2026-03-21 15:08:48','2026-03-21 15:08:48'),
 (1520,31,7,'user:7',89,'2026-03-21 15:08:48','2026-03-21 15:08:48'),
 (1521,31,12,'user:12',89,'2026-03-21 15:08:48','2026-03-21 15:08:48'),
 (1522,31,30,'user:30',91,'2026-03-21 15:08:48','2026-03-21 15:08:48'),
 (1523,31,26,'user:26',91,'2026-03-21 15:08:48','2026-03-21 15:08:48'),
 (1524,31,8,'user:8',90,'2026-03-21 15:08:48','2026-03-21 15:08:48'),
 (1525,31,19,'user:19',89,'2026-03-21 15:08:48','2026-03-21 15:08:48'),
 (1526,31,28,'user:28',91,'2026-03-21 15:08:48','2026-03-21 15:08:48'),
 (1527,31,9,'user:9',90,'2026-03-21 15:08:48','2026-03-21 15:08:48'),
 (1528,31,25,'user:25',89,'2026-03-21 15:08:48','2026-03-21 15:08:48'),
 (1529,31,10,'user:10',90,'2026-03-21 15:08:48','2026-03-21 15:08:48'),
 (1530,31,6,'user:6',91,'2026-03-21 15:08:48','2026-03-21 15:08:48'),
 (1531,31,11,'user:11',91,'2026-03-21 15:08:48','2026-03-21 15:08:48'),
 (1532,31,3,'user:3',89,'2026-03-21 15:08:48','2026-03-21 15:08:48'),
 (1533,31,NULL,'guest:a6b3f0eb-347a-465e-a7d3-6500132584e7',90,'2026-03-21 15:08:48','2026-03-21 15:08:48'),
 (1534,31,NULL,'guest:bdf3861b-518a-4782-a1a0-b89e3b7b5c76',90,'2026-03-21 15:08:48','2026-03-21 15:08:48'),
 (1535,31,NULL,'guest:8e4e8215-d727-465e-931b-816719bbfc25',90,'2026-03-21 15:08:48','2026-03-21 15:08:48'),
 (1536,31,NULL,'guest:177222c7-7a89-4acb-88ae-d904502bbbf4',89,'2026-03-21 15:08:48','2026-03-21 15:08:48'),
 (1537,31,NULL,'guest:fe065ccf-7e49-48f9-8295-52dc9eedd721',91,'2026-03-21 15:08:48','2026-03-21 15:08:48'),
 (1538,31,NULL,'guest:9dca21e0-7de6-49c5-bf6f-68600c5976b6',89,'2026-03-21 15:08:48','2026-03-21 15:08:48'),
 (1539,31,NULL,'guest:e1cc3502-4308-4c84-b42b-667e2b43837f',90,'2026-03-21 15:08:48','2026-03-21 15:08:48'),
 (1540,31,NULL,'guest:e1d66b6a-21b8-4ef2-b3da-99826cc1657f',89,'2026-03-21 15:08:48','2026-03-21 15:08:48'),
 (1541,31,NULL,'guest:d9c01e09-eb28-4171-ab27-dbb915a86704',89,'2026-03-21 15:08:48','2026-03-21 15:08:48'),
 (1542,31,NULL,'guest:68d61f52-a3f2-4586-bb44-3bae368df2a5',91,'2026-03-21 15:08:48','2026-03-21 15:08:48'),
 (1543,31,NULL,'guest:01ff8d6a-1285-43d1-a716-9908785248b7',90,'2026-03-21 15:08:48','2026-03-21 15:08:48'),
 (1544,31,NULL,'guest:f34dc2e6-8097-4340-8d1e-07cfe33aa251',89,'2026-03-21 15:08:48','2026-03-21 15:08:48'),
 (1545,31,NULL,'guest:49057634-769e-4922-9c86-17a236fec786',90,'2026-03-21 15:08:48','2026-03-21 15:08:48'),
 (1546,31,NULL,'guest:26a3877a-3b5d-4fba-bc5b-beee2d0a12c4',89,'2026-03-21 15:08:48','2026-03-21 15:08:48'),
 (1547,31,NULL,'guest:b5447ffa-311b-4123-be89-a5b6eff378c2',90,'2026-03-21 15:08:48','2026-03-21 15:08:48'),
 (1548,31,NULL,'guest:fd5f760e-3967-43d5-895b-380cf54b97e6',89,'2026-03-21 15:08:48','2026-03-21 15:08:48'),
 (1549,31,NULL,'guest:019d64c0-cd1f-4338-b009-fd7e0679ab85',89,'2026-03-21 15:08:48','2026-03-21 15:08:48'),
 (1550,31,NULL,'guest:715d5a5d-4094-44cc-aa39-b915c91dd9a6',91,'2026-03-21 15:08:48','2026-03-21 15:08:48'),
 (1551,31,NULL,'guest:4f378bf0-7e82-49e8-b20f-717f97dbd5d0',90,'2026-03-21 15:08:48','2026-03-21 15:08:48'),
 (1552,31,NULL,'guest:499b99e8-e93c-4c88-a016-4f6554d2383b',90,'2026-03-21 15:08:48','2026-03-21 15:08:48'),
 (1553,31,NULL,'guest:7a9545ff-60c8-4137-b65d-b0fda6faba3f',89,'2026-03-21 15:08:48','2026-03-21 15:08:48'),
 (1554,31,NULL,'guest:b1077e60-2e61-4afb-98f5-db60cad16fb5',90,'2026-03-21 15:08:48','2026-03-21 15:08:48'),
 (1555,32,11,'user:11',95,'2026-03-21 15:08:48','2026-03-21 15:08:48'),
 (1556,32,7,'user:7',92,'2026-03-21 15:08:48','2026-03-21 15:08:48'),
 (1557,32,10,'user:10',93,'2026-03-21 15:08:48','2026-03-21 15:08:48'),
 (1558,32,31,'user:31',94,'2026-03-21 15:08:48','2026-03-21 15:08:48'),
 (1559,32,20,'user:20',92,'2026-03-21 15:08:48','2026-03-21 15:08:48'),
 (1560,32,6,'user:6',95,'2026-03-21 15:08:48','2026-03-21 15:08:48'),
 (1561,32,18,'user:18',93,'2026-03-21 15:08:48','2026-03-21 15:08:48'),
 (1562,32,25,'user:25',95,'2026-03-21 15:08:48','2026-03-21 15:08:48'),
 (1563,32,30,'user:30',94,'2026-03-21 15:08:49','2026-03-21 15:08:49'),
 (1564,32,2,'user:2',94,'2026-03-21 15:08:49','2026-03-21 15:08:49'),
 (1565,32,13,'user:13',93,'2026-03-21 15:08:49','2026-03-21 15:08:49'),
 (1566,32,28,'user:28',92,'2026-03-21 15:08:49','2026-03-21 15:08:49'),
 (1567,32,21,'user:21',94,'2026-03-21 15:08:49','2026-03-21 15:08:49'),
 (1568,32,29,'user:29',95,'2026-03-21 15:08:49','2026-03-21 15:08:49'),
 (1569,32,15,'user:15',93,'2026-03-21 15:08:49','2026-03-21 15:08:49'),
 (1570,32,27,'user:27',95,'2026-03-21 15:08:49','2026-03-21 15:08:49'),
 (1571,32,26,'user:26',95,'2026-03-21 15:08:49','2026-03-21 15:08:49'),
 (1572,32,4,'user:4',95,'2026-03-21 15:08:49','2026-03-21 15:08:49'),
 (1573,32,1,'user:1',95,'2026-03-21 15:08:49','2026-03-21 15:08:49'),
 (1574,32,14,'user:14',92,'2026-03-21 15:08:49','2026-03-21 15:08:49'),
 (1575,32,22,'user:22',94,'2026-03-21 15:08:49','2026-03-21 15:08:49'),
 (1576,32,17,'user:17',94,'2026-03-21 15:08:49','2026-03-21 15:08:49'),
 (1577,32,19,'user:19',94,'2026-03-21 15:08:49','2026-03-21 15:08:49'),
 (1578,32,5,'user:5',92,'2026-03-21 15:08:49','2026-03-21 15:08:49'),
 (1579,32,8,'user:8',92,'2026-03-21 15:08:49','2026-03-21 15:08:49'),
 (1580,32,23,'user:23',95,'2026-03-21 15:08:49','2026-03-21 15:08:49'),
 (1581,32,24,'user:24',94,'2026-03-21 15:08:49','2026-03-21 15:08:49'),
 (1582,32,32,'user:32',95,'2026-03-21 15:08:49','2026-03-21 15:08:49'),
 (1583,32,3,'user:3',94,'2026-03-21 15:08:49','2026-03-21 15:08:49'),
 (1584,32,12,'user:12',92,'2026-03-21 15:08:49','2026-03-21 15:08:49'),
 (1585,32,9,'user:9',94,'2026-03-21 15:08:49','2026-03-21 15:08:49'),
 (1586,32,16,'user:16',94,'2026-03-21 15:08:49','2026-03-21 15:08:49'),
 (1587,32,NULL,'guest:99159e2e-eff0-46c5-8c82-44198ace400a',95,'2026-03-21 15:08:49','2026-03-21 15:08:49'),
 (1588,32,NULL,'guest:acb5d947-0b4b-4e18-a57f-0063da36f3a8',94,'2026-03-21 15:08:49','2026-03-21 15:08:49'),
 (1589,32,NULL,'guest:79ec5ed3-7955-4d7b-ab30-07fa89784d37',93,'2026-03-21 15:08:49','2026-03-21 15:08:49'),
 (1590,32,NULL,'guest:f896e948-5883-410f-8cc4-d50b50afc924',92,'2026-03-21 15:08:49','2026-03-21 15:08:49'),
 (1591,32,NULL,'guest:f2cbdd75-d20c-4173-8483-dfbfaf379713',95,'2026-03-21 15:08:49','2026-03-21 15:08:49'),
 (1592,32,NULL,'guest:8a3d07d0-f9cc-4b1b-aeb7-da273487711a',94,'2026-03-21 15:08:49','2026-03-21 15:08:49'),
 (1593,32,NULL,'guest:cf5f8d50-2fab-477c-9cd2-c0093361e8aa',95,'2026-03-21 15:08:49','2026-03-21 15:08:49'),
 (1594,32,NULL,'guest:46956899-5760-4575-8bbc-bd75cb292170',94,'2026-03-21 15:08:49','2026-03-21 15:08:49'),
 (1595,32,NULL,'guest:85879ab1-67b8-4b10-888b-ee566a70b9f9',92,'2026-03-21 15:08:49','2026-03-21 15:08:49'),
 (1596,32,NULL,'guest:6afd670e-cb06-4eae-9d3f-e9f7e9db919c',93,'2026-03-21 15:08:49','2026-03-21 15:08:49'),
 (1597,32,NULL,'guest:1a5561c1-060a-4bb2-8ce9-f8ed512766b9',95,'2026-03-21 15:08:49','2026-03-21 15:08:49'),
 (1598,32,NULL,'guest:063001cc-b817-4259-b49b-29cf73e546f0',94,'2026-03-21 15:08:49','2026-03-21 15:08:49'),
 (1599,32,NULL,'guest:d517a3ef-18d8-4835-8dee-0b9ae99f2bc3',95,'2026-03-21 15:08:49','2026-03-21 15:08:49'),
 (1600,33,19,'user:19',97,'2026-03-21 15:08:49','2026-03-21 15:08:49'),
 (1601,33,17,'user:17',97,'2026-03-21 15:08:49','2026-03-21 15:08:49'),
 (1602,33,24,'user:24',96,'2026-03-21 15:08:49','2026-03-21 15:08:49'),
 (1603,33,9,'user:9',97,'2026-03-21 15:08:49','2026-03-21 15:08:49'),
 (1604,33,4,'user:4',96,'2026-03-21 15:08:49','2026-03-21 15:08:49'),
 (1605,33,6,'user:6',96,'2026-03-21 15:08:49','2026-03-21 15:08:49'),
 (1606,33,13,'user:13',97,'2026-03-21 15:08:49','2026-03-21 15:08:49'),
 (1607,33,27,'user:27',97,'2026-03-21 15:08:49','2026-03-21 15:08:49'),
 (1608,33,23,'user:23',97,'2026-03-21 15:08:49','2026-03-21 15:08:49'),
 (1609,33,21,'user:21',97,'2026-03-21 15:08:49','2026-03-21 15:08:49'),
 (1610,33,20,'user:20',97,'2026-03-21 15:08:49','2026-03-21 15:08:49'),
 (1611,33,2,'user:2',97,'2026-03-21 15:08:49','2026-03-21 15:08:49'),
 (1612,33,15,'user:15',96,'2026-03-21 15:08:49','2026-03-21 15:08:49'),
 (1613,33,26,'user:26',97,'2026-03-21 15:08:49','2026-03-21 15:08:49'),
 (1614,33,31,'user:31',97,'2026-03-21 15:08:49','2026-03-21 15:08:49'),
 (1615,33,10,'user:10',96,'2026-03-21 15:08:49','2026-03-21 15:08:49'),
 (1616,33,32,'user:32',97,'2026-03-21 15:08:49','2026-03-21 15:08:49'),
 (1617,33,5,'user:5',96,'2026-03-21 15:08:49','2026-03-21 15:08:49'),
 (1618,33,12,'user:12',96,'2026-03-21 15:08:49','2026-03-21 15:08:49'),
 (1619,33,7,'user:7',97,'2026-03-21 15:08:49','2026-03-21 15:08:49'),
 (1620,33,14,'user:14',97,'2026-03-21 15:08:49','2026-03-21 15:08:49'),
 (1621,33,30,'user:30',96,'2026-03-21 15:08:49','2026-03-21 15:08:49'),
 (1622,33,8,'user:8',96,'2026-03-21 15:08:49','2026-03-21 15:08:49'),
 (1623,33,11,'user:11',96,'2026-03-21 15:08:49','2026-03-21 15:08:49'),
 (1624,33,16,'user:16',97,'2026-03-21 15:08:49','2026-03-21 15:08:49'),
 (1625,33,3,'user:3',97,'2026-03-21 15:08:49','2026-03-21 15:08:49'),
 (1626,33,25,'user:25',96,'2026-03-21 15:08:49','2026-03-21 15:08:49'),
 (1627,33,18,'user:18',97,'2026-03-21 15:08:49','2026-03-21 15:08:49'),
 (1628,33,29,'user:29',97,'2026-03-21 15:08:49','2026-03-21 15:08:49'),
 (1629,33,28,'user:28',96,'2026-03-21 15:08:49','2026-03-21 15:08:49'),
 (1630,33,22,'user:22',96,'2026-03-21 15:08:49','2026-03-21 15:08:49'),
 (1631,33,1,'user:1',96,'2026-03-21 15:08:49','2026-03-21 15:08:49'),
 (1632,33,NULL,'guest:5d7e8a35-21d2-4e55-910a-45372797895a',96,'2026-03-21 15:08:49','2026-03-21 15:08:49'),
 (1633,33,NULL,'guest:3cecbdd1-6155-47b3-a5a7-2c3d97005b1d',97,'2026-03-21 15:08:49','2026-03-21 15:08:49'),
 (1634,33,NULL,'guest:2132fbb9-770d-4b18-9be0-73f5f6b20263',97,'2026-03-21 15:08:49','2026-03-21 15:08:49'),
 (1635,33,NULL,'guest:f6939634-99e6-4a51-a7a4-70f01e5ba069',96,'2026-03-21 15:08:49','2026-03-21 15:08:49'),
 (1636,33,NULL,'guest:553320cb-0bf6-4842-9542-14950f6cce5a',96,'2026-03-21 15:08:49','2026-03-21 15:08:49'),
 (1637,33,NULL,'guest:01985329-cfb3-41c0-bbca-1ba4674e037b',97,'2026-03-21 15:08:49','2026-03-21 15:08:49'),
 (1638,33,NULL,'guest:10952cbb-6d3d-4cda-ba03-d4bcd69f1e58',96,'2026-03-21 15:08:49','2026-03-21 15:08:49'),
 (1639,33,NULL,'guest:f01d07d0-b61b-46b8-8790-b5c7445be899',97,'2026-03-21 15:08:49','2026-03-21 15:08:49'),
 (1640,33,NULL,'guest:ec475b58-b80a-41c4-bf0a-889b43513fab',97,'2026-03-21 15:08:49','2026-03-21 15:08:49'),
 (1641,33,NULL,'guest:a65b2288-9768-42a3-a326-cde3e1a49e9e',96,'2026-03-21 15:08:49','2026-03-21 15:08:49'),
 (1642,33,NULL,'guest:c36b5662-2c2d-4fe7-baf2-52846e05ae50',97,'2026-03-21 15:08:49','2026-03-21 15:08:49'),
 (1643,33,NULL,'guest:77cb514b-86e3-40e4-9294-50f990904f3d',96,'2026-03-21 15:08:49','2026-03-21 15:08:49'),
 (1644,33,NULL,'guest:e17ca259-241c-41c6-a136-3076b66881d3',96,'2026-03-21 15:08:49','2026-03-21 15:08:49'),
 (1645,33,NULL,'guest:9596cd14-c9cb-492b-9a03-e8ff0408cd82',96,'2026-03-21 15:08:49','2026-03-21 15:08:49'),
 (1646,33,NULL,'guest:51489d28-1eae-42da-b279-d24ddc695e6f',97,'2026-03-21 15:08:49','2026-03-21 15:08:49'),
 (1647,33,NULL,'guest:c0a939c6-0253-42e6-95f1-51118d5a8aa4',97,'2026-03-21 15:08:49','2026-03-21 15:08:49'),
 (1648,33,NULL,'guest:59e4e5e8-58a2-4d74-9f0c-3ce57fb4134d',97,'2026-03-21 15:08:49','2026-03-21 15:08:49'),
 (1649,33,NULL,'guest:29a31715-0bb8-4598-b5b1-65b2f1889971',97,'2026-03-21 15:08:49','2026-03-21 15:08:49'),
 (1650,33,NULL,'guest:58708f05-7ca2-4292-978c-c143aa81e96c',97,'2026-03-21 15:08:49','2026-03-21 15:08:49'),
 (1651,33,NULL,'guest:cb657783-a85e-4274-bde8-59a6b42abe95',97,'2026-03-21 15:08:49','2026-03-21 15:08:49'),
 (1652,33,NULL,'guest:6272a5b2-6c27-4d6c-9be0-3f786059e6a7',97,'2026-03-21 15:08:49','2026-03-21 15:08:49'),
 (1653,33,NULL,'guest:9ce4d374-e667-4a64-881d-0be40010d204',97,'2026-03-21 15:08:49','2026-03-21 15:08:49'),
 (1654,33,NULL,'guest:90115da2-3dde-44d6-b899-4335232dfda1',97,'2026-03-21 15:08:49','2026-03-21 15:08:49'),
 (1655,33,NULL,'guest:07b8daf0-1055-4738-8cbe-4e3512f9351c',97,'2026-03-21 15:08:49','2026-03-21 15:08:49'),
 (1656,33,NULL,'guest:94090243-c302-460b-964c-94c6fff45f90',97,'2026-03-21 15:08:49','2026-03-21 15:08:49'),
 (1657,33,NULL,'guest:c7c496b7-4ddd-475f-a16f-26010e882e5c',97,'2026-03-21 15:08:49','2026-03-21 15:08:49'),
 (1658,34,7,'user:7',99,'2026-03-21 15:08:49','2026-03-21 15:08:49'),
 (1659,34,17,'user:17',98,'2026-03-21 15:08:49','2026-03-21 15:08:49'),
 (1660,34,2,'user:2',99,'2026-03-21 15:08:49','2026-03-21 15:08:49'),
 (1661,34,31,'user:31',99,'2026-03-21 15:08:49','2026-03-21 15:08:49'),
 (1662,34,15,'user:15',98,'2026-03-21 15:08:49','2026-03-21 15:08:49'),
 (1663,34,28,'user:28',99,'2026-03-21 15:08:49','2026-03-21 15:08:49'),
 (1664,34,6,'user:6',98,'2026-03-21 15:08:49','2026-03-21 15:08:49'),
 (1665,34,13,'user:13',99,'2026-03-21 15:08:49','2026-03-21 15:08:49'),
 (1666,34,25,'user:25',98,'2026-03-21 15:08:49','2026-03-21 15:08:49'),
 (1667,34,5,'user:5',98,'2026-03-21 15:08:49','2026-03-21 15:08:49'),
 (1668,34,4,'user:4',98,'2026-03-21 15:08:49','2026-03-21 15:08:49'),
 (1669,34,1,'user:1',98,'2026-03-21 15:08:49','2026-03-21 15:08:49'),
 (1670,34,11,'user:11',99,'2026-03-21 15:08:49','2026-03-21 15:08:49'),
 (1671,34,9,'user:9',99,'2026-03-21 15:08:49','2026-03-21 15:08:49'),
 (1672,34,19,'user:19',99,'2026-03-21 15:08:49','2026-03-21 15:08:49'),
 (1673,34,14,'user:14',98,'2026-03-21 15:08:49','2026-03-21 15:08:49'),
 (1674,34,24,'user:24',99,'2026-03-21 15:08:49','2026-03-21 15:08:49'),
 (1675,34,30,'user:30',99,'2026-03-21 15:08:49','2026-03-21 15:08:49'),
 (1676,34,21,'user:21',98,'2026-03-21 15:08:49','2026-03-21 15:08:49'),
 (1677,34,23,'user:23',99,'2026-03-21 15:08:49','2026-03-21 15:08:49'),
 (1678,34,18,'user:18',98,'2026-03-21 15:08:49','2026-03-21 15:08:49'),
 (1679,34,NULL,'guest:2e073035-9a55-4620-8906-6065c2800161',98,'2026-03-21 15:08:49','2026-03-21 15:08:49'),
 (1680,34,NULL,'guest:66489df8-f18e-49f9-958b-f9e1a9c557d8',98,'2026-03-21 15:08:49','2026-03-21 15:08:49'),
 (1681,34,NULL,'guest:f3e52472-fb12-4b18-8f1a-df15e2034e07',98,'2026-03-21 15:08:49','2026-03-21 15:08:49'),
 (1682,34,NULL,'guest:1089619b-ecde-41db-a4de-e3bbc78f7006',98,'2026-03-21 15:08:49','2026-03-21 15:08:49'),
 (1683,34,NULL,'guest:619be70a-a35c-4c30-b81f-d55a29f458dd',98,'2026-03-21 15:08:49','2026-03-21 15:08:49'),
 (1684,34,NULL,'guest:bd165b78-a974-42b9-8694-5b36face7464',98,'2026-03-21 15:08:49','2026-03-21 15:08:49'),
 (1685,34,NULL,'guest:11dc1fa8-476d-40cb-b52b-c4a6690623c1',98,'2026-03-21 15:08:49','2026-03-21 15:08:49'),
 (1686,34,NULL,'guest:aac78238-221b-4cbd-b55f-3edd54ac05ef',99,'2026-03-21 15:08:49','2026-03-21 15:08:49'),
 (1687,34,NULL,'guest:a6101085-f181-4220-a8a8-f1c188a87983',99,'2026-03-21 15:08:49','2026-03-21 15:08:49'),
 (1688,34,NULL,'guest:e0bedc4c-4e9e-4799-ac8d-3c4bd657d7fc',99,'2026-03-21 15:08:49','2026-03-21 15:08:49'),
 (1689,34,NULL,'guest:44589f00-c3de-405a-ba0a-ecd6a96b8316',99,'2026-03-21 15:08:49','2026-03-21 15:08:49'),
 (1690,34,NULL,'guest:554f308a-31c1-41b5-9871-036a33cb3e43',99,'2026-03-21 15:08:49','2026-03-21 15:08:49'),
 (1691,34,NULL,'guest:7ed28007-82f5-4f96-9915-0522ae90bc77',98,'2026-03-21 15:08:49','2026-03-21 15:08:49'),
 (1692,34,NULL,'guest:33ae7f86-336a-4c39-ac0b-413f9a8a9434',99,'2026-03-21 15:08:49','2026-03-21 15:08:49'),
 (1693,34,NULL,'guest:f72e6068-e237-4d3f-aea5-d4bfb049e6dc',98,'2026-03-21 15:08:49','2026-03-21 15:08:49'),
 (1694,34,NULL,'guest:6462a620-19f4-4de7-b6cb-47c313db280f',99,'2026-03-21 15:08:49','2026-03-21 15:08:49'),
 (1695,34,NULL,'guest:6dc0b6d5-e490-492b-97e8-c250e6935ae4',98,'2026-03-21 15:08:49','2026-03-21 15:08:49'),
 (1696,34,NULL,'guest:3181c877-d373-4415-a570-b618edba6fe4',98,'2026-03-21 15:08:49','2026-03-21 15:08:49'),
 (1697,34,NULL,'guest:29e459d8-7bbb-4c04-a22b-19199083e5e4',99,'2026-03-21 15:08:49','2026-03-21 15:08:49'),
 (1698,34,NULL,'guest:7a7be9b7-f680-40ef-af76-6746b7338d32',98,'2026-03-21 15:08:49','2026-03-21 15:08:49'),
 (1699,34,NULL,'guest:1c53eebf-62f2-4272-9668-b83fc18da6c9',99,'2026-03-21 15:08:49','2026-03-21 15:08:49'),
 (1700,34,NULL,'guest:6fa0183d-6440-44d6-9da7-39bd0c8d012f',98,'2026-03-21 15:08:49','2026-03-21 15:08:49'),
 (1701,34,NULL,'guest:43ca53a5-a3e6-4b72-a3f4-f0c527617a3e',98,'2026-03-21 15:08:49','2026-03-21 15:08:49'),
 (1702,34,NULL,'guest:a4d7ec3f-3237-4aa6-b5e7-01dcb7fe47d5',99,'2026-03-21 15:08:49','2026-03-21 15:08:49'),
 (1703,34,NULL,'guest:a50b99d7-2912-4dde-99bd-66b3a395995c',98,'2026-03-21 15:08:49','2026-03-21 15:08:49'),
 (1704,34,NULL,'guest:46921869-be6e-4a3b-8d8b-12cebdfd9d85',98,'2026-03-21 15:08:49','2026-03-21 15:08:49'),
 (1705,34,NULL,'guest:3c4767b2-ca89-46e2-9da7-f15c76813f80',99,'2026-03-21 15:08:49','2026-03-21 15:08:49'),
 (1706,34,NULL,'guest:bd4f2d25-5709-4f9a-9acf-0adff495fc2d',98,'2026-03-21 15:08:49','2026-03-21 15:08:49'),
 (1707,34,NULL,'guest:ca32c4fa-0375-4594-baed-90d17b7f6986',98,'2026-03-21 15:08:49','2026-03-21 15:08:49'),
 (1708,34,NULL,'guest:b2a6c089-8257-4631-860e-a34e658701d1',98,'2026-03-21 15:08:49','2026-03-21 15:08:49'),
 (1709,34,NULL,'guest:6b3a35c0-ba64-4570-a6e2-e75cd641db2d',98,'2026-03-21 15:08:49','2026-03-21 15:08:49'),
 (1710,34,NULL,'guest:d3b6644d-24fb-443c-9263-1ae4f3288b70',98,'2026-03-21 15:08:49','2026-03-21 15:08:49'),
 (1711,34,NULL,'guest:a8a89bec-f65f-4dea-ad1b-5eb4e1b9b33f',99,'2026-03-21 15:08:49','2026-03-21 15:08:49'),
 (1712,35,32,'user:32',100,'2026-03-21 15:08:49','2026-03-21 15:08:49'),
 (1713,35,9,'user:9',100,'2026-03-21 15:08:49','2026-03-21 15:08:49'),
 (1714,35,22,'user:22',101,'2026-03-21 15:08:49','2026-03-21 15:08:49'),
 (1715,35,25,'user:25',101,'2026-03-21 15:08:49','2026-03-21 15:08:49'),
 (1716,35,14,'user:14',101,'2026-03-21 15:08:49','2026-03-21 15:08:49'),
 (1717,35,21,'user:21',101,'2026-03-21 15:08:49','2026-03-21 15:08:49'),
 (1718,35,13,'user:13',100,'2026-03-21 15:08:49','2026-03-21 15:08:49'),
 (1719,35,10,'user:10',101,'2026-03-21 15:08:49','2026-03-21 15:08:49'),
 (1720,35,27,'user:27',101,'2026-03-21 15:08:49','2026-03-21 15:08:49'),
 (1721,35,18,'user:18',101,'2026-03-21 15:08:49','2026-03-21 15:08:49'),
 (1722,35,6,'user:6',100,'2026-03-21 15:08:49','2026-03-21 15:08:49'),
 (1723,35,8,'user:8',101,'2026-03-21 15:08:49','2026-03-21 15:08:49'),
 (1724,35,7,'user:7',101,'2026-03-21 15:08:49','2026-03-21 15:08:49'),
 (1725,35,31,'user:31',100,'2026-03-21 15:08:49','2026-03-21 15:08:49'),
 (1726,35,29,'user:29',100,'2026-03-21 15:08:49','2026-03-21 15:08:49'),
 (1727,35,17,'user:17',101,'2026-03-21 15:08:49','2026-03-21 15:08:49'),
 (1728,35,30,'user:30',100,'2026-03-21 15:08:49','2026-03-21 15:08:49'),
 (1729,35,15,'user:15',101,'2026-03-21 15:08:49','2026-03-21 15:08:49'),
 (1730,35,5,'user:5',100,'2026-03-21 15:08:49','2026-03-21 15:08:49'),
 (1731,35,26,'user:26',101,'2026-03-21 15:08:49','2026-03-21 15:08:49'),
 (1732,35,NULL,'guest:c0ed2766-4cc5-427b-a9ac-6aab7cd815a6',100,'2026-03-21 15:08:49','2026-03-21 15:08:49'),
 (1733,35,NULL,'guest:07f80b98-865f-4bb1-b77a-de8cf210a985',100,'2026-03-21 15:08:49','2026-03-21 15:08:49'),
 (1734,35,NULL,'guest:45f5f74e-0dca-480d-a879-c53918541c1e',101,'2026-03-21 15:08:49','2026-03-21 15:08:49'),
 (1735,35,NULL,'guest:d9c589e3-8f9d-48c5-afdc-b4e2b263643f',101,'2026-03-21 15:08:49','2026-03-21 15:08:49'),
 (1736,35,NULL,'guest:83414ebe-c314-4892-9384-4794b74dc7c4',101,'2026-03-21 15:08:49','2026-03-21 15:08:49'),
 (1737,35,NULL,'guest:527e8e70-5dd5-41d9-98e7-4d153d6c114c',101,'2026-03-21 15:08:49','2026-03-21 15:08:49'),
 (1738,35,NULL,'guest:2c5818b4-bdf5-4c64-bc50-686e51a2b555',100,'2026-03-21 15:08:49','2026-03-21 15:08:49'),
 (1739,35,NULL,'guest:763f78df-8307-4eb4-af60-294235ab7e57',100,'2026-03-21 15:08:49','2026-03-21 15:08:49'),
 (1740,35,NULL,'guest:bf127e4d-60bd-458a-92f3-75d0159612ed',100,'2026-03-21 15:08:49','2026-03-21 15:08:49'),
 (1741,35,NULL,'guest:913d275d-f1f1-4ca6-a60c-a5c20fbee7bb',101,'2026-03-21 15:08:49','2026-03-21 15:08:49'),
 (1742,35,NULL,'guest:8090a1c4-d25b-45a1-bcc1-4fbfffcc9ea7',100,'2026-03-21 15:08:49','2026-03-21 15:08:49'),
 (1743,35,NULL,'guest:2f2ff59f-acee-4126-858b-602656e8bd0c',100,'2026-03-21 15:08:49','2026-03-21 15:08:49'),
 (1744,35,NULL,'guest:91878a57-b65f-48f8-b924-6e870bfca04c',100,'2026-03-21 15:08:49','2026-03-21 15:08:49'),
 (1745,35,NULL,'guest:6c91add7-2bd1-4290-b8ea-2f1d40f53c31',100,'2026-03-21 15:08:49','2026-03-21 15:08:49'),
 (1746,35,NULL,'guest:b8bbfbb6-350f-44e9-ac35-7dff5226a8cf',100,'2026-03-21 15:08:49','2026-03-21 15:08:49'),
 (1747,35,NULL,'guest:54fccbfb-a1ea-477e-8516-fbaefd56fe6c',101,'2026-03-21 15:08:49','2026-03-21 15:08:49'),
 (1748,35,NULL,'guest:9ab24557-ea6e-4185-af6f-f63a500b4d78',101,'2026-03-21 15:08:49','2026-03-21 15:08:49'),
 (1749,35,NULL,'guest:35cb2a2f-2bae-46d1-9197-a382ba520470',100,'2026-03-21 15:08:49','2026-03-21 15:08:49'),
 (1750,35,NULL,'guest:9ef5a9d6-495f-4df6-bab5-6e0b4757c66e',100,'2026-03-21 15:08:49','2026-03-21 15:08:49'),
 (1751,35,NULL,'guest:224e8bf7-ce4e-479e-a3df-4f26918adf4e',101,'2026-03-21 15:08:49','2026-03-21 15:08:49'),
 (1752,35,NULL,'guest:2fd07dea-00a7-429b-8a06-003e89c9df82',100,'2026-03-21 15:08:49','2026-03-21 15:08:49'),
 (1753,35,NULL,'guest:94f11e28-fd02-4153-9ac5-dbf80a7879a8',100,'2026-03-21 15:08:49','2026-03-21 15:08:49'),
 (1754,35,NULL,'guest:05ab4a7c-95e6-41bf-b1e4-e68ec1951461',101,'2026-03-21 15:08:49','2026-03-21 15:08:49'),
 (1755,35,NULL,'guest:d810ec8c-9cf2-4939-b466-b074d3ea0a8b',101,'2026-03-21 15:08:49','2026-03-21 15:08:49'),
 (1756,35,NULL,'guest:f899f0ba-5f34-46e6-bba5-a67c4ade1365',101,'2026-03-21 15:08:49','2026-03-21 15:08:49'),
 (1757,35,NULL,'guest:4d6aa966-36c0-4d59-a496-58a900646508',100,'2026-03-21 15:08:49','2026-03-21 15:08:49'),
 (1758,35,NULL,'guest:a2c697ef-7df1-4c4b-905b-f571bb36a694',100,'2026-03-21 15:08:49','2026-03-21 15:08:49'),
 (1759,36,18,'user:18',102,'2026-03-21 15:08:49','2026-03-21 15:08:49'),
 (1760,36,30,'user:30',103,'2026-03-21 15:08:49','2026-03-21 15:08:49'),
 (1761,36,26,'user:26',103,'2026-03-21 15:08:49','2026-03-21 15:08:49'),
 (1762,36,6,'user:6',102,'2026-03-21 15:08:49','2026-03-21 15:08:49'),
 (1763,36,21,'user:21',102,'2026-03-21 15:08:49','2026-03-21 15:08:49'),
 (1764,36,20,'user:20',104,'2026-03-21 15:08:49','2026-03-21 15:08:49'),
 (1765,36,31,'user:31',103,'2026-03-21 15:08:49','2026-03-21 15:08:49'),
 (1766,36,19,'user:19',103,'2026-03-21 15:08:49','2026-03-21 15:08:49'),
 (1767,36,10,'user:10',104,'2026-03-21 15:08:49','2026-03-21 15:08:49'),
 (1768,36,23,'user:23',104,'2026-03-21 15:08:49','2026-03-21 15:08:49'),
 (1769,36,24,'user:24',102,'2026-03-21 15:08:49','2026-03-21 15:08:49'),
 (1770,36,7,'user:7',104,'2026-03-21 15:08:49','2026-03-21 15:08:49'),
 (1771,36,3,'user:3',104,'2026-03-21 15:08:49','2026-03-21 15:08:49'),
 (1772,36,15,'user:15',104,'2026-03-21 15:08:49','2026-03-21 15:08:49'),
 (1773,36,27,'user:27',102,'2026-03-21 15:08:49','2026-03-21 15:08:49'),
 (1774,36,16,'user:16',104,'2026-03-21 15:08:49','2026-03-21 15:08:49'),
 (1775,36,9,'user:9',102,'2026-03-21 15:08:49','2026-03-21 15:08:49'),
 (1776,36,25,'user:25',104,'2026-03-21 15:08:49','2026-03-21 15:08:49'),
 (1777,36,28,'user:28',102,'2026-03-21 15:08:49','2026-03-21 15:08:49'),
 (1778,36,8,'user:8',104,'2026-03-21 15:08:49','2026-03-21 15:08:49'),
 (1779,36,12,'user:12',102,'2026-03-21 15:08:49','2026-03-21 15:08:49'),
 (1780,36,17,'user:17',104,'2026-03-21 15:08:49','2026-03-21 15:08:49'),
 (1781,36,2,'user:2',102,'2026-03-21 15:08:49','2026-03-21 15:08:49'),
 (1782,36,13,'user:13',104,'2026-03-21 15:08:49','2026-03-21 15:08:49'),
 (1783,36,14,'user:14',103,'2026-03-21 15:08:49','2026-03-21 15:08:49'),
 (1784,36,11,'user:11',104,'2026-03-21 15:08:49','2026-03-21 15:08:49'),
 (1785,36,1,'user:1',102,'2026-03-21 15:08:49','2026-03-21 15:08:49'),
 (1786,36,29,'user:29',104,'2026-03-21 15:08:49','2026-03-21 15:08:49'),
 (1787,36,4,'user:4',103,'2026-03-21 15:08:49','2026-03-21 15:08:49'),
 (1788,36,32,'user:32',103,'2026-03-21 15:08:49','2026-03-21 15:08:49'),
 (1789,36,5,'user:5',103,'2026-03-21 15:08:49','2026-03-21 15:08:49'),
 (1790,36,22,'user:22',103,'2026-03-21 15:08:49','2026-03-21 15:08:49'),
 (1791,36,NULL,'guest:9c33e431-4e3d-4b6b-a9e7-b7fb494fa3bb',104,'2026-03-21 15:08:49','2026-03-21 15:08:49'),
 (1792,36,NULL,'guest:f237e64f-6165-428f-b5c1-3948b4a7ba22',104,'2026-03-21 15:08:49','2026-03-21 15:08:49'),
 (1793,36,NULL,'guest:2f8c7e06-b9cc-45c5-bc01-1243e7d08c9f',104,'2026-03-21 15:08:49','2026-03-21 15:08:49'),
 (1794,36,NULL,'guest:cd71ab8b-4370-43df-ab50-1faf8f45b4f6',104,'2026-03-21 15:08:49','2026-03-21 15:08:49'),
 (1795,36,NULL,'guest:3b841363-7ac3-4a3f-bed0-f3e8b83ccd9f',104,'2026-03-21 15:08:49','2026-03-21 15:08:49'),
 (1796,36,NULL,'guest:1a2635bc-2862-4b74-85e3-cf0e9553dc0d',103,'2026-03-21 15:08:49','2026-03-21 15:08:49'),
 (1797,36,NULL,'guest:482b40cd-e23a-4899-b724-e62754f6e3ca',102,'2026-03-21 15:08:49','2026-03-21 15:08:49'),
 (1798,36,NULL,'guest:6dc9904b-2454-48ea-bfe1-9191123b007e',103,'2026-03-21 15:08:49','2026-03-21 15:08:49'),
 (1799,36,NULL,'guest:7bdce812-9fcc-471f-8abf-1731aa4f8a70',102,'2026-03-21 15:08:49','2026-03-21 15:08:49'),
 (1800,36,NULL,'guest:a5ecaac3-12fb-4b92-bd2d-f7a8f11749e1',103,'2026-03-21 15:08:49','2026-03-21 15:08:49'),
 (1801,36,NULL,'guest:f731b2f0-0b6f-442e-a622-56b7f4dd2452',103,'2026-03-21 15:08:49','2026-03-21 15:08:49'),
 (1802,37,32,'user:32',105,'2026-03-21 15:08:49','2026-03-21 15:08:49'),
 (1803,37,16,'user:16',107,'2026-03-21 15:08:49','2026-03-21 15:08:49'),
 (1804,37,20,'user:20',107,'2026-03-21 15:08:49','2026-03-21 15:08:49'),
 (1805,37,26,'user:26',106,'2026-03-21 15:08:49','2026-03-21 15:08:49'),
 (1806,37,25,'user:25',107,'2026-03-21 15:08:49','2026-03-21 15:08:49'),
 (1807,37,24,'user:24',106,'2026-03-21 15:08:49','2026-03-21 15:08:49'),
 (1808,37,17,'user:17',105,'2026-03-21 15:08:49','2026-03-21 15:08:49'),
 (1809,37,23,'user:23',105,'2026-03-21 15:08:49','2026-03-21 15:08:49'),
 (1810,37,8,'user:8',106,'2026-03-21 15:08:49','2026-03-21 15:08:49'),
 (1811,37,15,'user:15',105,'2026-03-21 15:08:49','2026-03-21 15:08:49'),
 (1812,37,29,'user:29',106,'2026-03-21 15:08:49','2026-03-21 15:08:49'),
 (1813,37,10,'user:10',107,'2026-03-21 15:08:49','2026-03-21 15:08:49'),
 (1814,37,1,'user:1',107,'2026-03-21 15:08:49','2026-03-21 15:08:49'),
 (1815,37,31,'user:31',106,'2026-03-21 15:08:49','2026-03-21 15:08:49'),
 (1816,37,21,'user:21',106,'2026-03-21 15:08:49','2026-03-21 15:08:49'),
 (1817,37,3,'user:3',105,'2026-03-21 15:08:49','2026-03-21 15:08:49'),
 (1818,37,6,'user:6',106,'2026-03-21 15:08:49','2026-03-21 15:08:49'),
 (1819,37,NULL,'guest:06c9d722-0b74-4b22-8aad-2ce2a278e36d',107,'2026-03-21 15:08:49','2026-03-21 15:08:49'),
 (1820,37,NULL,'guest:b8a6594b-2955-45b0-a182-1db899c34c28',105,'2026-03-21 15:08:49','2026-03-21 15:08:49'),
 (1821,37,NULL,'guest:c8ade8d6-6392-461f-8216-b1604c422c17',106,'2026-03-21 15:08:49','2026-03-21 15:08:49'),
 (1822,37,NULL,'guest:9bdda4d2-5596-4d40-8d9c-cfc6e3fc6e60',105,'2026-03-21 15:08:49','2026-03-21 15:08:49'),
 (1823,37,NULL,'guest:f149a6b5-6f7e-4144-a5f2-e007f4e6d324',106,'2026-03-21 15:08:49','2026-03-21 15:08:49'),
 (1824,37,NULL,'guest:759ea846-e3b6-4430-b71d-d6b9e2340617',105,'2026-03-21 15:08:49','2026-03-21 15:08:49'),
 (1825,37,NULL,'guest:d8bfe6ab-d6bb-4cdf-b9ea-cfa432d28b7b',105,'2026-03-21 15:08:49','2026-03-21 15:08:49'),
 (1826,37,NULL,'guest:95d0c006-e23e-4e8e-9e16-e8eb8b0925d1',106,'2026-03-21 15:08:49','2026-03-21 15:08:49'),
 (1827,37,NULL,'guest:0905c506-b977-4923-b661-434c44b14cae',107,'2026-03-21 15:08:49','2026-03-21 15:08:49'),
 (1828,37,NULL,'guest:550f7bcf-1d02-4f0e-869d-9463500b4358',105,'2026-03-21 15:08:49','2026-03-21 15:08:49'),
 (1829,37,NULL,'guest:c7912bb5-8cae-40d3-a847-20d45c0304c6',106,'2026-03-21 15:08:49','2026-03-21 15:08:49'),
 (1830,37,NULL,'guest:95d69928-070d-4489-9961-333cd30c4bef',107,'2026-03-21 15:08:49','2026-03-21 15:08:49'),
 (1831,38,12,'user:12',110,'2026-03-21 15:08:49','2026-03-21 15:08:49'),
 (1832,38,1,'user:1',108,'2026-03-21 15:08:49','2026-03-21 15:08:49'),
 (1833,38,5,'user:5',110,'2026-03-21 15:08:49','2026-03-21 15:08:49'),
 (1834,38,22,'user:22',108,'2026-03-21 15:08:49','2026-03-21 15:08:49'),
 (1835,38,10,'user:10',108,'2026-03-21 15:08:49','2026-03-21 15:08:49'),
 (1836,38,17,'user:17',108,'2026-03-21 15:08:49','2026-03-21 15:08:49'),
 (1837,38,18,'user:18',110,'2026-03-21 15:08:49','2026-03-21 15:08:49'),
 (1838,38,13,'user:13',109,'2026-03-21 15:08:49','2026-03-21 15:08:49'),
 (1839,38,15,'user:15',108,'2026-03-21 15:08:49','2026-03-21 15:08:49'),
 (1840,38,25,'user:25',109,'2026-03-21 15:08:49','2026-03-21 15:08:49'),
 (1841,38,11,'user:11',108,'2026-03-21 15:08:49','2026-03-21 15:08:49'),
 (1842,38,4,'user:4',109,'2026-03-21 15:08:49','2026-03-21 15:08:49'),
 (1843,38,20,'user:20',108,'2026-03-21 15:08:49','2026-03-21 15:08:49'),
 (1844,38,28,'user:28',109,'2026-03-21 15:08:49','2026-03-21 15:08:49'),
 (1845,38,6,'user:6',108,'2026-03-21 15:08:49','2026-03-21 15:08:49'),
 (1846,38,16,'user:16',108,'2026-03-21 15:08:49','2026-03-21 15:08:49'),
 (1847,38,14,'user:14',108,'2026-03-21 15:08:49','2026-03-21 15:08:49'),
 (1848,38,21,'user:21',110,'2026-03-21 15:08:49','2026-03-21 15:08:49'),
 (1849,38,32,'user:32',109,'2026-03-21 15:08:49','2026-03-21 15:08:49'),
 (1850,38,9,'user:9',109,'2026-03-21 15:08:49','2026-03-21 15:08:49'),
 (1851,38,29,'user:29',109,'2026-03-21 15:08:49','2026-03-21 15:08:49'),
 (1852,38,24,'user:24',108,'2026-03-21 15:08:49','2026-03-21 15:08:49'),
 (1853,38,27,'user:27',108,'2026-03-21 15:08:49','2026-03-21 15:08:49'),
 (1854,38,7,'user:7',109,'2026-03-21 15:08:49','2026-03-21 15:08:49'),
 (1855,38,23,'user:23',109,'2026-03-21 15:08:49','2026-03-21 15:08:49'),
 (1856,38,19,'user:19',110,'2026-03-21 15:08:49','2026-03-21 15:08:49'),
 (1857,38,8,'user:8',108,'2026-03-21 15:08:49','2026-03-21 15:08:49'),
 (1858,38,31,'user:31',110,'2026-03-21 15:08:49','2026-03-21 15:08:49'),
 (1859,38,3,'user:3',108,'2026-03-21 15:08:49','2026-03-21 15:08:49'),
 (1860,38,2,'user:2',108,'2026-03-21 15:08:49','2026-03-21 15:08:49'),
 (1861,38,NULL,'guest:895cc592-4d8c-40ed-871a-c8d7bf196029',109,'2026-03-21 15:08:49','2026-03-21 15:08:49'),
 (1862,38,NULL,'guest:6b053e6f-7a39-4ee0-bdad-bd72ab0e25b3',108,'2026-03-21 15:08:49','2026-03-21 15:08:49'),
 (1863,38,NULL,'guest:2ef64e8f-2c9a-4c36-b5f0-3ce75bd9be23',110,'2026-03-21 15:08:49','2026-03-21 15:08:49'),
 (1864,38,NULL,'guest:d73b0f4c-761c-4c76-aa20-b282d284c92e',110,'2026-03-21 15:08:49','2026-03-21 15:08:49'),
 (1865,38,NULL,'guest:be4d58ac-c1c6-4799-99ca-805893fb3511',109,'2026-03-21 15:08:49','2026-03-21 15:08:49'),
 (1866,38,NULL,'guest:136b971c-543c-4ebf-a921-3ebd454a3f04',110,'2026-03-21 15:08:49','2026-03-21 15:08:49'),
 (1867,38,NULL,'guest:ef182a4a-ea8d-4386-81be-3b5face85be0',108,'2026-03-21 15:08:49','2026-03-21 15:08:49'),
 (1868,38,NULL,'guest:7484a764-2c24-4f89-8900-0f76649b1ec6',109,'2026-03-21 15:08:49','2026-03-21 15:08:49'),
 (1869,38,NULL,'guest:e56b16be-9e73-40df-855b-020d239fc0be',108,'2026-03-21 15:08:49','2026-03-21 15:08:49'),
 (1870,39,17,'user:17',112,'2026-03-21 15:08:49','2026-03-21 15:08:49'),
 (1871,39,26,'user:26',112,'2026-03-21 15:08:49','2026-03-21 15:08:49'),
 (1872,39,3,'user:3',111,'2026-03-21 15:08:49','2026-03-21 15:08:49'),
 (1873,39,9,'user:9',111,'2026-03-21 15:08:49','2026-03-21 15:08:49'),
 (1874,39,19,'user:19',111,'2026-03-21 15:08:49','2026-03-21 15:08:49'),
 (1875,39,22,'user:22',113,'2026-03-21 15:08:49','2026-03-21 15:08:49'),
 (1876,39,14,'user:14',113,'2026-03-21 15:08:49','2026-03-21 15:08:49'),
 (1877,39,13,'user:13',113,'2026-03-21 15:08:49','2026-03-21 15:08:49'),
 (1878,39,23,'user:23',112,'2026-03-21 15:08:49','2026-03-21 15:08:49'),
 (1879,39,15,'user:15',113,'2026-03-21 15:08:49','2026-03-21 15:08:49'),
 (1880,39,12,'user:12',112,'2026-03-21 15:08:49','2026-03-21 15:08:49'),
 (1881,39,10,'user:10',111,'2026-03-21 15:08:49','2026-03-21 15:08:49'),
 (1882,39,32,'user:32',111,'2026-03-21 15:08:49','2026-03-21 15:08:49'),
 (1883,39,29,'user:29',113,'2026-03-21 15:08:49','2026-03-21 15:08:49'),
 (1884,39,20,'user:20',113,'2026-03-21 15:08:49','2026-03-21 15:08:49'),
 (1885,39,NULL,'guest:0f8cc8c4-5741-470f-b354-63ba9b483315',112,'2026-03-21 15:08:49','2026-03-21 15:08:49'),
 (1886,39,NULL,'guest:1aa0110b-0006-4b2d-a6d7-8e59ad4724d8',111,'2026-03-21 15:08:49','2026-03-21 15:08:49'),
 (1887,39,NULL,'guest:e1c57e52-4c8d-47d6-9243-762313fc2ace',111,'2026-03-21 15:08:49','2026-03-21 15:08:49'),
 (1888,39,NULL,'guest:7c341f3d-059f-4cd6-a10e-664fca65b21d',111,'2026-03-21 15:08:49','2026-03-21 15:08:49'),
 (1889,39,NULL,'guest:14d8b634-9922-4596-a958-4e5f14ff7c1b',111,'2026-03-21 15:08:49','2026-03-21 15:08:49'),
 (1890,39,NULL,'guest:8e291cff-78f1-4b3b-9233-8adbc927eb12',113,'2026-03-21 15:08:49','2026-03-21 15:08:49'),
 (1891,39,NULL,'guest:28f4fb31-4b34-498d-a2dc-93753a4ef1d3',113,'2026-03-21 15:08:49','2026-03-21 15:08:49'),
 (1892,39,NULL,'guest:e06e54cc-d4e8-4293-bfb2-0bcb8d430008',111,'2026-03-21 15:08:49','2026-03-21 15:08:49'),
 (1893,39,NULL,'guest:660e8c26-223b-4d96-9e47-504a7fcf5db9',111,'2026-03-21 15:08:49','2026-03-21 15:08:49'),
 (1894,39,NULL,'guest:2e2f9466-5a2f-48fd-81d5-effd72810957',113,'2026-03-21 15:08:49','2026-03-21 15:08:49'),
 (1895,39,NULL,'guest:3c5ce4df-6d55-4908-8eab-0d6a8b7b97dd',113,'2026-03-21 15:08:49','2026-03-21 15:08:49'),
 (1896,39,NULL,'guest:8b25e4f0-50b4-4df6-a973-165bd35e41d6',111,'2026-03-21 15:08:49','2026-03-21 15:08:49'),
 (1897,39,NULL,'guest:7ffe2169-d25f-4c62-94d2-69e23960edd3',113,'2026-03-21 15:08:49','2026-03-21 15:08:49'),
 (1898,39,NULL,'guest:42e3fcc5-1832-4b45-b52a-c9b1ec946b85',112,'2026-03-21 15:08:49','2026-03-21 15:08:49'),
 (1899,39,NULL,'guest:bbfca34f-9d65-4d75-9676-5cf8585272e3',112,'2026-03-21 15:08:49','2026-03-21 15:08:49'),
 (1900,39,NULL,'guest:0a946f34-72c3-4aa6-87e6-b560b0852d9f',111,'2026-03-21 15:08:49','2026-03-21 15:08:49'),
 (1901,39,NULL,'guest:2253ed05-1951-4317-b33e-86d5fd581dab',111,'2026-03-21 15:08:49','2026-03-21 15:08:49'),
 (1902,39,NULL,'guest:6bccda3b-e2d1-4d15-84bc-78c9d3bc17e0',112,'2026-03-21 15:08:49','2026-03-21 15:08:49'),
 (1903,39,NULL,'guest:01472f70-0056-4a8d-9b3c-5fead4baa6dd',111,'2026-03-21 15:08:49','2026-03-21 15:08:49'),
 (1904,39,NULL,'guest:71685b8c-d900-4143-b603-506ff34acf67',112,'2026-03-21 15:08:49','2026-03-21 15:08:49'),
 (1905,40,9,'user:9',115,'2026-03-21 15:08:49','2026-03-21 15:08:49'),
 (1906,40,7,'user:7',116,'2026-03-21 15:08:49','2026-03-21 15:08:49'),
 (1907,40,17,'user:17',114,'2026-03-21 15:08:49','2026-03-21 15:08:49'),
 (1908,40,26,'user:26',115,'2026-03-21 15:08:49','2026-03-21 15:08:49'),
 (1909,40,27,'user:27',115,'2026-03-21 15:08:49','2026-03-21 15:08:49'),
 (1910,40,21,'user:21',114,'2026-03-21 15:08:49','2026-03-21 15:08:49'),
 (1911,40,19,'user:19',116,'2026-03-21 15:08:49','2026-03-21 15:08:49'),
 (1912,40,12,'user:12',115,'2026-03-21 15:08:49','2026-03-21 15:08:49'),
 (1913,40,24,'user:24',115,'2026-03-21 15:08:49','2026-03-21 15:08:49'),
 (1914,40,10,'user:10',116,'2026-03-21 15:08:49','2026-03-21 15:08:49'),
 (1915,40,23,'user:23',114,'2026-03-21 15:08:49','2026-03-21 15:08:49'),
 (1916,40,6,'user:6',114,'2026-03-21 15:08:49','2026-03-21 15:08:49'),
 (1917,40,22,'user:22',114,'2026-03-21 15:08:49','2026-03-21 15:08:49'),
 (1918,40,14,'user:14',115,'2026-03-21 15:08:49','2026-03-21 15:08:49'),
 (1919,40,11,'user:11',116,'2026-03-21 15:08:49','2026-03-21 15:08:49'),
 (1920,40,28,'user:28',116,'2026-03-21 15:08:49','2026-03-21 15:08:49'),
 (1921,40,2,'user:2',116,'2026-03-21 15:08:49','2026-03-21 15:08:49'),
 (1922,40,20,'user:20',115,'2026-03-21 15:08:49','2026-03-21 15:08:49'),
 (1923,40,25,'user:25',116,'2026-03-21 15:08:49','2026-03-21 15:08:49'),
 (1924,40,8,'user:8',115,'2026-03-21 15:08:49','2026-03-21 15:08:49'),
 (1925,40,13,'user:13',114,'2026-03-21 15:08:49','2026-03-21 15:08:49'),
 (1926,40,29,'user:29',114,'2026-03-21 15:08:49','2026-03-21 15:08:49'),
 (1927,40,16,'user:16',116,'2026-03-21 15:08:49','2026-03-21 15:08:49'),
 (1928,40,18,'user:18',114,'2026-03-21 15:08:49','2026-03-21 15:08:49'),
 (1929,40,4,'user:4',115,'2026-03-21 15:08:49','2026-03-21 15:08:49'),
 (1930,40,31,'user:31',115,'2026-03-21 15:08:49','2026-03-21 15:08:49'),
 (1931,40,32,'user:32',114,'2026-03-21 15:08:49','2026-03-21 15:08:49'),
 (1932,40,30,'user:30',116,'2026-03-21 15:08:49','2026-03-21 15:08:49'),
 (1933,40,3,'user:3',115,'2026-03-21 15:08:49','2026-03-21 15:08:49'),
 (1934,40,5,'user:5',116,'2026-03-21 15:08:49','2026-03-21 15:08:49'),
 (1935,40,1,'user:1',114,'2026-03-21 15:08:49','2026-03-21 15:08:49'),
 (1936,40,15,'user:15',115,'2026-03-21 15:08:49','2026-03-21 15:08:49'),
 (1937,40,NULL,'guest:82372d55-b3bf-413a-9cb1-631279856c47',114,'2026-03-21 15:08:49','2026-03-21 15:08:49'),
 (1938,40,NULL,'guest:a66ae5a3-51cf-479a-9414-11ed4f82074f',115,'2026-03-21 15:08:49','2026-03-21 15:08:49'),
 (1939,40,NULL,'guest:f8836d73-aaff-46c5-8f4c-30f360fc1106',114,'2026-03-21 15:08:49','2026-03-21 15:08:49'),
 (1940,40,NULL,'guest:a15ec1c6-44f6-4708-9e78-bf3983470bf5',114,'2026-03-21 15:08:49','2026-03-21 15:08:49'),
 (1941,40,NULL,'guest:78c74886-334c-4d7b-be8a-765d78e03838',115,'2026-03-21 15:08:49','2026-03-21 15:08:49'),
 (1942,40,NULL,'guest:c33fedfc-62e7-471a-bdf4-1daf0d3ec845',116,'2026-03-21 15:08:49','2026-03-21 15:08:49'),
 (1943,40,NULL,'guest:fe60bdea-77a3-4b94-9bc1-80724f514d3c',114,'2026-03-21 15:08:49','2026-03-21 15:08:49'),
 (1944,40,NULL,'guest:bf46c21e-ccee-4e86-abf7-2c664ef5312d',114,'2026-03-21 15:08:49','2026-03-21 15:08:49'),
 (1945,40,NULL,'guest:c54c9fba-7c8c-44ee-a50d-c5a49c17c7cc',115,'2026-03-21 15:08:49','2026-03-21 15:08:49'),
 (1946,40,NULL,'guest:d07e4601-1997-4daf-952a-5de34c6d531a',116,'2026-03-21 15:08:49','2026-03-21 15:08:49'),
 (1947,40,NULL,'guest:39b7265e-fb84-494d-b16e-c49b13dfdc3d',115,'2026-03-21 15:08:49','2026-03-21 15:08:49'),
 (1948,40,NULL,'guest:ff3e6ad0-e002-4fb3-80e8-44fbdc85a11c',114,'2026-03-21 15:08:49','2026-03-21 15:08:49'),
 (1949,40,NULL,'guest:1e41269c-1927-4e13-a7b2-144954c6fe63',115,'2026-03-21 15:08:49','2026-03-21 15:08:49'),
 (1950,40,NULL,'guest:48dd14ee-2b4c-4d20-af75-91737eafbd4b',116,'2026-03-21 15:08:49','2026-03-21 15:08:49'),
 (1951,40,NULL,'guest:ae78936f-53f2-48f2-ba7d-6c2192608e46',114,'2026-03-21 15:08:49','2026-03-21 15:08:49'),
 (1952,40,NULL,'guest:1ac79066-3ec9-4a92-b06c-c1a7c79915f6',116,'2026-03-21 15:08:49','2026-03-21 15:08:49'),
 (1953,40,NULL,'guest:e9dd41e8-04bb-4e05-81d2-3bd0c2eb73d5',114,'2026-03-21 15:08:49','2026-03-21 15:08:49'),
 (1954,40,NULL,'guest:1361bab7-1eb9-4b2e-ba36-6a4caa778b83',114,'2026-03-21 15:08:49','2026-03-21 15:08:49'),
 (1955,40,NULL,'guest:9dfe3de7-4286-4a00-b13e-0980c0fc290b',114,'2026-03-21 15:08:49','2026-03-21 15:08:49'),
 (1956,40,NULL,'guest:7750e9b5-338a-42db-aa38-37d07503cc1d',115,'2026-03-21 15:08:49','2026-03-21 15:08:49'),
 (1957,40,NULL,'guest:7ed01054-5db9-4cb2-80ef-54533bbe1536',114,'2026-03-21 15:08:49','2026-03-21 15:08:49'),
 (1958,40,NULL,'guest:5d21f8d0-75c5-4b45-b27d-2e49fca2350a',116,'2026-03-21 15:08:49','2026-03-21 15:08:49'),
 (1959,40,NULL,'guest:b675ae8f-89fa-4bce-a8fd-709a2def4666',115,'2026-03-21 15:08:49','2026-03-21 15:08:49'),
 (1960,41,6,'user:6',119,'2026-03-21 15:08:49','2026-03-21 15:08:49'),
 (1961,41,32,'user:32',120,'2026-03-21 15:08:49','2026-03-21 15:08:49'),
 (1962,41,12,'user:12',118,'2026-03-21 15:08:49','2026-03-21 15:08:49'),
 (1963,41,10,'user:10',118,'2026-03-21 15:08:49','2026-03-21 15:08:49'),
 (1964,41,22,'user:22',117,'2026-03-21 15:08:49','2026-03-21 15:08:49'),
 (1965,41,5,'user:5',120,'2026-03-21 15:08:49','2026-03-21 15:08:49'),
 (1966,41,31,'user:31',120,'2026-03-21 15:08:49','2026-03-21 15:08:49'),
 (1967,41,20,'user:20',119,'2026-03-21 15:08:49','2026-03-21 15:08:49'),
 (1968,41,11,'user:11',120,'2026-03-21 15:08:49','2026-03-21 15:08:49'),
 (1969,41,9,'user:9',117,'2026-03-21 15:08:49','2026-03-21 15:08:49'),
 (1970,41,21,'user:21',119,'2026-03-21 15:08:49','2026-03-21 15:08:49'),
 (1971,41,8,'user:8',117,'2026-03-21 15:08:49','2026-03-21 15:08:49'),
 (1972,41,25,'user:25',119,'2026-03-21 15:08:50','2026-03-21 15:08:50'),
 (1973,41,2,'user:2',118,'2026-03-21 15:08:50','2026-03-21 15:08:50'),
 (1974,41,24,'user:24',117,'2026-03-21 15:08:50','2026-03-21 15:08:50'),
 (1975,41,23,'user:23',119,'2026-03-21 15:08:50','2026-03-21 15:08:50'),
 (1976,41,30,'user:30',120,'2026-03-21 15:08:50','2026-03-21 15:08:50'),
 (1977,41,13,'user:13',120,'2026-03-21 15:08:50','2026-03-21 15:08:50'),
 (1978,41,19,'user:19',117,'2026-03-21 15:08:50','2026-03-21 15:08:50'),
 (1979,41,29,'user:29',120,'2026-03-21 15:08:50','2026-03-21 15:08:50'),
 (1980,41,14,'user:14',120,'2026-03-21 15:08:50','2026-03-21 15:08:50'),
 (1981,41,4,'user:4',120,'2026-03-21 15:08:50','2026-03-21 15:08:50'),
 (1982,41,3,'user:3',119,'2026-03-21 15:08:50','2026-03-21 15:08:50'),
 (1983,41,7,'user:7',119,'2026-03-21 15:08:50','2026-03-21 15:08:50'),
 (1984,41,27,'user:27',117,'2026-03-21 15:08:50','2026-03-21 15:08:50'),
 (1985,41,28,'user:28',120,'2026-03-21 15:08:50','2026-03-21 15:08:50'),
 (1986,41,15,'user:15',118,'2026-03-21 15:08:50','2026-03-21 15:08:50'),
 (1987,41,26,'user:26',119,'2026-03-21 15:08:50','2026-03-21 15:08:50'),
 (1988,41,17,'user:17',117,'2026-03-21 15:08:50','2026-03-21 15:08:50'),
 (1989,41,16,'user:16',117,'2026-03-21 15:08:50','2026-03-21 15:08:50'),
 (1990,41,1,'user:1',118,'2026-03-21 15:08:50','2026-03-21 15:08:50'),
 (1991,41,18,'user:18',120,'2026-03-21 15:08:50','2026-03-21 15:08:50'),
 (1992,41,NULL,'guest:4b7c1231-52ec-4a2f-9a30-a71919ccb11e',117,'2026-03-21 15:08:50','2026-03-21 15:08:50'),
 (1993,41,NULL,'guest:976487bd-bff0-43fe-95e9-0886ad9ec936',117,'2026-03-21 15:08:50','2026-03-21 15:08:50'),
 (1994,41,NULL,'guest:514bc642-3bd3-4f05-9535-7eb312c6f639',120,'2026-03-21 15:08:50','2026-03-21 15:08:50'),
 (1995,41,NULL,'guest:d0e60f9c-5352-4e37-910e-2cf575e38d93',120,'2026-03-21 15:08:50','2026-03-21 15:08:50'),
 (1996,41,NULL,'guest:859ac6df-b390-47e3-8ab8-48caa6d94ec3',119,'2026-03-21 15:08:50','2026-03-21 15:08:50'),
 (1997,41,NULL,'guest:b9b145b8-8e43-434c-bcad-a5305d4639c4',120,'2026-03-21 15:08:50','2026-03-21 15:08:50'),
 (1998,41,NULL,'guest:6b1d95e3-326c-4953-97cf-218fc8acb861',120,'2026-03-21 15:08:50','2026-03-21 15:08:50'),
 (1999,41,NULL,'guest:9c8443a6-69f3-453a-a408-e48e44cd34cf',117,'2026-03-21 15:08:50','2026-03-21 15:08:50'),
 (2000,41,NULL,'guest:ecde8937-0be5-4d20-be89-626d8f4ad183',119,'2026-03-21 15:08:50','2026-03-21 15:08:50'),
 (2001,41,NULL,'guest:e80a3827-d01b-4b99-a7a8-d373727830da',118,'2026-03-21 15:08:50','2026-03-21 15:08:50'),
 (2002,41,NULL,'guest:d5746df4-b0c4-496f-9831-4f1e91a919e4',120,'2026-03-21 15:08:50','2026-03-21 15:08:50'),
 (2003,41,NULL,'guest:c06cb851-2d70-4887-b36f-a010969d2326',117,'2026-03-21 15:08:50','2026-03-21 15:08:50'),
 (2004,41,NULL,'guest:f88614b6-d25c-4f02-9a75-275ceaf9e308',120,'2026-03-21 15:08:50','2026-03-21 15:08:50'),
 (2005,41,NULL,'guest:fd16b9e7-6648-41c8-a4fb-b189fa0c2ded',117,'2026-03-21 15:08:50','2026-03-21 15:08:50'),
 (2006,42,26,'user:26',121,'2026-03-21 15:08:50','2026-03-21 15:08:50'),
 (2007,42,24,'user:24',122,'2026-03-21 15:08:50','2026-03-21 15:08:50'),
 (2008,42,23,'user:23',122,'2026-03-21 15:08:50','2026-03-21 15:08:50'),
 (2009,42,18,'user:18',121,'2026-03-21 15:08:50','2026-03-21 15:08:50'),
 (2010,42,6,'user:6',121,'2026-03-21 15:08:50','2026-03-21 15:08:50'),
 (2011,42,25,'user:25',121,'2026-03-21 15:08:50','2026-03-21 15:08:50'),
 (2012,42,7,'user:7',121,'2026-03-21 15:08:50','2026-03-21 15:08:50'),
 (2013,42,22,'user:22',122,'2026-03-21 15:08:50','2026-03-21 15:08:50'),
 (2014,42,21,'user:21',121,'2026-03-21 15:08:50','2026-03-21 15:08:50'),
 (2015,42,19,'user:19',121,'2026-03-21 15:08:50','2026-03-21 15:08:50'),
 (2016,42,16,'user:16',121,'2026-03-21 15:08:50','2026-03-21 15:08:50'),
 (2017,42,2,'user:2',122,'2026-03-21 15:08:50','2026-03-21 15:08:50'),
 (2018,42,28,'user:28',122,'2026-03-21 15:08:50','2026-03-21 15:08:50'),
 (2019,42,8,'user:8',122,'2026-03-21 15:08:50','2026-03-21 15:08:50'),
 (2020,42,10,'user:10',121,'2026-03-21 15:08:50','2026-03-21 15:08:50'),
 (2021,42,11,'user:11',122,'2026-03-21 15:08:50','2026-03-21 15:08:50'),
 (2022,42,1,'user:1',122,'2026-03-21 15:08:50','2026-03-21 15:08:50'),
 (2023,42,29,'user:29',121,'2026-03-21 15:08:50','2026-03-21 15:08:50'),
 (2024,42,20,'user:20',122,'2026-03-21 15:08:50','2026-03-21 15:08:50'),
 (2025,42,32,'user:32',121,'2026-03-21 15:08:50','2026-03-21 15:08:50'),
 (2026,42,4,'user:4',122,'2026-03-21 15:08:50','2026-03-21 15:08:50'),
 (2027,42,15,'user:15',121,'2026-03-21 15:08:50','2026-03-21 15:08:50'),
 (2028,42,31,'user:31',122,'2026-03-21 15:08:50','2026-03-21 15:08:50'),
 (2029,42,17,'user:17',122,'2026-03-21 15:08:50','2026-03-21 15:08:50'),
 (2030,42,30,'user:30',121,'2026-03-21 15:08:50','2026-03-21 15:08:50'),
 (2031,42,14,'user:14',121,'2026-03-21 15:08:50','2026-03-21 15:08:50'),
 (2032,42,3,'user:3',122,'2026-03-21 15:08:50','2026-03-21 15:08:50'),
 (2033,42,13,'user:13',122,'2026-03-21 15:08:50','2026-03-21 15:08:50'),
 (2034,42,9,'user:9',122,'2026-03-21 15:08:50','2026-03-21 15:08:50'),
 (2035,42,27,'user:27',122,'2026-03-21 15:08:50','2026-03-21 15:08:50'),
 (2036,42,12,'user:12',122,'2026-03-21 15:08:50','2026-03-21 15:08:50'),
 (2037,42,5,'user:5',121,'2026-03-21 15:08:50','2026-03-21 15:08:50'),
 (2038,42,NULL,'guest:aaa2458c-921a-4e61-a091-4dafdeec39ba',122,'2026-03-21 15:08:50','2026-03-21 15:08:50'),
 (2039,42,NULL,'guest:4773c2cf-af4d-46c5-bf42-aeac028b5cf7',121,'2026-03-21 15:08:50','2026-03-21 15:08:50'),
 (2040,42,NULL,'guest:18c06343-d5d7-4dff-83f3-5ece07febd03',121,'2026-03-21 15:08:50','2026-03-21 15:08:50'),
 (2041,42,NULL,'guest:7a88a33c-bb0b-4a7f-b072-7581cfd015b2',122,'2026-03-21 15:08:50','2026-03-21 15:08:50'),
 (2042,42,NULL,'guest:29da8170-9da8-4157-83e1-21175b5b9acb',122,'2026-03-21 15:08:50','2026-03-21 15:08:50'),
 (2043,42,NULL,'guest:3fee5a1f-854c-4309-9faf-1be3ccb2e8c9',122,'2026-03-21 15:08:50','2026-03-21 15:08:50'),
 (2044,42,NULL,'guest:190d21c6-f6f8-4104-b808-a91b48414f0d',121,'2026-03-21 15:08:50','2026-03-21 15:08:50'),
 (2045,42,NULL,'guest:05ffcc0c-1f40-4fcb-a74a-5da675adab9c',121,'2026-03-21 15:08:50','2026-03-21 15:08:50'),
 (2046,42,NULL,'guest:d7fd93ae-06b4-4e25-a0d0-f7895b7732b9',122,'2026-03-21 15:08:50','2026-03-21 15:08:50'),
 (2047,42,NULL,'guest:1b000763-96f0-4008-9eff-877aea5c1302',122,'2026-03-21 15:08:50','2026-03-21 15:08:50'),
 (2048,42,NULL,'guest:9e0694bf-3853-42ec-9335-f12b08bf62cb',122,'2026-03-21 15:08:50','2026-03-21 15:08:50'),
 (2049,42,NULL,'guest:173c7dcd-1fd4-4c85-9b64-841eec728259',121,'2026-03-21 15:08:50','2026-03-21 15:08:50'),
 (2050,42,NULL,'guest:a97a5d6a-dfd7-4cca-b9bc-cab451243340',122,'2026-03-21 15:08:50','2026-03-21 15:08:50'),
 (2051,42,NULL,'guest:70999f1f-46e6-4fbc-b301-066a74b2567d',121,'2026-03-21 15:08:50','2026-03-21 15:08:50'),
 (2052,42,NULL,'guest:4c02b500-b741-4094-9740-9c9dfc7ece18',121,'2026-03-21 15:08:50','2026-03-21 15:08:50'),
 (2053,42,NULL,'guest:0330b613-3a9d-4a08-918a-102c35131ff7',122,'2026-03-21 15:08:50','2026-03-21 15:08:50'),
 (2054,42,NULL,'guest:21bac85a-759b-4e9f-8085-58271ddd633c',121,'2026-03-21 15:08:50','2026-03-21 15:08:50'),
 (2055,42,NULL,'guest:a1ef27d6-4daa-4a77-a88a-7f66c6cb0a66',121,'2026-03-21 15:08:50','2026-03-21 15:08:50'),
 (2056,42,NULL,'guest:1c1f1178-ef12-42c2-8337-bb284aca674d',122,'2026-03-21 15:08:50','2026-03-21 15:08:50'),
 (2057,42,NULL,'guest:f147ab71-1e6d-4af7-8bde-dadd706a819e',122,'2026-03-21 15:08:50','2026-03-21 15:08:50'),
 (2058,42,NULL,'guest:511409e1-08b0-4605-b563-aa6f5b265e41',121,'2026-03-21 15:08:50','2026-03-21 15:08:50'),
 (2059,42,NULL,'guest:a228661a-7cb2-4d0d-a813-bc8df53eb262',122,'2026-03-21 15:08:50','2026-03-21 15:08:50'),
 (2060,42,NULL,'guest:41267d09-915d-4c0a-b4bd-57b2f638c245',121,'2026-03-21 15:08:50','2026-03-21 15:08:50'),
 (2061,42,NULL,'guest:0960c024-f733-4c93-8bf9-250d71a782ab',121,'2026-03-21 15:08:50','2026-03-21 15:08:50'),
 (2062,42,NULL,'guest:9e934278-2a31-4939-8304-6fb306301365',121,'2026-03-21 15:08:50','2026-03-21 15:08:50'),
 (2063,42,NULL,'guest:9735380b-fb6a-4613-afc3-abb3beea3f73',121,'2026-03-21 15:08:50','2026-03-21 15:08:50'),
 (2064,42,NULL,'guest:53132d87-dc59-4af4-8939-da121c28e0d3',121,'2026-03-21 15:08:50','2026-03-21 15:08:50'),
 (2065,42,NULL,'guest:9a800573-c1f4-40b1-bb3f-8e651b0a81d2',122,'2026-03-21 15:08:50','2026-03-21 15:08:50'),
 (2066,42,NULL,'guest:98b878b2-7d5a-41ce-bb6b-30031ba5d526',121,'2026-03-21 15:08:50','2026-03-21 15:08:50'),
 (2067,42,NULL,'guest:d2916e4d-2508-422f-877c-6f956fa3207c',121,'2026-03-21 15:08:50','2026-03-21 15:08:50'),
 (2068,42,NULL,'guest:ed489c57-dcc7-4827-bf82-ad3124a82dfb',122,'2026-03-21 15:08:50','2026-03-21 15:08:50'),
 (2069,42,NULL,'guest:e1e6c48b-18fc-484e-914d-b74982a284d9',122,'2026-03-21 15:08:50','2026-03-21 15:08:50'),
 (2070,42,NULL,'guest:6b663f19-c33c-4f1e-9626-493fc41f4751',121,'2026-03-21 15:08:50','2026-03-21 15:08:50'),
 (2071,42,NULL,'guest:a6963c2a-9252-481b-b14c-b7f9bc6cb072',122,'2026-03-21 15:08:50','2026-03-21 15:08:50'),
 (2072,43,30,'user:30',123,'2026-03-21 15:08:50','2026-03-21 15:08:50'),
 (2073,43,20,'user:20',124,'2026-03-21 15:08:50','2026-03-21 15:08:50'),
 (2074,43,2,'user:2',124,'2026-03-21 15:08:50','2026-03-21 15:08:50'),
 (2075,43,7,'user:7',123,'2026-03-21 15:08:50','2026-03-21 15:08:50'),
 (2076,43,9,'user:9',123,'2026-03-21 15:08:50','2026-03-21 15:08:50'),
 (2077,43,8,'user:8',123,'2026-03-21 15:08:50','2026-03-21 15:08:50'),
 (2078,43,4,'user:4',123,'2026-03-21 15:08:50','2026-03-21 15:08:50'),
 (2079,43,16,'user:16',124,'2026-03-21 15:08:50','2026-03-21 15:08:50'),
 (2080,43,5,'user:5',123,'2026-03-21 15:08:50','2026-03-21 15:08:50'),
 (2081,43,32,'user:32',123,'2026-03-21 15:08:50','2026-03-21 15:08:50'),
 (2082,43,31,'user:31',124,'2026-03-21 15:08:50','2026-03-21 15:08:50'),
 (2083,43,24,'user:24',123,'2026-03-21 15:08:50','2026-03-21 15:08:50'),
 (2084,43,14,'user:14',123,'2026-03-21 15:08:50','2026-03-21 15:08:50'),
 (2085,43,28,'user:28',124,'2026-03-21 15:08:50','2026-03-21 15:08:50'),
 (2086,43,12,'user:12',124,'2026-03-21 15:08:50','2026-03-21 15:08:50'),
 (2087,43,26,'user:26',124,'2026-03-21 15:08:50','2026-03-21 15:08:50'),
 (2088,43,15,'user:15',124,'2026-03-21 15:08:50','2026-03-21 15:08:50'),
 (2089,43,22,'user:22',124,'2026-03-21 15:08:50','2026-03-21 15:08:50'),
 (2090,43,21,'user:21',124,'2026-03-21 15:08:50','2026-03-21 15:08:50'),
 (2091,43,13,'user:13',124,'2026-03-21 15:08:50','2026-03-21 15:08:50'),
 (2092,43,25,'user:25',123,'2026-03-21 15:08:50','2026-03-21 15:08:50'),
 (2093,43,27,'user:27',124,'2026-03-21 15:08:50','2026-03-21 15:08:50'),
 (2094,43,23,'user:23',123,'2026-03-21 15:08:50','2026-03-21 15:08:50'),
 (2095,43,NULL,'guest:08b69002-d81b-492c-bb1b-79ba5a068fd9',124,'2026-03-21 15:08:50','2026-03-21 15:08:50'),
 (2096,43,NULL,'guest:8823fe6c-8a29-4e13-8885-221efa37e372',124,'2026-03-21 15:08:50','2026-03-21 15:08:50'),
 (2097,43,NULL,'guest:1767cbeb-1eb6-44a8-929b-f06b0641e607',124,'2026-03-21 15:08:50','2026-03-21 15:08:50'),
 (2098,43,NULL,'guest:91d11799-6e95-4c62-8215-fc0a5b8b21ec',124,'2026-03-21 15:08:50','2026-03-21 15:08:50'),
 (2099,43,NULL,'guest:6b7d3aad-b256-4855-ab9e-f683bf49c945',123,'2026-03-21 15:08:50','2026-03-21 15:08:50'),
 (2100,44,21,'user:21',125,'2026-03-21 15:08:50','2026-03-21 15:08:50'),
 (2101,44,26,'user:26',126,'2026-03-21 15:08:50','2026-03-21 15:08:50'),
 (2102,44,13,'user:13',125,'2026-03-21 15:08:50','2026-03-21 15:08:50'),
 (2103,44,30,'user:30',126,'2026-03-21 15:08:50','2026-03-21 15:08:50'),
 (2104,44,27,'user:27',125,'2026-03-21 15:08:50','2026-03-21 15:08:50'),
 (2105,44,17,'user:17',126,'2026-03-21 15:08:50','2026-03-21 15:08:50'),
 (2106,44,19,'user:19',125,'2026-03-21 15:08:50','2026-03-21 15:08:50'),
 (2107,44,14,'user:14',125,'2026-03-21 15:08:50','2026-03-21 15:08:50'),
 (2108,44,25,'user:25',126,'2026-03-21 15:08:50','2026-03-21 15:08:50'),
 (2109,44,2,'user:2',125,'2026-03-21 15:08:50','2026-03-21 15:08:50'),
 (2110,44,NULL,'guest:8fb78216-a6cc-4373-84f6-fd830dcba838',126,'2026-03-21 15:08:50','2026-03-21 15:08:50'),
 (2111,44,NULL,'guest:b48310d5-e4f6-4b3d-b5cb-fcd29a0b4039',125,'2026-03-21 15:08:50','2026-03-21 15:08:50'),
 (2112,44,NULL,'guest:6da21bc7-2eec-40c9-a1d4-f7b079f2f587',126,'2026-03-21 15:08:50','2026-03-21 15:08:50'),
 (2113,44,NULL,'guest:17ef6c41-296b-420c-ac6a-7c77a5b26e5c',125,'2026-03-21 15:08:50','2026-03-21 15:08:50'),
 (2114,44,NULL,'guest:1ad895c7-f089-44e8-a099-55bbc592a6c7',126,'2026-03-21 15:08:50','2026-03-21 15:08:50'),
 (2115,44,NULL,'guest:81eba2e0-4976-43b4-b3fb-8c4a0d4dd55a',126,'2026-03-21 15:08:50','2026-03-21 15:08:50'),
 (2116,44,NULL,'guest:fa319e96-863f-4a08-b801-00449e1dbd77',126,'2026-03-21 15:08:50','2026-03-21 15:08:50'),
 (2117,44,NULL,'guest:e017e372-2f44-4289-a03e-9931c7deee21',126,'2026-03-21 15:08:50','2026-03-21 15:08:50'),
 (2118,44,NULL,'guest:9822fbcf-9671-4fd5-a7ff-226e296253a6',125,'2026-03-21 15:08:50','2026-03-21 15:08:50'),
 (2119,44,NULL,'guest:986ccf3d-bd94-4cc6-a5e8-7f44cd7c1e46',126,'2026-03-21 15:08:50','2026-03-21 15:08:50'),
 (2120,44,NULL,'guest:6bffe6a4-fe7e-451b-bd78-aec59eba495c',125,'2026-03-21 15:08:50','2026-03-21 15:08:50'),
 (2121,44,NULL,'guest:3966acef-ffd6-478f-8974-9bc6eb33021c',126,'2026-03-21 15:08:50','2026-03-21 15:08:50'),
 (2122,44,NULL,'guest:4a6bfe45-92ff-4290-94d9-651c73f1fe14',125,'2026-03-21 15:08:50','2026-03-21 15:08:50'),
 (2123,44,NULL,'guest:d7d76eeb-4ad8-462a-a1d5-509644cdc98a',126,'2026-03-21 15:08:50','2026-03-21 15:08:50'),
 (2124,45,29,'user:29',129,'2026-03-21 15:08:50','2026-03-21 15:08:50'),
 (2125,45,5,'user:5',130,'2026-03-21 15:08:50','2026-03-21 15:08:50'),
 (2126,45,14,'user:14',128,'2026-03-21 15:08:50','2026-03-21 15:08:50'),
 (2127,45,28,'user:28',129,'2026-03-21 15:08:50','2026-03-21 15:08:50'),
 (2128,45,2,'user:2',130,'2026-03-21 15:08:50','2026-03-21 15:08:50'),
 (2129,45,6,'user:6',130,'2026-03-21 15:08:50','2026-03-21 15:08:50'),
 (2130,45,30,'user:30',130,'2026-03-21 15:08:50','2026-03-21 15:08:50'),
 (2131,45,20,'user:20',129,'2026-03-21 15:08:50','2026-03-21 15:08:50'),
 (2132,45,25,'user:25',130,'2026-03-21 15:08:50','2026-03-21 15:08:50'),
 (2133,45,21,'user:21',129,'2026-03-21 15:08:50','2026-03-21 15:08:50'),
 (2134,45,27,'user:27',129,'2026-03-21 15:08:50','2026-03-21 15:08:50'),
 (2135,45,31,'user:31',128,'2026-03-21 15:08:50','2026-03-21 15:08:50'),
 (2136,45,4,'user:4',129,'2026-03-21 15:08:50','2026-03-21 15:08:50'),
 (2137,45,16,'user:16',129,'2026-03-21 15:08:50','2026-03-21 15:08:50'),
 (2138,45,32,'user:32',129,'2026-03-21 15:08:50','2026-03-21 15:08:50'),
 (2139,45,8,'user:8',128,'2026-03-21 15:08:50','2026-03-21 15:08:50'),
 (2140,45,9,'user:9',129,'2026-03-21 15:08:50','2026-03-21 15:08:50'),
 (2141,45,NULL,'guest:799492f6-5c40-428c-9c43-b4fbd070650b',128,'2026-03-21 15:08:50','2026-03-21 15:08:50'),
 (2142,45,NULL,'guest:4e81e46f-0a4d-41d0-86fc-9be35a6060c7',127,'2026-03-21 15:08:50','2026-03-21 15:08:50'),
 (2143,45,NULL,'guest:99545021-edc0-43f4-a834-b795816051b7',129,'2026-03-21 15:08:50','2026-03-21 15:08:50'),
 (2144,45,NULL,'guest:c051b644-0bf7-4bc0-9fcd-7ca00f562cb7',128,'2026-03-21 15:08:50','2026-03-21 15:08:50'),
 (2145,45,NULL,'guest:26ba5704-9765-471c-8217-312ee6725fad',128,'2026-03-21 15:08:50','2026-03-21 15:08:50'),
 (2146,45,NULL,'guest:1bf92cb4-21db-419a-b8ff-265eca4ca5ed',128,'2026-03-21 15:08:50','2026-03-21 15:08:50'),
 (2147,45,NULL,'guest:3f7fc551-387b-4ebf-a48d-9956489470de',128,'2026-03-21 15:08:50','2026-03-21 15:08:50'),
 (2148,46,25,'user:25',131,'2026-03-21 15:08:50','2026-03-21 15:08:50'),
 (2149,46,17,'user:17',132,'2026-03-21 15:08:50','2026-03-21 15:08:50'),
 (2150,46,14,'user:14',131,'2026-03-21 15:08:50','2026-03-21 15:08:50'),
 (2151,46,28,'user:28',131,'2026-03-21 15:08:50','2026-03-21 15:08:50'),
 (2152,46,19,'user:19',131,'2026-03-21 15:08:50','2026-03-21 15:08:50'),
 (2153,46,15,'user:15',131,'2026-03-21 15:08:50','2026-03-21 15:08:50'),
 (2154,46,27,'user:27',132,'2026-03-21 15:08:50','2026-03-21 15:08:50'),
 (2155,46,21,'user:21',132,'2026-03-21 15:08:50','2026-03-21 15:08:50'),
 (2156,46,23,'user:23',131,'2026-03-21 15:08:50','2026-03-21 15:08:50'),
 (2157,46,3,'user:3',132,'2026-03-21 15:08:50','2026-03-21 15:08:50'),
 (2158,46,11,'user:11',131,'2026-03-21 15:08:50','2026-03-21 15:08:50'),
 (2159,46,7,'user:7',132,'2026-03-21 15:08:50','2026-03-21 15:08:50'),
 (2160,46,32,'user:32',131,'2026-03-21 15:08:50','2026-03-21 15:08:50'),
 (2161,46,26,'user:26',131,'2026-03-21 15:08:50','2026-03-21 15:08:50'),
 (2162,46,13,'user:13',132,'2026-03-21 15:08:50','2026-03-21 15:08:50'),
 (2163,46,5,'user:5',131,'2026-03-21 15:08:50','2026-03-21 15:08:50'),
 (2164,46,16,'user:16',131,'2026-03-21 15:08:50','2026-03-21 15:08:50'),
 (2165,46,24,'user:24',131,'2026-03-21 15:08:50','2026-03-21 15:08:50'),
 (2166,46,30,'user:30',131,'2026-03-21 15:08:50','2026-03-21 15:08:50'),
 (2167,46,NULL,'guest:d96ee458-efb3-4e94-a646-caf97a4d0b88',131,'2026-03-21 15:08:50','2026-03-21 15:08:50'),
 (2168,46,NULL,'guest:036ff4ae-2532-44a8-b5d6-a99ce4cb9a0f',131,'2026-03-21 15:08:50','2026-03-21 15:08:50'),
 (2169,46,NULL,'guest:48bf580d-838b-47c7-9212-d306f44350e3',131,'2026-03-21 15:08:50','2026-03-21 15:08:50'),
 (2170,46,NULL,'guest:a82c6980-6a5c-4d42-bcef-0db8974b1019',132,'2026-03-21 15:08:50','2026-03-21 15:08:50'),
 (2171,46,NULL,'guest:e928b50d-27d6-478c-9975-47c4a3c09767',132,'2026-03-21 15:08:50','2026-03-21 15:08:50'),
 (2172,46,NULL,'guest:89ed0bd6-7c57-4ddd-b8a1-e1b5a7a461e4',131,'2026-03-21 15:08:50','2026-03-21 15:08:50');
INSERT INTO `poll_votes` (`id`,`poll_id`,`user_id`,`voter_key`,`option_id`,`created_at`,`updated_at`) VALUES 
 (2173,46,NULL,'guest:c3bba494-5126-4f74-8c67-e6e2ecc5d46e',132,'2026-03-21 15:08:50','2026-03-21 15:08:50'),
 (2174,46,NULL,'guest:4efc6f16-5c3e-4ce7-b40f-16142728d3ef',132,'2026-03-21 15:08:50','2026-03-21 15:08:50'),
 (2175,46,NULL,'guest:3d02615b-7f54-4bb7-b4ea-317a5d99f6d1',131,'2026-03-21 15:08:50','2026-03-21 15:08:50'),
 (2176,46,NULL,'guest:36115257-2c7a-4432-af2b-ccce6e936ca7',132,'2026-03-21 15:08:50','2026-03-21 15:08:50'),
 (2177,46,NULL,'guest:aff19d9d-93f8-42b5-aa36-2f8d108d8c97',132,'2026-03-21 15:08:50','2026-03-21 15:08:50'),
 (2178,46,NULL,'guest:c1fc9abb-c426-4b17-92ac-53713faccd32',131,'2026-03-21 15:08:50','2026-03-21 15:08:50'),
 (2179,46,NULL,'guest:83eeb549-068d-44c6-ba5f-ceb2b335f242',131,'2026-03-21 15:08:50','2026-03-21 15:08:50'),
 (2180,46,NULL,'guest:735d572b-e4a9-424a-a95b-7bfcdeb51802',131,'2026-03-21 15:08:50','2026-03-21 15:08:50'),
 (2181,46,NULL,'guest:1964b8cd-2eb1-4967-8bbd-ca7b5b83dd20',132,'2026-03-21 15:08:50','2026-03-21 15:08:50'),
 (2182,46,NULL,'guest:1d5a0abb-f39b-49db-81a8-7cc63f909f28',132,'2026-03-21 15:08:50','2026-03-21 15:08:50'),
 (2183,46,NULL,'guest:f8a0de2d-8cbc-4bd2-8dbc-660909e6c54d',132,'2026-03-21 15:08:50','2026-03-21 15:08:50'),
 (2184,46,NULL,'guest:68cdaa6e-6c12-4296-8e4b-a4f6ebc60249',131,'2026-03-21 15:08:50','2026-03-21 15:08:50'),
 (2185,46,NULL,'guest:f0cd94bc-8e11-43cc-8321-c57e42ede791',131,'2026-03-21 15:08:50','2026-03-21 15:08:50'),
 (2186,46,NULL,'guest:6c6bccfa-5f14-48bf-965c-0037861732e5',131,'2026-03-21 15:08:50','2026-03-21 15:08:50'),
 (2187,46,NULL,'guest:83c35f12-ed4d-40cb-9c0c-2387655b66f6',132,'2026-03-21 15:08:50','2026-03-21 15:08:50'),
 (2188,46,NULL,'guest:50c776ee-a30a-4802-a43e-b2892514de3b',132,'2026-03-21 15:08:50','2026-03-21 15:08:50'),
 (2189,46,NULL,'guest:c57c7bb4-07aa-4c34-a03c-7b2632ef23b6',131,'2026-03-21 15:08:50','2026-03-21 15:08:50'),
 (2190,46,NULL,'guest:4f1da6bb-e52e-4c86-8121-6c545311585a',131,'2026-03-21 15:08:50','2026-03-21 15:08:50'),
 (2191,46,NULL,'guest:7306be87-fd66-4d00-bc0a-d8cb32d891aa',131,'2026-03-21 15:08:50','2026-03-21 15:08:50'),
 (2192,46,NULL,'guest:e8171133-f0f9-482a-ac66-914d2b05f336',131,'2026-03-21 15:08:50','2026-03-21 15:08:50'),
 (2193,46,NULL,'guest:a307f9cf-8ec5-432d-acd4-639efb82d706',131,'2026-03-21 15:08:50','2026-03-21 15:08:50'),
 (2194,46,NULL,'guest:4c5fc66e-c362-4ea4-b4b0-9c827d8774ef',131,'2026-03-21 15:08:50','2026-03-21 15:08:50'),
 (2195,46,NULL,'guest:2e27e2db-097b-4f66-977c-c7e2fb8645d5',132,'2026-03-21 15:08:50','2026-03-21 15:08:50'),
 (2196,46,NULL,'guest:2e669680-dc3b-4600-9244-af25f7c3a017',131,'2026-03-21 15:08:50','2026-03-21 15:08:50'),
 (2197,46,NULL,'guest:14eec8dc-25c7-4a68-8690-9e9c6b23c2bc',131,'2026-03-21 15:08:50','2026-03-21 15:08:50'),
 (2198,46,NULL,'guest:e99a3a67-0b7a-49df-8580-63920fd9e58f',131,'2026-03-21 15:08:50','2026-03-21 15:08:50'),
 (2199,46,NULL,'guest:2e0dcff2-f8d0-4c06-8b15-a8dd2d194385',132,'2026-03-21 15:08:50','2026-03-21 15:08:50'),
 (2200,46,NULL,'guest:13ebca69-8415-4657-8e66-c356522b54ea',132,'2026-03-21 15:08:50','2026-03-21 15:08:50'),
 (2201,47,30,'user:30',134,'2026-03-21 15:08:50','2026-03-21 15:08:50'),
 (2202,47,8,'user:8',134,'2026-03-21 15:08:50','2026-03-21 15:08:50'),
 (2203,47,16,'user:16',134,'2026-03-21 15:08:50','2026-03-21 15:08:50'),
 (2204,47,5,'user:5',134,'2026-03-21 15:08:50','2026-03-21 15:08:50'),
 (2205,47,21,'user:21',133,'2026-03-21 15:08:50','2026-03-21 15:08:50'),
 (2206,47,4,'user:4',133,'2026-03-21 15:08:50','2026-03-21 15:08:50'),
 (2207,47,24,'user:24',133,'2026-03-21 15:08:50','2026-03-21 15:08:50'),
 (2208,47,13,'user:13',133,'2026-03-21 15:08:50','2026-03-21 15:08:50'),
 (2209,47,27,'user:27',133,'2026-03-21 15:08:50','2026-03-21 15:08:50'),
 (2210,47,23,'user:23',134,'2026-03-21 15:08:50','2026-03-21 15:08:50'),
 (2211,47,2,'user:2',133,'2026-03-21 15:08:50','2026-03-21 15:08:50'),
 (2212,47,18,'user:18',134,'2026-03-21 15:08:50','2026-03-21 15:08:50'),
 (2213,47,9,'user:9',133,'2026-03-21 15:08:50','2026-03-21 15:08:50'),
 (2214,47,6,'user:6',133,'2026-03-21 15:08:50','2026-03-21 15:08:50'),
 (2215,47,NULL,'guest:63bc12ee-b88b-4ec7-8275-af5a50e51cb1',133,'2026-03-21 15:08:50','2026-03-21 15:08:50'),
 (2216,47,NULL,'guest:22757def-47f1-4532-9c92-27cc090f4c5b',133,'2026-03-21 15:08:50','2026-03-21 15:08:50'),
 (2217,47,NULL,'guest:8ed93589-008c-45e9-9581-f297b3d8b487',133,'2026-03-21 15:08:50','2026-03-21 15:08:50'),
 (2218,47,NULL,'guest:0920e47d-c74b-47fc-b460-ab9a84edac25',134,'2026-03-21 15:08:50','2026-03-21 15:08:50'),
 (2219,47,NULL,'guest:377542af-2013-468a-b2e4-01e7336926ed',133,'2026-03-21 15:08:50','2026-03-21 15:08:50'),
 (2220,47,NULL,'guest:1c938f5d-6610-4cc7-bc4f-da60d8318216',134,'2026-03-21 15:08:50','2026-03-21 15:08:50'),
 (2221,47,NULL,'guest:8852ec6c-bd5b-449c-bb22-47c80c2189f1',134,'2026-03-21 15:08:50','2026-03-21 15:08:50'),
 (2222,47,NULL,'guest:92d56c35-457b-4bdf-b178-36ed3aa11bb2',133,'2026-03-21 15:08:50','2026-03-21 15:08:50'),
 (2223,47,NULL,'guest:fe989c0c-85b4-4549-937f-61d04ed5ce40',134,'2026-03-21 15:08:50','2026-03-21 15:08:50'),
 (2224,47,NULL,'guest:d7bdc25c-f162-42a3-9d13-2d70faeb428e',133,'2026-03-21 15:08:50','2026-03-21 15:08:50'),
 (2225,47,NULL,'guest:41399e4d-9e37-4546-b64f-1e3d35f9f2fb',133,'2026-03-21 15:08:50','2026-03-21 15:08:50'),
 (2226,48,9,'user:9',135,'2026-03-21 15:08:50','2026-03-21 15:08:50'),
 (2227,48,32,'user:32',136,'2026-03-21 15:08:50','2026-03-21 15:08:50'),
 (2228,48,23,'user:23',136,'2026-03-21 15:08:50','2026-03-21 15:08:50'),
 (2229,48,17,'user:17',136,'2026-03-21 15:08:50','2026-03-21 15:08:50'),
 (2230,48,19,'user:19',136,'2026-03-21 15:08:50','2026-03-21 15:08:50'),
 (2231,48,15,'user:15',136,'2026-03-21 15:08:50','2026-03-21 15:08:50'),
 (2232,48,27,'user:27',135,'2026-03-21 15:08:50','2026-03-21 15:08:50'),
 (2233,48,26,'user:26',136,'2026-03-21 15:08:50','2026-03-21 15:08:50'),
 (2234,48,5,'user:5',135,'2026-03-21 15:08:50','2026-03-21 15:08:50'),
 (2235,48,13,'user:13',135,'2026-03-21 15:08:50','2026-03-21 15:08:50'),
 (2236,48,31,'user:31',136,'2026-03-21 15:08:50','2026-03-21 15:08:50'),
 (2237,48,21,'user:21',135,'2026-03-21 15:08:50','2026-03-21 15:08:50'),
 (2238,48,8,'user:8',135,'2026-03-21 15:08:50','2026-03-21 15:08:50'),
 (2239,48,18,'user:18',136,'2026-03-21 15:08:50','2026-03-21 15:08:50'),
 (2240,48,22,'user:22',136,'2026-03-21 15:08:50','2026-03-21 15:08:50'),
 (2241,48,16,'user:16',135,'2026-03-21 15:08:50','2026-03-21 15:08:50'),
 (2242,48,10,'user:10',136,'2026-03-21 15:08:50','2026-03-21 15:08:50'),
 (2243,48,28,'user:28',136,'2026-03-21 15:08:50','2026-03-21 15:08:50'),
 (2244,48,24,'user:24',135,'2026-03-21 15:08:50','2026-03-21 15:08:50'),
 (2245,48,4,'user:4',135,'2026-03-21 15:08:50','2026-03-21 15:08:50'),
 (2246,48,29,'user:29',136,'2026-03-21 15:08:50','2026-03-21 15:08:50'),
 (2247,48,3,'user:3',136,'2026-03-21 15:08:50','2026-03-21 15:08:50'),
 (2248,48,12,'user:12',135,'2026-03-21 15:08:50','2026-03-21 15:08:50'),
 (2249,48,7,'user:7',135,'2026-03-21 15:08:50','2026-03-21 15:08:50'),
 (2250,48,NULL,'guest:546b7e8c-e622-420d-a76d-32a1ba71ea3e',135,'2026-03-21 15:08:50','2026-03-21 15:08:50'),
 (2251,48,NULL,'guest:552540e5-5330-4976-a33e-eb21766ed6eb',136,'2026-03-21 15:08:50','2026-03-21 15:08:50'),
 (2252,48,NULL,'guest:072af0f1-a218-441c-a382-1d893b3b34bf',135,'2026-03-21 15:08:50','2026-03-21 15:08:50'),
 (2253,48,NULL,'guest:7486ef43-3ccd-470c-ad62-2ce4de7855f3',135,'2026-03-21 15:08:50','2026-03-21 15:08:50'),
 (2254,48,NULL,'guest:415a2475-7cac-4ec1-9b4c-d1fe0d60aa17',135,'2026-03-21 15:08:50','2026-03-21 15:08:50'),
 (2255,48,NULL,'guest:1205be35-0890-4bc2-b7e0-c8eadc0edc51',136,'2026-03-21 15:08:50','2026-03-21 15:08:50'),
 (2256,48,NULL,'guest:826fdf3b-3d84-47df-9ae4-9d7f616234cd',135,'2026-03-21 15:08:50','2026-03-21 15:08:50'),
 (2257,48,NULL,'guest:974e6f59-b141-4b9e-9ff1-4beb0bf235e4',135,'2026-03-21 15:08:50','2026-03-21 15:08:50'),
 (2258,48,NULL,'guest:4f883203-b389-4ab0-950b-601f22a9b706',136,'2026-03-21 15:08:50','2026-03-21 15:08:50'),
 (2259,48,NULL,'guest:4ef623ac-6fdb-4222-a11f-126e692fb473',136,'2026-03-21 15:08:50','2026-03-21 15:08:50'),
 (2260,48,NULL,'guest:df654aac-4f32-4eed-a65d-f892ea45681f',135,'2026-03-21 15:08:50','2026-03-21 15:08:50'),
 (2261,48,NULL,'guest:374b0001-ac5c-4b27-b76d-f5532a11840b',136,'2026-03-21 15:08:50','2026-03-21 15:08:50'),
 (2262,48,NULL,'guest:5ac838b7-8c05-4d11-85f6-c9230f0cce00',136,'2026-03-21 15:08:50','2026-03-21 15:08:50'),
 (2263,48,NULL,'guest:4f840e30-c2d6-4b22-b7f8-6c64b8bd704b',135,'2026-03-21 15:08:50','2026-03-21 15:08:50'),
 (2264,48,NULL,'guest:6c66d799-c4a3-4ffb-b033-383d356acb9e',136,'2026-03-21 15:08:50','2026-03-21 15:08:50'),
 (2265,48,NULL,'guest:255131db-5d61-4ff1-a90c-3e82eb73b4b0',135,'2026-03-21 15:08:50','2026-03-21 15:08:50'),
 (2266,48,NULL,'guest:cfd6ac7e-2dd3-4cd4-bcc6-e1d6c83d7f01',135,'2026-03-21 15:08:50','2026-03-21 15:08:50'),
 (2267,49,6,'user:6',138,'2026-03-21 15:08:50','2026-03-21 15:08:50'),
 (2268,49,14,'user:14',138,'2026-03-21 15:08:50','2026-03-21 15:08:50'),
 (2269,49,8,'user:8',137,'2026-03-21 15:08:50','2026-03-21 15:08:50'),
 (2270,49,11,'user:11',137,'2026-03-21 15:08:50','2026-03-21 15:08:50'),
 (2271,49,2,'user:2',138,'2026-03-21 15:08:50','2026-03-21 15:08:50'),
 (2272,49,18,'user:18',137,'2026-03-21 15:08:50','2026-03-21 15:08:50'),
 (2273,49,24,'user:24',137,'2026-03-21 15:08:50','2026-03-21 15:08:50'),
 (2274,49,32,'user:32',138,'2026-03-21 15:08:50','2026-03-21 15:08:50'),
 (2275,49,4,'user:4',137,'2026-03-21 15:08:50','2026-03-21 15:08:50'),
 (2276,49,23,'user:23',137,'2026-03-21 15:08:50','2026-03-21 15:08:50'),
 (2277,49,7,'user:7',138,'2026-03-21 15:08:50','2026-03-21 15:08:50'),
 (2278,49,28,'user:28',137,'2026-03-21 15:08:50','2026-03-21 15:08:50'),
 (2279,49,16,'user:16',138,'2026-03-21 15:08:50','2026-03-21 15:08:50'),
 (2280,49,19,'user:19',137,'2026-03-21 15:08:50','2026-03-21 15:08:50'),
 (2281,49,31,'user:31',138,'2026-03-21 15:08:50','2026-03-21 15:08:50'),
 (2282,49,15,'user:15',137,'2026-03-21 15:08:50','2026-03-21 15:08:50'),
 (2283,49,30,'user:30',137,'2026-03-21 15:08:50','2026-03-21 15:08:50'),
 (2284,49,10,'user:10',138,'2026-03-21 15:08:50','2026-03-21 15:08:50'),
 (2285,49,3,'user:3',137,'2026-03-21 15:08:50','2026-03-21 15:08:50'),
 (2286,49,9,'user:9',137,'2026-03-21 15:08:50','2026-03-21 15:08:50'),
 (2287,49,12,'user:12',138,'2026-03-21 15:08:50','2026-03-21 15:08:50'),
 (2288,49,25,'user:25',137,'2026-03-21 15:08:50','2026-03-21 15:08:50'),
 (2289,49,20,'user:20',137,'2026-03-21 15:08:50','2026-03-21 15:08:50'),
 (2290,49,29,'user:29',138,'2026-03-21 15:08:50','2026-03-21 15:08:50'),
 (2291,49,1,'user:1',137,'2026-03-21 15:08:50','2026-03-21 15:08:50'),
 (2292,49,21,'user:21',138,'2026-03-21 15:08:50','2026-03-21 15:08:50'),
 (2293,49,5,'user:5',137,'2026-03-21 15:08:50','2026-03-21 15:08:50'),
 (2294,49,27,'user:27',137,'2026-03-21 15:08:50','2026-03-21 15:08:50'),
 (2295,49,13,'user:13',138,'2026-03-21 15:08:50','2026-03-21 15:08:50'),
 (2296,49,22,'user:22',138,'2026-03-21 15:08:50','2026-03-21 15:08:50'),
 (2297,49,17,'user:17',138,'2026-03-21 15:08:50','2026-03-21 15:08:50'),
 (2298,49,26,'user:26',138,'2026-03-21 15:08:50','2026-03-21 15:08:50'),
 (2299,49,NULL,'guest:054a58f2-fdae-4dd0-b934-172b7259e8a1',138,'2026-03-21 15:08:50','2026-03-21 15:08:50'),
 (2300,49,NULL,'guest:b5afff68-4ce6-4d40-ab61-461f796b7be5',137,'2026-03-21 15:08:50','2026-03-21 15:08:50'),
 (2301,49,NULL,'guest:7a7d9afb-79ae-4666-a8c0-9cc7204a02e2',137,'2026-03-21 15:08:50','2026-03-21 15:08:50'),
 (2302,49,NULL,'guest:420d22cb-cf5e-45af-91c3-ead00425f927',138,'2026-03-21 15:08:50','2026-03-21 15:08:50'),
 (2303,49,NULL,'guest:825bc32e-3d6e-457f-a7c8-fe5b592404f2',138,'2026-03-21 15:08:50','2026-03-21 15:08:50'),
 (2304,49,NULL,'guest:3074ede4-37e2-420a-8278-ac7be540d351',138,'2026-03-21 15:08:50','2026-03-21 15:08:50'),
 (2305,49,NULL,'guest:806f70c9-1478-4fb0-9b41-66720d4559b5',138,'2026-03-21 15:08:50','2026-03-21 15:08:50'),
 (2306,49,NULL,'guest:9973b0dc-08eb-4145-9207-d6570fd6f61f',137,'2026-03-21 15:08:50','2026-03-21 15:08:50'),
 (2307,49,NULL,'guest:d35838cf-1a24-4be0-bbe9-458baa76705c',137,'2026-03-21 15:08:50','2026-03-21 15:08:50'),
 (2308,49,NULL,'guest:aaf73cdf-aa2c-4442-aaf3-57904ebb5a33',137,'2026-03-21 15:08:50','2026-03-21 15:08:50'),
 (2309,49,NULL,'guest:05be1445-95d1-4ff8-8820-d86df2404a72',137,'2026-03-21 15:08:50','2026-03-21 15:08:50'),
 (2310,49,NULL,'guest:f2934fe3-e81b-4afb-81c5-830973aa441f',137,'2026-03-21 15:08:50','2026-03-21 15:08:50'),
 (2311,50,29,'user:29',140,'2026-03-21 15:08:50','2026-03-21 15:08:50'),
 (2312,50,13,'user:13',140,'2026-03-21 15:08:50','2026-03-21 15:08:50'),
 (2313,50,28,'user:28',140,'2026-03-21 15:08:50','2026-03-21 15:08:50'),
 (2314,50,24,'user:24',141,'2026-03-21 15:08:50','2026-03-21 15:08:50'),
 (2315,50,10,'user:10',140,'2026-03-21 15:08:50','2026-03-21 15:08:50'),
 (2316,50,22,'user:22',141,'2026-03-21 15:08:50','2026-03-21 15:08:50'),
 (2317,50,3,'user:3',140,'2026-03-21 15:08:50','2026-03-21 15:08:50'),
 (2318,50,2,'user:2',141,'2026-03-21 15:08:50','2026-03-21 15:08:50'),
 (2319,50,17,'user:17',141,'2026-03-21 15:08:50','2026-03-21 15:08:50'),
 (2320,50,4,'user:4',140,'2026-03-21 15:08:50','2026-03-21 15:08:50'),
 (2321,50,12,'user:12',140,'2026-03-21 15:08:50','2026-03-21 15:08:50'),
 (2322,50,16,'user:16',141,'2026-03-21 15:08:50','2026-03-21 15:08:50'),
 (2323,50,18,'user:18',141,'2026-03-21 15:08:50','2026-03-21 15:08:50'),
 (2324,50,25,'user:25',141,'2026-03-21 15:08:50','2026-03-21 15:08:50'),
 (2325,50,19,'user:19',139,'2026-03-21 15:08:50','2026-03-21 15:08:50'),
 (2326,50,31,'user:31',139,'2026-03-21 15:08:50','2026-03-21 15:08:50'),
 (2327,50,14,'user:14',141,'2026-03-21 15:08:50','2026-03-21 15:08:50'),
 (2328,50,11,'user:11',139,'2026-03-21 15:08:50','2026-03-21 15:08:50'),
 (2329,50,6,'user:6',140,'2026-03-21 15:08:50','2026-03-21 15:08:50'),
 (2330,50,27,'user:27',139,'2026-03-21 15:08:50','2026-03-21 15:08:50'),
 (2331,50,8,'user:8',139,'2026-03-21 15:08:50','2026-03-21 15:08:50'),
 (2332,50,30,'user:30',141,'2026-03-21 15:08:50','2026-03-21 15:08:50'),
 (2333,50,21,'user:21',141,'2026-03-21 15:08:50','2026-03-21 15:08:50'),
 (2334,50,20,'user:20',140,'2026-03-21 15:08:50','2026-03-21 15:08:50'),
 (2335,50,23,'user:23',139,'2026-03-21 15:08:50','2026-03-21 15:08:50'),
 (2336,50,15,'user:15',141,'2026-03-21 15:08:50','2026-03-21 15:08:50'),
 (2337,50,5,'user:5',140,'2026-03-21 15:08:50','2026-03-21 15:08:50'),
 (2338,50,32,'user:32',140,'2026-03-21 15:08:50','2026-03-21 15:08:50'),
 (2339,50,7,'user:7',140,'2026-03-21 15:08:50','2026-03-21 15:08:50'),
 (2340,50,9,'user:9',141,'2026-03-21 15:08:50','2026-03-21 15:08:50'),
 (2341,50,1,'user:1',140,'2026-03-21 15:08:50','2026-03-21 15:08:50'),
 (2342,50,26,'user:26',139,'2026-03-21 15:08:51','2026-03-21 15:08:51'),
 (2343,50,NULL,'guest:8f944e89-ab0d-4bef-a2e4-446e940d1b27',141,'2026-03-21 15:08:51','2026-03-21 15:08:51'),
 (2344,50,NULL,'guest:9499c016-940e-495d-84e3-89695f91635d',140,'2026-03-21 15:08:51','2026-03-21 15:08:51'),
 (2345,50,NULL,'guest:e2528fd9-3483-413b-a018-45540745c92b',139,'2026-03-21 15:08:51','2026-03-21 15:08:51'),
 (2346,50,NULL,'guest:3018b2d6-8bda-4652-ad29-a38babfc5aef',139,'2026-03-21 15:08:51','2026-03-21 15:08:51'),
 (2347,50,NULL,'guest:179e1245-fda3-4485-820d-2790848b58d1',139,'2026-03-21 15:08:51','2026-03-21 15:08:51'),
 (2348,50,NULL,'guest:5ed72d8b-300d-4377-a1b0-d1adb9cd2f90',140,'2026-03-21 15:08:51','2026-03-21 15:08:51'),
 (2349,50,NULL,'guest:85618e19-e3c6-40fa-b4d4-56dbb8a39a98',141,'2026-03-21 15:08:51','2026-03-21 15:08:51'),
 (2350,50,NULL,'guest:d7a749c3-5b64-4a9b-b18e-f1600d16ee8d',140,'2026-03-21 15:08:51','2026-03-21 15:08:51'),
 (2351,50,NULL,'guest:c7cf14bb-e7e6-40eb-b4ed-c6c3472e271b',141,'2026-03-21 15:08:51','2026-03-21 15:08:51'),
 (2352,50,NULL,'guest:0ad69849-4f11-4430-9b1d-e29767acaf68',140,'2026-03-21 15:08:51','2026-03-21 15:08:51'),
 (2353,50,NULL,'guest:ac4bcd7c-14f0-43e8-900b-bdff95ecf85c',140,'2026-03-21 15:08:51','2026-03-21 15:08:51'),
 (2354,50,NULL,'guest:6e2e81a1-60dc-41ac-8533-2cebd226cb28',140,'2026-03-21 15:08:51','2026-03-21 15:08:51'),
 (2355,50,NULL,'guest:a81c2db6-4d4c-4471-b70a-34f9b976e6a0',141,'2026-03-21 15:08:51','2026-03-21 15:08:51'),
 (2356,50,NULL,'guest:164a69fe-a1ba-4a3c-a529-2704e58128c0',141,'2026-03-21 15:08:51','2026-03-21 15:08:51'),
 (2357,50,NULL,'guest:f172386e-f54e-42b6-b3e3-8df84c27e3e0',140,'2026-03-21 15:08:51','2026-03-21 15:08:51'),
 (2358,50,NULL,'guest:b6c5c2b6-235f-42c0-b528-e2d2b17885a3',140,'2026-03-21 15:08:51','2026-03-21 15:08:51'),
 (2359,50,NULL,'guest:eb929abf-6065-43ee-8ada-d55f919f6843',139,'2026-03-21 15:08:51','2026-03-21 15:08:51'),
 (2360,50,NULL,'guest:85cbc8c2-61aa-4cf7-b138-a37b38cf7deb',141,'2026-03-21 15:08:51','2026-03-21 15:08:51'),
 (2361,50,NULL,'guest:ac6ba725-c44e-45bc-8c4b-7ed5561ec5c5',140,'2026-03-21 15:08:51','2026-03-21 15:08:51'),
 (2362,50,NULL,'guest:eafa7bfa-223a-48d8-a5b4-552d58e69e42',141,'2026-03-21 15:08:51','2026-03-21 15:08:51'),
 (2363,50,NULL,'guest:b13d9235-8b1f-43c8-8842-3ef1bc5fe772',139,'2026-03-21 15:08:51','2026-03-21 15:08:51'),
 (2364,50,NULL,'guest:3b4af4d4-54e1-46a2-98b6-195ab9fe058d',140,'2026-03-21 15:08:51','2026-03-21 15:08:51'),
 (2365,50,NULL,'guest:3865924b-017f-4754-b52e-79c624fcd882',139,'2026-03-21 15:08:51','2026-03-21 15:08:51'),
 (2366,50,NULL,'guest:b2022f2d-944b-4d91-bf2a-9f2bd50b4be3',139,'2026-03-21 15:08:51','2026-03-21 15:08:51'),
 (2367,50,NULL,'guest:0c34cadb-7c7c-4944-ac21-b0f6be7d4035',139,'2026-03-21 15:08:51','2026-03-21 15:08:51'),
 (2368,50,NULL,'guest:d4e745c4-e2aa-4263-89a0-f05654a94d73',141,'2026-03-21 15:08:51','2026-03-21 15:08:51'),
 (2369,50,NULL,'guest:75554574-9a9b-4830-936c-a169eef35c44',139,'2026-03-21 15:08:51','2026-03-21 15:08:51'),
 (2370,50,NULL,'guest:3720d614-c226-4585-b6eb-96003aa3bf5c',139,'2026-03-21 15:08:51','2026-03-21 15:08:51'),
 (2371,50,NULL,'guest:70ec486d-0537-4fb2-b71a-c7ce28f3c413',140,'2026-03-21 15:08:51','2026-03-21 15:08:51'),
 (2372,50,NULL,'guest:16faad50-f02b-4e2d-816f-910eb18c642b',140,'2026-03-21 15:08:51','2026-03-21 15:08:51'),
 (2373,50,NULL,'guest:b45de9be-5af9-4200-954f-90f76d83b508',140,'2026-03-21 15:08:51','2026-03-21 15:08:51'),
 (2374,50,NULL,'guest:1392b1bd-b850-495b-90cf-5f5442c959e0',141,'2026-03-21 15:08:51','2026-03-21 15:08:51'),
 (2375,50,NULL,'guest:9243b4f3-0b9b-4be4-94ff-022cee9a96c7',141,'2026-03-21 15:08:51','2026-03-21 15:08:51'),
 (2376,51,2,'user:2',143,'2026-03-21 15:08:51','2026-03-21 15:08:51'),
 (2377,51,18,'user:18',143,'2026-03-21 15:08:51','2026-03-21 15:08:51'),
 (2378,51,1,'user:1',143,'2026-03-21 15:08:51','2026-03-21 15:08:51'),
 (2379,51,8,'user:8',144,'2026-03-21 15:08:51','2026-03-21 15:08:51'),
 (2380,51,14,'user:14',142,'2026-03-21 15:08:51','2026-03-21 15:08:51'),
 (2381,51,24,'user:24',143,'2026-03-21 15:08:51','2026-03-21 15:08:51'),
 (2382,51,5,'user:5',142,'2026-03-21 15:08:51','2026-03-21 15:08:51'),
 (2383,51,3,'user:3',143,'2026-03-21 15:08:51','2026-03-21 15:08:51'),
 (2384,51,20,'user:20',144,'2026-03-21 15:08:51','2026-03-21 15:08:51'),
 (2385,51,29,'user:29',144,'2026-03-21 15:08:51','2026-03-21 15:08:51'),
 (2386,51,28,'user:28',143,'2026-03-21 15:08:51','2026-03-21 15:08:51'),
 (2387,51,12,'user:12',143,'2026-03-21 15:08:51','2026-03-21 15:08:51'),
 (2388,51,11,'user:11',143,'2026-03-21 15:08:51','2026-03-21 15:08:51'),
 (2389,51,25,'user:25',142,'2026-03-21 15:08:51','2026-03-21 15:08:51'),
 (2390,51,19,'user:19',143,'2026-03-21 15:08:51','2026-03-21 15:08:51'),
 (2391,51,13,'user:13',142,'2026-03-21 15:08:51','2026-03-21 15:08:51'),
 (2392,51,26,'user:26',142,'2026-03-21 15:08:51','2026-03-21 15:08:51'),
 (2393,51,9,'user:9',142,'2026-03-21 15:08:51','2026-03-21 15:08:51'),
 (2394,51,NULL,'guest:1c951849-5506-4c3b-95a1-5e1ea12c8da1',143,'2026-03-21 15:08:51','2026-03-21 15:08:51'),
 (2395,51,NULL,'guest:d93af89a-add4-4702-9287-1a1e16d5fd4a',143,'2026-03-21 15:08:51','2026-03-21 15:08:51'),
 (2396,51,NULL,'guest:5ea77abc-bd2b-4b58-a8e0-8be701135c89',142,'2026-03-21 15:08:51','2026-03-21 15:08:51'),
 (2397,51,NULL,'guest:285e8238-d90b-4446-ac9d-b4a7ef0e3157',144,'2026-03-21 15:08:51','2026-03-21 15:08:51'),
 (2398,51,NULL,'guest:b7a676ea-d759-470e-997b-f9e055a5af6e',142,'2026-03-21 15:08:51','2026-03-21 15:08:51'),
 (2399,51,NULL,'guest:69a76e5a-8415-4bc9-8735-e3881daf8679',143,'2026-03-21 15:08:51','2026-03-21 15:08:51'),
 (2400,51,NULL,'guest:40f5806f-ebed-4999-8740-29f2ae30702e',143,'2026-03-21 15:08:51','2026-03-21 15:08:51'),
 (2401,51,NULL,'guest:dfbd5099-87c1-4503-a5ec-1a1d759e67c8',143,'2026-03-21 15:08:51','2026-03-21 15:08:51'),
 (2402,51,NULL,'guest:70883f35-1c06-4f5e-ab93-61ae14627895',144,'2026-03-21 15:08:51','2026-03-21 15:08:51'),
 (2403,51,NULL,'guest:a2723de6-5242-4665-ac93-e3c7ed66e2fe',142,'2026-03-21 15:08:51','2026-03-21 15:08:51'),
 (2404,51,NULL,'guest:3522ea6a-9cb3-4f7a-a3d6-b289ab541db7',144,'2026-03-21 15:08:51','2026-03-21 15:08:51'),
 (2405,51,NULL,'guest:fd8e137f-d9ad-4a9c-ad97-66afff728dc1',143,'2026-03-21 15:08:51','2026-03-21 15:08:51'),
 (2406,51,NULL,'guest:36576a1a-9c77-4acb-a429-89c9467417fd',144,'2026-03-21 15:08:51','2026-03-21 15:08:51'),
 (2407,51,NULL,'guest:5456887f-7f0c-4425-8b24-6085fca6bbb1',142,'2026-03-21 15:08:51','2026-03-21 15:08:51'),
 (2408,51,NULL,'guest:a1f8517a-5a13-427e-8f6e-ab3dcc17412b',142,'2026-03-21 15:08:51','2026-03-21 15:08:51'),
 (2409,51,NULL,'guest:0ec9e820-c7b5-4c2c-b6d8-f382280b4c44',144,'2026-03-21 15:08:51','2026-03-21 15:08:51'),
 (2410,51,NULL,'guest:86a22283-e89f-46bb-8ad1-189cf428df15',144,'2026-03-21 15:08:51','2026-03-21 15:08:51'),
 (2411,51,NULL,'guest:8dfc63b4-db50-4d8c-b297-f673564c5bef',144,'2026-03-21 15:08:51','2026-03-21 15:08:51'),
 (2412,51,NULL,'guest:552ad75a-963a-48ab-bdf2-710628fb7c45',143,'2026-03-21 15:08:51','2026-03-21 15:08:51'),
 (2413,51,NULL,'guest:7a9a66c1-6261-4ae1-a7ad-0b739d7dc797',143,'2026-03-21 15:08:51','2026-03-21 15:08:51'),
 (2414,51,NULL,'guest:c100c08c-68aa-4c90-8251-ab7faa360118',143,'2026-03-21 15:08:51','2026-03-21 15:08:51'),
 (2415,51,NULL,'guest:4853f323-f8f4-4487-ad4a-c3f2e353587f',142,'2026-03-21 15:08:51','2026-03-21 15:08:51'),
 (2416,52,22,'user:22',145,'2026-03-21 15:08:51','2026-03-21 15:08:51'),
 (2417,52,6,'user:6',146,'2026-03-21 15:08:51','2026-03-21 15:08:51'),
 (2418,52,12,'user:12',145,'2026-03-21 15:08:51','2026-03-21 15:08:51'),
 (2419,52,28,'user:28',145,'2026-03-21 15:08:51','2026-03-21 15:08:51'),
 (2420,52,15,'user:15',146,'2026-03-21 15:08:51','2026-03-21 15:08:51'),
 (2421,52,25,'user:25',146,'2026-03-21 15:08:51','2026-03-21 15:08:51'),
 (2422,52,11,'user:11',146,'2026-03-21 15:08:51','2026-03-21 15:08:51'),
 (2423,52,13,'user:13',145,'2026-03-21 15:08:51','2026-03-21 15:08:51'),
 (2424,52,31,'user:31',145,'2026-03-21 15:08:51','2026-03-21 15:08:51'),
 (2425,52,27,'user:27',145,'2026-03-21 15:08:51','2026-03-21 15:08:51'),
 (2426,52,7,'user:7',146,'2026-03-21 15:08:51','2026-03-21 15:08:51'),
 (2427,52,17,'user:17',146,'2026-03-21 15:08:51','2026-03-21 15:08:51'),
 (2428,52,3,'user:3',146,'2026-03-21 15:08:51','2026-03-21 15:08:51'),
 (2429,52,23,'user:23',146,'2026-03-21 15:08:51','2026-03-21 15:08:51'),
 (2430,52,30,'user:30',145,'2026-03-21 15:08:51','2026-03-21 15:08:51'),
 (2431,52,10,'user:10',145,'2026-03-21 15:08:51','2026-03-21 15:08:51'),
 (2432,52,21,'user:21',145,'2026-03-21 15:08:51','2026-03-21 15:08:51'),
 (2433,52,5,'user:5',145,'2026-03-21 15:08:51','2026-03-21 15:08:51'),
 (2434,52,32,'user:32',145,'2026-03-21 15:08:51','2026-03-21 15:08:51'),
 (2435,52,19,'user:19',145,'2026-03-21 15:08:51','2026-03-21 15:08:51'),
 (2436,52,24,'user:24',145,'2026-03-21 15:08:51','2026-03-21 15:08:51'),
 (2437,52,2,'user:2',145,'2026-03-21 15:08:51','2026-03-21 15:08:51'),
 (2438,52,18,'user:18',145,'2026-03-21 15:08:51','2026-03-21 15:08:51'),
 (2439,52,16,'user:16',145,'2026-03-21 15:08:51','2026-03-21 15:08:51'),
 (2440,52,26,'user:26',145,'2026-03-21 15:08:51','2026-03-21 15:08:51'),
 (2441,52,1,'user:1',145,'2026-03-21 15:08:51','2026-03-21 15:08:51'),
 (2442,52,14,'user:14',145,'2026-03-21 15:08:51','2026-03-21 15:08:51'),
 (2443,52,NULL,'guest:45b5752c-832c-4f88-be65-815cba9bb26f',146,'2026-03-21 15:08:51','2026-03-21 15:08:51'),
 (2444,52,NULL,'guest:d253f371-9b6f-42f5-b9b7-928771757496',145,'2026-03-21 15:08:51','2026-03-21 15:08:51'),
 (2445,52,NULL,'guest:24c09754-ff7f-47eb-bb0e-7a37a752c3f8',145,'2026-03-21 15:08:51','2026-03-21 15:08:51'),
 (2446,52,NULL,'guest:0b15a494-4cf7-4ad0-999c-e6d6aefcaefb',145,'2026-03-21 15:08:51','2026-03-21 15:08:51'),
 (2447,52,NULL,'guest:900611f7-b626-4976-879c-5c91938dacf6',146,'2026-03-21 15:08:51','2026-03-21 15:08:51'),
 (2448,52,NULL,'guest:6fef6515-57ca-499c-b4d2-1b9a060f199a',145,'2026-03-21 15:08:51','2026-03-21 15:08:51'),
 (2449,53,28,'user:28',148,'2026-03-21 15:08:51','2026-03-21 15:08:51'),
 (2450,53,16,'user:16',148,'2026-03-21 15:08:51','2026-03-21 15:08:51'),
 (2451,53,8,'user:8',147,'2026-03-21 15:08:51','2026-03-21 15:08:51'),
 (2452,53,7,'user:7',147,'2026-03-21 15:08:51','2026-03-21 15:08:51'),
 (2453,53,1,'user:1',148,'2026-03-21 15:08:51','2026-03-21 15:08:51'),
 (2454,53,5,'user:5',148,'2026-03-21 15:08:51','2026-03-21 15:08:51'),
 (2455,53,31,'user:31',148,'2026-03-21 15:08:51','2026-03-21 15:08:51'),
 (2456,53,17,'user:17',148,'2026-03-21 15:08:51','2026-03-21 15:08:51'),
 (2457,53,9,'user:9',147,'2026-03-21 15:08:51','2026-03-21 15:08:51'),
 (2458,53,19,'user:19',148,'2026-03-21 15:08:51','2026-03-21 15:08:51'),
 (2459,53,11,'user:11',148,'2026-03-21 15:08:51','2026-03-21 15:08:51'),
 (2460,53,23,'user:23',148,'2026-03-21 15:08:51','2026-03-21 15:08:51'),
 (2461,53,14,'user:14',147,'2026-03-21 15:08:51','2026-03-21 15:08:51'),
 (2462,53,NULL,'guest:002cef5b-baa9-49aa-a912-3bdec8a48fb3',148,'2026-03-21 15:08:51','2026-03-21 15:08:51'),
 (2463,53,NULL,'guest:79be3721-6a7f-4c71-aef0-e2a4c946224d',147,'2026-03-21 15:08:51','2026-03-21 15:08:51'),
 (2464,53,NULL,'guest:64dd7bd8-5ff3-4010-b947-c894c260ed26',147,'2026-03-21 15:08:51','2026-03-21 15:08:51'),
 (2465,53,NULL,'guest:96c01487-0170-44c9-a014-53b4406cbcb5',148,'2026-03-21 15:08:51','2026-03-21 15:08:51'),
 (2466,53,NULL,'guest:8a5e5744-324f-469c-8b0c-ff98525a721f',147,'2026-03-21 15:08:51','2026-03-21 15:08:51'),
 (2467,53,NULL,'guest:4a08b3ea-a593-4529-909e-6dc4f44a537d',147,'2026-03-21 15:08:51','2026-03-21 15:08:51'),
 (2468,53,NULL,'guest:7e5d576f-0a0b-4e10-acb9-b97aeb629b36',147,'2026-03-21 15:08:51','2026-03-21 15:08:51'),
 (2469,53,NULL,'guest:fb64c1e5-0945-4945-b340-2153335e932a',148,'2026-03-21 15:08:51','2026-03-21 15:08:51'),
 (2470,53,NULL,'guest:77f6a303-98f0-433d-82d1-49e8d5a8d7b9',148,'2026-03-21 15:08:51','2026-03-21 15:08:51'),
 (2471,53,NULL,'guest:4698ee0f-67f3-4e78-bb5c-c2f9b8e04f14',148,'2026-03-21 15:08:51','2026-03-21 15:08:51'),
 (2472,53,NULL,'guest:360b484d-9f1d-41fc-84b7-0b3e2ba6ac56',147,'2026-03-21 15:08:51','2026-03-21 15:08:51'),
 (2473,53,NULL,'guest:88c6e4e5-09ad-4018-8b44-1d46fe2035ef',147,'2026-03-21 15:08:51','2026-03-21 15:08:51'),
 (2474,53,NULL,'guest:c942c100-fa05-4800-bcf9-1014f897ea1d',148,'2026-03-21 15:08:51','2026-03-21 15:08:51'),
 (2475,53,NULL,'guest:6365cf67-87c8-4748-8224-90d3951641cf',147,'2026-03-21 15:08:51','2026-03-21 15:08:51'),
 (2476,53,NULL,'guest:c1e1f18e-8ee9-47b3-b428-7f46378f05db',147,'2026-03-21 15:08:51','2026-03-21 15:08:51'),
 (2477,54,26,'user:26',149,'2026-03-21 15:08:51','2026-03-21 15:08:51'),
 (2478,54,9,'user:9',152,'2026-03-21 15:08:51','2026-03-21 15:08:51'),
 (2479,54,12,'user:12',149,'2026-03-21 15:08:51','2026-03-21 15:08:51'),
 (2480,54,22,'user:22',151,'2026-03-21 15:08:51','2026-03-21 15:08:51'),
 (2481,54,6,'user:6',152,'2026-03-21 15:08:51','2026-03-21 15:08:51'),
 (2482,54,10,'user:10',149,'2026-03-21 15:08:51','2026-03-21 15:08:51'),
 (2483,54,5,'user:5',152,'2026-03-21 15:08:51','2026-03-21 15:08:51'),
 (2484,54,25,'user:25',151,'2026-03-21 15:08:51','2026-03-21 15:08:51'),
 (2485,54,8,'user:8',152,'2026-03-21 15:08:51','2026-03-21 15:08:51'),
 (2486,54,7,'user:7',150,'2026-03-21 15:08:51','2026-03-21 15:08:51'),
 (2487,54,13,'user:13',149,'2026-03-21 15:08:51','2026-03-21 15:08:51'),
 (2488,54,2,'user:2',152,'2026-03-21 15:08:51','2026-03-21 15:08:51'),
 (2489,54,3,'user:3',150,'2026-03-21 15:08:51','2026-03-21 15:08:51'),
 (2490,54,27,'user:27',149,'2026-03-21 15:08:51','2026-03-21 15:08:51'),
 (2491,54,1,'user:1',151,'2026-03-21 15:08:51','2026-03-21 15:08:51'),
 (2492,54,23,'user:23',150,'2026-03-21 15:08:51','2026-03-21 15:08:51'),
 (2493,54,4,'user:4',151,'2026-03-21 15:08:51','2026-03-21 15:08:51'),
 (2494,54,29,'user:29',149,'2026-03-21 15:08:51','2026-03-21 15:08:51'),
 (2495,54,30,'user:30',152,'2026-03-21 15:08:51','2026-03-21 15:08:51'),
 (2496,54,15,'user:15',152,'2026-03-21 15:08:51','2026-03-21 15:08:51'),
 (2497,54,24,'user:24',152,'2026-03-21 15:08:51','2026-03-21 15:08:51'),
 (2498,54,32,'user:32',150,'2026-03-21 15:08:51','2026-03-21 15:08:51'),
 (2499,54,19,'user:19',149,'2026-03-21 15:08:51','2026-03-21 15:08:51'),
 (2500,54,18,'user:18',149,'2026-03-21 15:08:51','2026-03-21 15:08:51'),
 (2501,54,16,'user:16',150,'2026-03-21 15:08:51','2026-03-21 15:08:51'),
 (2502,54,20,'user:20',151,'2026-03-21 15:08:51','2026-03-21 15:08:51'),
 (2503,54,11,'user:11',151,'2026-03-21 15:08:51','2026-03-21 15:08:51'),
 (2504,54,31,'user:31',151,'2026-03-21 15:08:51','2026-03-21 15:08:51'),
 (2505,54,NULL,'guest:3ea35c84-2563-4f25-8bf0-ecd0e912085c',149,'2026-03-21 15:08:51','2026-03-21 15:08:51'),
 (2506,54,NULL,'guest:62984f02-5371-4a49-ab02-7e5ce3e614c5',150,'2026-03-21 15:08:51','2026-03-21 15:08:51'),
 (2507,54,NULL,'guest:f4ce0044-b615-4426-a2a2-ab240713762d',152,'2026-03-21 15:08:51','2026-03-21 15:08:51'),
 (2508,54,NULL,'guest:ea87d36e-0961-450f-a2f0-7e38c5b0aa0c',151,'2026-03-21 15:08:51','2026-03-21 15:08:51'),
 (2509,54,NULL,'guest:9f0f26d6-a46b-443a-8ca4-d4cbc47fd997',150,'2026-03-21 15:08:51','2026-03-21 15:08:51'),
 (2510,54,NULL,'guest:bc8f458b-959a-4ee3-aa9a-f2389b51c211',152,'2026-03-21 15:08:51','2026-03-21 15:08:51'),
 (2511,54,NULL,'guest:ce782752-eb52-4bd2-a4b7-04f97dcda4b3',149,'2026-03-21 15:08:51','2026-03-21 15:08:51'),
 (2512,54,NULL,'guest:4a01c537-6922-4247-b679-9f174800a009',151,'2026-03-21 15:08:51','2026-03-21 15:08:51'),
 (2513,54,NULL,'guest:a2e82a53-dab8-4ce3-81da-7406201c5282',149,'2026-03-21 15:08:51','2026-03-21 15:08:51'),
 (2514,54,NULL,'guest:d74e4745-090d-4ca2-9c08-6a7339b2690e',151,'2026-03-21 15:08:51','2026-03-21 15:08:51'),
 (2515,54,NULL,'guest:54e5a5dd-1918-47d3-8515-644312df9135',150,'2026-03-21 15:08:51','2026-03-21 15:08:51'),
 (2516,54,NULL,'guest:0fbcc20a-eebe-4fff-b4ba-d79400a28ee7',149,'2026-03-21 15:08:51','2026-03-21 15:08:51'),
 (2517,54,NULL,'guest:f6c566ea-4f17-4cb5-b907-cdff7bd50e9d',150,'2026-03-21 15:08:51','2026-03-21 15:08:51'),
 (2518,54,NULL,'guest:bbd10f70-288a-4d34-9e44-0d5d8e739099',152,'2026-03-21 15:08:51','2026-03-21 15:08:51'),
 (2519,54,NULL,'guest:aefa3c28-0db8-4bf7-84cf-4f14c0ba47e6',152,'2026-03-21 15:08:51','2026-03-21 15:08:51'),
 (2520,54,NULL,'guest:83bf903c-f9a0-4851-a2d8-d55e7c8e8a8b',151,'2026-03-21 15:08:51','2026-03-21 15:08:51'),
 (2521,54,NULL,'guest:5e32dd0c-5587-4cbd-8de6-c6f7bc64cf9e',151,'2026-03-21 15:08:51','2026-03-21 15:08:51'),
 (2522,54,NULL,'guest:7626db2c-ada0-4f0f-bac7-9fc705816e48',151,'2026-03-21 15:08:51','2026-03-21 15:08:51'),
 (2523,54,NULL,'guest:d1f43e2a-565c-4386-af4a-0cc5784298ef',149,'2026-03-21 15:08:51','2026-03-21 15:08:51'),
 (2524,54,NULL,'guest:431a63b0-193b-4e4c-bf6a-c3b05e35aab7',149,'2026-03-21 15:08:51','2026-03-21 15:08:51'),
 (2525,54,NULL,'guest:78d33314-2f2c-4c75-a992-3e44a51cbad1',151,'2026-03-21 15:08:51','2026-03-21 15:08:51'),
 (2526,54,NULL,'guest:3c3c610d-0e8b-475e-bddb-45a06d018e69',149,'2026-03-21 15:08:51','2026-03-21 15:08:51'),
 (2527,54,NULL,'guest:1e40a85f-5fe9-4aa3-b141-90046b35aea9',152,'2026-03-21 15:08:51','2026-03-21 15:08:51'),
 (2528,54,NULL,'guest:97d9864e-6f8a-4d90-ab78-a7fff89704ae',151,'2026-03-21 15:08:51','2026-03-21 15:08:51'),
 (2529,54,NULL,'guest:9ad0d473-b1ac-46cc-89df-7c8e30129147',149,'2026-03-21 15:08:51','2026-03-21 15:08:51'),
 (2530,54,NULL,'guest:d21a5f62-133d-469d-8c91-67eb65210206',150,'2026-03-21 15:08:51','2026-03-21 15:08:51'),
 (2531,54,NULL,'guest:b82f7b5c-5f62-466c-8f9e-421a06db2ca4',149,'2026-03-21 15:08:51','2026-03-21 15:08:51'),
 (2532,54,NULL,'guest:59654c8f-4b5f-40bd-afb5-5b2eec8cf4cb',149,'2026-03-21 15:08:51','2026-03-21 15:08:51'),
 (2533,54,NULL,'guest:5c06dfe4-90df-4983-9126-a19f5e9bc8fc',150,'2026-03-21 15:08:51','2026-03-21 15:08:51'),
 (2534,54,NULL,'guest:3acf137a-ed5c-4ab5-8a1b-ab8fe224c225',151,'2026-03-21 15:08:51','2026-03-21 15:08:51'),
 (2535,54,NULL,'guest:6a9bf8f1-1f29-4967-a11c-e0952efb3ab4',152,'2026-03-21 15:08:51','2026-03-21 15:08:51'),
 (2536,54,NULL,'guest:f1700955-7a8a-47cb-8775-e54dbc44faee',151,'2026-03-21 15:08:51','2026-03-21 15:08:51'),
 (2537,54,NULL,'guest:719db1a2-f290-4283-8d66-ee80d9378a2e',149,'2026-03-21 15:08:51','2026-03-21 15:08:51'),
 (2538,54,NULL,'guest:38956795-f66b-403a-a965-a44e05dfa6c6',149,'2026-03-21 15:08:51','2026-03-21 15:08:51'),
 (2539,55,17,'user:17',154,'2026-03-21 15:08:51','2026-03-21 15:08:51'),
 (2540,55,2,'user:2',153,'2026-03-21 15:08:51','2026-03-21 15:08:51'),
 (2541,55,9,'user:9',153,'2026-03-21 15:08:51','2026-03-21 15:08:51'),
 (2542,55,21,'user:21',154,'2026-03-21 15:08:51','2026-03-21 15:08:51'),
 (2543,55,29,'user:29',153,'2026-03-21 15:08:51','2026-03-21 15:08:51'),
 (2544,55,18,'user:18',154,'2026-03-21 15:08:51','2026-03-21 15:08:51'),
 (2545,55,1,'user:1',154,'2026-03-21 15:08:51','2026-03-21 15:08:51'),
 (2546,55,19,'user:19',154,'2026-03-21 15:08:51','2026-03-21 15:08:51'),
 (2547,55,31,'user:31',153,'2026-03-21 15:08:51','2026-03-21 15:08:51'),
 (2548,55,25,'user:25',154,'2026-03-21 15:08:51','2026-03-21 15:08:51'),
 (2549,55,6,'user:6',153,'2026-03-21 15:08:51','2026-03-21 15:08:51'),
 (2550,55,24,'user:24',154,'2026-03-21 15:08:51','2026-03-21 15:08:51'),
 (2551,55,3,'user:3',154,'2026-03-21 15:08:51','2026-03-21 15:08:51'),
 (2552,55,4,'user:4',153,'2026-03-21 15:08:51','2026-03-21 15:08:51'),
 (2553,55,27,'user:27',153,'2026-03-21 15:08:51','2026-03-21 15:08:51'),
 (2554,55,20,'user:20',154,'2026-03-21 15:08:51','2026-03-21 15:08:51'),
 (2555,55,10,'user:10',154,'2026-03-21 15:08:51','2026-03-21 15:08:51'),
 (2556,55,26,'user:26',154,'2026-03-21 15:08:51','2026-03-21 15:08:51'),
 (2557,55,8,'user:8',154,'2026-03-21 15:08:51','2026-03-21 15:08:51'),
 (2558,55,23,'user:23',153,'2026-03-21 15:08:51','2026-03-21 15:08:51'),
 (2559,55,28,'user:28',153,'2026-03-21 15:08:51','2026-03-21 15:08:51'),
 (2560,55,5,'user:5',154,'2026-03-21 15:08:51','2026-03-21 15:08:51'),
 (2561,55,22,'user:22',154,'2026-03-21 15:08:51','2026-03-21 15:08:51'),
 (2562,55,12,'user:12',154,'2026-03-21 15:08:51','2026-03-21 15:08:51'),
 (2563,55,14,'user:14',153,'2026-03-21 15:08:51','2026-03-21 15:08:51'),
 (2564,55,15,'user:15',153,'2026-03-21 15:08:51','2026-03-21 15:08:51'),
 (2565,55,13,'user:13',154,'2026-03-21 15:08:51','2026-03-21 15:08:51'),
 (2566,55,30,'user:30',154,'2026-03-21 15:08:51','2026-03-21 15:08:51'),
 (2567,55,7,'user:7',153,'2026-03-21 15:08:51','2026-03-21 15:08:51'),
 (2568,55,11,'user:11',153,'2026-03-21 15:08:51','2026-03-21 15:08:51'),
 (2569,55,16,'user:16',154,'2026-03-21 15:08:51','2026-03-21 15:08:51'),
 (2570,55,32,'user:32',153,'2026-03-21 15:08:51','2026-03-21 15:08:51'),
 (2571,55,NULL,'guest:f99e1dcf-9341-4d33-bfa0-66e263014f0d',154,'2026-03-21 15:08:51','2026-03-21 15:08:51'),
 (2572,55,NULL,'guest:2eb5a8d0-9734-434b-88b7-eb2b30e2dcdd',153,'2026-03-21 15:08:51','2026-03-21 15:08:51'),
 (2573,55,NULL,'guest:18a09910-a274-430d-aa0d-425e9c91c494',154,'2026-03-21 15:08:51','2026-03-21 15:08:51'),
 (2574,55,NULL,'guest:5c9e2d65-8a63-462b-a5b3-d4489bb0c37c',153,'2026-03-21 15:08:51','2026-03-21 15:08:51'),
 (2575,55,NULL,'guest:37659ffc-5ecb-4846-8c5f-43490d12621d',153,'2026-03-21 15:08:51','2026-03-21 15:08:51'),
 (2576,55,NULL,'guest:06699d58-3c9b-4585-b8c7-37196f82d6cc',154,'2026-03-21 15:08:51','2026-03-21 15:08:51'),
 (2577,55,NULL,'guest:d6a16ce3-196e-4858-bdb4-936674649d07',154,'2026-03-21 15:08:51','2026-03-21 15:08:51'),
 (2578,55,NULL,'guest:0434df7f-a08b-4302-a458-4f329b5be753',154,'2026-03-21 15:08:51','2026-03-21 15:08:51'),
 (2579,55,NULL,'guest:daa80a8b-5f0d-4197-9304-15ca096998ef',154,'2026-03-21 15:08:51','2026-03-21 15:08:51'),
 (2580,55,NULL,'guest:cb55c0bf-cb8c-4610-93c6-cc667b423d5e',154,'2026-03-21 15:08:51','2026-03-21 15:08:51'),
 (2581,55,NULL,'guest:92b7bcf8-5d30-4039-aa2e-5df1b8691a10',154,'2026-03-21 15:08:51','2026-03-21 15:08:51'),
 (2582,55,NULL,'guest:2698c572-ff3a-41c0-849c-ae1e97212f79',154,'2026-03-21 15:08:51','2026-03-21 15:08:51'),
 (2583,55,NULL,'guest:e6b75a04-ac8e-4cbb-af62-983cde5e032a',154,'2026-03-21 15:08:51','2026-03-21 15:08:51'),
 (2584,55,NULL,'guest:8a0c2297-c964-41a1-8d8a-9c2b724689b6',153,'2026-03-21 15:08:51','2026-03-21 15:08:51'),
 (2585,55,NULL,'guest:08819415-c382-4fcc-8791-2837fc9f9df5',153,'2026-03-21 15:08:51','2026-03-21 15:08:51'),
 (2586,55,NULL,'guest:1aaf3f04-c7b0-4bfb-84da-001b254437f5',153,'2026-03-21 15:08:51','2026-03-21 15:08:51'),
 (2587,55,NULL,'guest:5e3362f6-d8a4-4a09-8f8c-41a1f5cfd76b',154,'2026-03-21 15:08:51','2026-03-21 15:08:51'),
 (2588,55,NULL,'guest:1ca371b3-d6a0-40e1-977c-532471894132',154,'2026-03-21 15:08:51','2026-03-21 15:08:51'),
 (2589,55,NULL,'guest:c583eeae-ca2e-4723-b6b3-6a118e4b7f3e',154,'2026-03-21 15:08:51','2026-03-21 15:08:51'),
 (2590,55,NULL,'guest:c3967da9-8ccd-4581-855b-aecdcbbe785b',153,'2026-03-21 15:08:51','2026-03-21 15:08:51'),
 (2591,55,NULL,'guest:b1443b6b-b031-4296-8874-017f0bb30a97',153,'2026-03-21 15:08:51','2026-03-21 15:08:51'),
 (2592,55,NULL,'guest:c609d286-ea65-487d-813a-249792077287',154,'2026-03-21 15:08:51','2026-03-21 15:08:51'),
 (2593,55,NULL,'guest:9b4779a2-7544-4f76-9141-73301c970755',154,'2026-03-21 15:08:51','2026-03-21 15:08:51'),
 (2594,55,NULL,'guest:2e5503b9-cc4e-4172-a11f-b634633122aa',153,'2026-03-21 15:08:51','2026-03-21 15:08:51'),
 (2595,55,NULL,'guest:9fdfdebc-5d83-4dd5-98a5-db04307609c0',153,'2026-03-21 15:08:51','2026-03-21 15:08:51'),
 (2596,56,1,'user:1',157,'2026-03-21 15:08:51','2026-03-21 15:08:51'),
 (2597,56,11,'user:11',158,'2026-03-21 15:08:51','2026-03-21 15:08:51'),
 (2598,56,24,'user:24',157,'2026-03-21 15:08:51','2026-03-21 15:08:51'),
 (2599,56,29,'user:29',155,'2026-03-21 15:08:51','2026-03-21 15:08:51'),
 (2600,56,6,'user:6',156,'2026-03-21 15:08:51','2026-03-21 15:08:51'),
 (2601,56,28,'user:28',157,'2026-03-21 15:08:51','2026-03-21 15:08:51'),
 (2602,56,18,'user:18',155,'2026-03-21 15:08:51','2026-03-21 15:08:51'),
 (2603,56,25,'user:25',156,'2026-03-21 15:08:51','2026-03-21 15:08:51'),
 (2604,56,7,'user:7',156,'2026-03-21 15:08:51','2026-03-21 15:08:51'),
 (2605,56,17,'user:17',157,'2026-03-21 15:08:51','2026-03-21 15:08:51'),
 (2606,56,8,'user:8',156,'2026-03-21 15:08:51','2026-03-21 15:08:51'),
 (2607,56,4,'user:4',155,'2026-03-21 15:08:51','2026-03-21 15:08:51'),
 (2608,56,13,'user:13',155,'2026-03-21 15:08:51','2026-03-21 15:08:51'),
 (2609,56,27,'user:27',157,'2026-03-21 15:08:51','2026-03-21 15:08:51'),
 (2610,56,32,'user:32',155,'2026-03-21 15:08:51','2026-03-21 15:08:51'),
 (2611,56,30,'user:30',156,'2026-03-21 15:08:51','2026-03-21 15:08:51'),
 (2612,56,10,'user:10',155,'2026-03-21 15:08:51','2026-03-21 15:08:51'),
 (2613,56,19,'user:19',156,'2026-03-21 15:08:51','2026-03-21 15:08:51'),
 (2614,56,20,'user:20',155,'2026-03-21 15:08:51','2026-03-21 15:08:51'),
 (2615,56,16,'user:16',158,'2026-03-21 15:08:51','2026-03-21 15:08:51'),
 (2616,56,21,'user:21',156,'2026-03-21 15:08:51','2026-03-21 15:08:51'),
 (2617,56,15,'user:15',157,'2026-03-21 15:08:51','2026-03-21 15:08:51'),
 (2618,56,5,'user:5',158,'2026-03-21 15:08:51','2026-03-21 15:08:51'),
 (2619,56,3,'user:3',157,'2026-03-21 15:08:51','2026-03-21 15:08:51'),
 (2620,56,9,'user:9',158,'2026-03-21 15:08:51','2026-03-21 15:08:51'),
 (2621,56,31,'user:31',156,'2026-03-21 15:08:51','2026-03-21 15:08:51'),
 (2622,56,23,'user:23',158,'2026-03-21 15:08:51','2026-03-21 15:08:51'),
 (2623,56,26,'user:26',155,'2026-03-21 15:08:51','2026-03-21 15:08:51'),
 (2624,56,14,'user:14',156,'2026-03-21 15:08:51','2026-03-21 15:08:51'),
 (2625,56,22,'user:22',156,'2026-03-21 15:08:51','2026-03-21 15:08:51'),
 (2626,56,12,'user:12',155,'2026-03-21 15:08:51','2026-03-21 15:08:51'),
 (2627,56,2,'user:2',155,'2026-03-21 15:08:51','2026-03-21 15:08:51'),
 (2628,56,NULL,'guest:64837f29-4b45-41e8-a48e-50a2ee780249',155,'2026-03-21 15:08:51','2026-03-21 15:08:51'),
 (2629,56,NULL,'guest:4486f52c-500a-48bf-a6ea-db9c9af00f55',156,'2026-03-21 15:08:51','2026-03-21 15:08:51'),
 (2630,56,NULL,'guest:7dba13ce-42a3-4e56-93c1-150e3e59c019',155,'2026-03-21 15:08:51','2026-03-21 15:08:51'),
 (2631,56,NULL,'guest:8f9550b6-d953-4fd9-93ef-fe540ddaf389',156,'2026-03-21 15:08:51','2026-03-21 15:08:51'),
 (2632,56,NULL,'guest:2849c9fc-4178-4688-906f-bb6606570941',156,'2026-03-21 15:08:51','2026-03-21 15:08:51'),
 (2633,56,NULL,'guest:7f98b697-69a9-439f-aa5c-afb7f9fafe08',155,'2026-03-21 15:08:51','2026-03-21 15:08:51'),
 (2634,56,NULL,'guest:0e210d15-c0df-40d6-b41b-66be7b9bdfae',155,'2026-03-21 15:08:51','2026-03-21 15:08:51'),
 (2635,56,NULL,'guest:8301d19b-c19b-4be6-9508-4530cbf07af9',156,'2026-03-21 15:08:51','2026-03-21 15:08:51'),
 (2636,56,NULL,'guest:b22f0135-c88e-48a2-9833-f0a511d59842',155,'2026-03-21 15:08:51','2026-03-21 15:08:51'),
 (2637,56,NULL,'guest:069dbcf1-bb14-4500-a912-6870646ab123',156,'2026-03-21 15:08:51','2026-03-21 15:08:51'),
 (2638,56,NULL,'guest:92621ab3-1fba-4cc8-bd3f-44cac086cbea',157,'2026-03-21 15:08:51','2026-03-21 15:08:51'),
 (2639,56,NULL,'guest:bceac667-70bf-4e4f-8a78-629957fb2fab',158,'2026-03-21 15:08:51','2026-03-21 15:08:51'),
 (2640,56,NULL,'guest:7ef6bb87-d786-42c6-96f2-cbfddad697b8',158,'2026-03-21 15:08:51','2026-03-21 15:08:51'),
 (2641,56,NULL,'guest:6a377ce2-e3a9-4ec5-b238-a0120e401203',158,'2026-03-21 15:08:51','2026-03-21 15:08:51'),
 (2642,56,NULL,'guest:ccb67fb5-1b2a-4d98-95e1-d3449a53f2ba',155,'2026-03-21 15:08:51','2026-03-21 15:08:51'),
 (2643,56,NULL,'guest:f43846c8-1369-4ea7-9006-b1d28e1e936f',156,'2026-03-21 15:08:51','2026-03-21 15:08:51'),
 (2644,56,NULL,'guest:47ac5cda-d146-4a93-bf42-6f7d35b38c11',157,'2026-03-21 15:08:51','2026-03-21 15:08:51'),
 (2645,56,NULL,'guest:b3eab831-5e07-4684-baf2-4a65312ce221',156,'2026-03-21 15:08:51','2026-03-21 15:08:51'),
 (2646,56,NULL,'guest:834e7c64-225e-4127-8269-a94693974949',156,'2026-03-21 15:08:51','2026-03-21 15:08:51'),
 (2647,56,NULL,'guest:bdf66302-ecc0-4832-ad8e-b36d3fc6bb38',156,'2026-03-21 15:08:51','2026-03-21 15:08:51'),
 (2648,56,NULL,'guest:29816e27-241a-44a0-a227-345442d041ee',156,'2026-03-21 15:08:51','2026-03-21 15:08:51'),
 (2649,57,25,'user:25',159,'2026-03-21 15:08:51','2026-03-21 15:08:51'),
 (2650,57,10,'user:10',160,'2026-03-21 15:08:51','2026-03-21 15:08:51'),
 (2651,57,29,'user:29',159,'2026-03-21 15:08:51','2026-03-21 15:08:51'),
 (2652,57,19,'user:19',159,'2026-03-21 15:08:51','2026-03-21 15:08:51'),
 (2653,57,24,'user:24',159,'2026-03-21 15:08:51','2026-03-21 15:08:51'),
 (2654,57,5,'user:5',160,'2026-03-21 15:08:51','2026-03-21 15:08:51'),
 (2655,57,20,'user:20',159,'2026-03-21 15:08:51','2026-03-21 15:08:51'),
 (2656,57,1,'user:1',160,'2026-03-21 15:08:51','2026-03-21 15:08:51'),
 (2657,57,2,'user:2',160,'2026-03-21 15:08:51','2026-03-21 15:08:51'),
 (2658,57,21,'user:21',160,'2026-03-21 15:08:51','2026-03-21 15:08:51'),
 (2659,57,16,'user:16',160,'2026-03-21 15:08:51','2026-03-21 15:08:51'),
 (2660,57,22,'user:22',159,'2026-03-21 15:08:51','2026-03-21 15:08:51'),
 (2661,57,30,'user:30',159,'2026-03-21 15:08:51','2026-03-21 15:08:51'),
 (2662,57,8,'user:8',159,'2026-03-21 15:08:51','2026-03-21 15:08:51'),
 (2663,57,15,'user:15',160,'2026-03-21 15:08:51','2026-03-21 15:08:51'),
 (2664,57,6,'user:6',159,'2026-03-21 15:08:51','2026-03-21 15:08:51'),
 (2665,57,NULL,'guest:26d8cc47-e66c-460b-8ea9-8ebf86120c5e',160,'2026-03-21 15:08:51','2026-03-21 15:08:51'),
 (2666,57,NULL,'guest:248b9350-455e-412d-8298-763c6c35965c',159,'2026-03-21 15:08:51','2026-03-21 15:08:51'),
 (2667,57,NULL,'guest:cb1f105a-2d46-4063-a3d1-e681fa721d96',159,'2026-03-21 15:08:51','2026-03-21 15:08:51'),
 (2668,57,NULL,'guest:076df6ad-9c7c-4f76-a92d-fcfbf18ca074',159,'2026-03-21 15:08:51','2026-03-21 15:08:51'),
 (2669,57,NULL,'guest:731580b8-038c-41f2-9835-d7ae53e9a5ee',160,'2026-03-21 15:08:51','2026-03-21 15:08:51'),
 (2670,57,NULL,'guest:d7a2cab7-1e41-4d2f-b6df-45344de92bbf',160,'2026-03-21 15:08:51','2026-03-21 15:08:51'),
 (2671,57,NULL,'guest:d46f35c2-abdc-451c-a4bb-3447f40146ce',159,'2026-03-21 15:08:51','2026-03-21 15:08:51'),
 (2672,57,NULL,'guest:2f711a90-0227-4687-8f50-96ef2ffc6854',160,'2026-03-21 15:08:51','2026-03-21 15:08:51'),
 (2673,58,19,'user:19',161,'2026-03-21 15:08:51','2026-03-21 15:08:51'),
 (2674,58,23,'user:23',162,'2026-03-21 15:08:51','2026-03-21 15:08:51'),
 (2675,58,6,'user:6',161,'2026-03-21 15:08:51','2026-03-21 15:08:51'),
 (2676,58,24,'user:24',162,'2026-03-21 15:08:51','2026-03-21 15:08:51'),
 (2677,58,1,'user:1',162,'2026-03-21 15:08:51','2026-03-21 15:08:51'),
 (2678,58,21,'user:21',161,'2026-03-21 15:08:51','2026-03-21 15:08:51'),
 (2679,58,9,'user:9',161,'2026-03-21 15:08:51','2026-03-21 15:08:51'),
 (2680,58,10,'user:10',161,'2026-03-21 15:08:51','2026-03-21 15:08:51'),
 (2681,58,15,'user:15',162,'2026-03-21 15:08:51','2026-03-21 15:08:51'),
 (2682,58,2,'user:2',161,'2026-03-21 15:08:51','2026-03-21 15:08:51'),
 (2683,58,20,'user:20',161,'2026-03-21 15:08:51','2026-03-21 15:08:51'),
 (2684,58,18,'user:18',161,'2026-03-21 15:08:51','2026-03-21 15:08:51'),
 (2685,58,27,'user:27',161,'2026-03-21 15:08:51','2026-03-21 15:08:51'),
 (2686,58,13,'user:13',162,'2026-03-21 15:08:51','2026-03-21 15:08:51'),
 (2687,58,32,'user:32',161,'2026-03-21 15:08:51','2026-03-21 15:08:51'),
 (2688,58,8,'user:8',161,'2026-03-21 15:08:51','2026-03-21 15:08:51'),
 (2689,58,14,'user:14',161,'2026-03-21 15:08:51','2026-03-21 15:08:51'),
 (2690,58,5,'user:5',162,'2026-03-21 15:08:51','2026-03-21 15:08:51'),
 (2691,58,29,'user:29',161,'2026-03-21 15:08:51','2026-03-21 15:08:51'),
 (2692,58,11,'user:11',161,'2026-03-21 15:08:51','2026-03-21 15:08:51'),
 (2693,58,31,'user:31',162,'2026-03-21 15:08:51','2026-03-21 15:08:51'),
 (2694,58,17,'user:17',162,'2026-03-21 15:08:51','2026-03-21 15:08:51'),
 (2695,58,3,'user:3',162,'2026-03-21 15:08:51','2026-03-21 15:08:51'),
 (2696,58,7,'user:7',162,'2026-03-21 15:08:51','2026-03-21 15:08:51'),
 (2697,58,26,'user:26',161,'2026-03-21 15:08:51','2026-03-21 15:08:51'),
 (2698,58,22,'user:22',162,'2026-03-21 15:08:51','2026-03-21 15:08:51'),
 (2699,58,28,'user:28',162,'2026-03-21 15:08:51','2026-03-21 15:08:51'),
 (2700,58,4,'user:4',162,'2026-03-21 15:08:51','2026-03-21 15:08:51'),
 (2701,58,30,'user:30',162,'2026-03-21 15:08:51','2026-03-21 15:08:51'),
 (2702,58,25,'user:25',162,'2026-03-21 15:08:51','2026-03-21 15:08:51'),
 (2703,58,16,'user:16',162,'2026-03-21 15:08:51','2026-03-21 15:08:51'),
 (2704,58,NULL,'guest:306ba563-6159-4156-a326-32769309dbd0',162,'2026-03-21 15:08:52','2026-03-21 15:08:52'),
 (2705,58,NULL,'guest:f35b88ac-80cc-4b1f-aad0-f9831b57d4c9',162,'2026-03-21 15:08:52','2026-03-21 15:08:52'),
 (2706,58,NULL,'guest:aeb01259-f21a-4522-a4d9-5f1ec8938d55',162,'2026-03-21 15:08:52','2026-03-21 15:08:52'),
 (2707,58,NULL,'guest:26fa3797-c281-4b80-b98c-e15b7f47b437',161,'2026-03-21 15:08:52','2026-03-21 15:08:52'),
 (2708,58,NULL,'guest:cd977308-2cc8-4cdf-bb61-cb8e33c8e6f0',162,'2026-03-21 15:08:52','2026-03-21 15:08:52'),
 (2709,58,NULL,'guest:a88a811f-d515-414e-839a-6cbe62967243',162,'2026-03-21 15:08:52','2026-03-21 15:08:52'),
 (2710,58,NULL,'guest:145fcaae-e2e2-479d-9d57-fb5411835606',161,'2026-03-21 15:08:52','2026-03-21 15:08:52'),
 (2711,58,NULL,'guest:1a29b9b0-8851-466a-bf10-63004b5e368d',162,'2026-03-21 15:08:52','2026-03-21 15:08:52'),
 (2712,58,NULL,'guest:1dca72cf-3dd3-4fa9-8396-d2a753b0cd20',162,'2026-03-21 15:08:52','2026-03-21 15:08:52'),
 (2713,58,NULL,'guest:dd559266-c5f6-4567-b264-957136ca6450',161,'2026-03-21 15:08:52','2026-03-21 15:08:52'),
 (2714,58,NULL,'guest:281c287a-e2ff-491b-8dc2-6e57da102929',161,'2026-03-21 15:08:52','2026-03-21 15:08:52'),
 (2715,58,NULL,'guest:5bdd37d4-9b87-4cb6-bedd-8c426128b1f6',162,'2026-03-21 15:08:52','2026-03-21 15:08:52'),
 (2716,58,NULL,'guest:b8ad1563-a706-4bb7-92cd-2a03aa00b49c',162,'2026-03-21 15:08:52','2026-03-21 15:08:52'),
 (2717,58,NULL,'guest:fa5bf6be-60ee-4916-bde3-2b085913255f',162,'2026-03-21 15:08:52','2026-03-21 15:08:52'),
 (2718,58,NULL,'guest:59eecb29-f6bf-4c93-8b32-d7a3b7cee809',162,'2026-03-21 15:08:52','2026-03-21 15:08:52'),
 (2719,58,NULL,'guest:c241cebf-7080-4ae3-a05f-18ccc7edb568',161,'2026-03-21 15:08:52','2026-03-21 15:08:52'),
 (2720,58,NULL,'guest:d426be87-c5cf-44a1-a4f4-2208b76a29be',162,'2026-03-21 15:08:52','2026-03-21 15:08:52'),
 (2721,58,NULL,'guest:fd09f817-0198-45ba-8215-c48b68930fc1',161,'2026-03-21 15:08:52','2026-03-21 15:08:52'),
 (2722,59,5,'user:5',163,'2026-03-21 15:08:52','2026-03-21 15:08:52'),
 (2723,59,3,'user:3',163,'2026-03-21 15:08:52','2026-03-21 15:08:52'),
 (2724,59,10,'user:10',163,'2026-03-21 15:08:52','2026-03-21 15:08:52'),
 (2725,59,11,'user:11',164,'2026-03-21 15:08:52','2026-03-21 15:08:52'),
 (2726,59,12,'user:12',163,'2026-03-21 15:08:52','2026-03-21 15:08:52'),
 (2727,59,24,'user:24',163,'2026-03-21 15:08:52','2026-03-21 15:08:52'),
 (2728,59,7,'user:7',164,'2026-03-21 15:08:52','2026-03-21 15:08:52'),
 (2729,59,16,'user:16',164,'2026-03-21 15:08:52','2026-03-21 15:08:52'),
 (2730,59,32,'user:32',163,'2026-03-21 15:08:52','2026-03-21 15:08:52'),
 (2731,59,15,'user:15',163,'2026-03-21 15:08:52','2026-03-21 15:08:52'),
 (2732,59,19,'user:19',163,'2026-03-21 15:08:52','2026-03-21 15:08:52'),
 (2733,59,18,'user:18',163,'2026-03-21 15:08:52','2026-03-21 15:08:52'),
 (2734,59,20,'user:20',164,'2026-03-21 15:08:52','2026-03-21 15:08:52'),
 (2735,59,31,'user:31',163,'2026-03-21 15:08:52','2026-03-21 15:08:52'),
 (2736,59,9,'user:9',163,'2026-03-21 15:08:52','2026-03-21 15:08:52'),
 (2737,59,6,'user:6',164,'2026-03-21 15:08:52','2026-03-21 15:08:52'),
 (2738,59,23,'user:23',164,'2026-03-21 15:08:52','2026-03-21 15:08:52'),
 (2739,59,27,'user:27',163,'2026-03-21 15:08:52','2026-03-21 15:08:52'),
 (2740,59,4,'user:4',164,'2026-03-21 15:08:52','2026-03-21 15:08:52'),
 (2741,59,17,'user:17',164,'2026-03-21 15:08:52','2026-03-21 15:08:52'),
 (2742,59,NULL,'guest:630d1349-6b65-43bb-bd88-7243519d3c85',164,'2026-03-21 15:08:52','2026-03-21 15:08:52'),
 (2743,59,NULL,'guest:81d995f1-eb7d-4087-9f60-5462dc5dfe6e',164,'2026-03-21 15:08:52','2026-03-21 15:08:52'),
 (2744,59,NULL,'guest:b1f3e14a-1d53-42aa-8526-34eb3d4ec0a8',164,'2026-03-21 15:08:52','2026-03-21 15:08:52'),
 (2745,59,NULL,'guest:4a17d42c-2b63-43f6-aa9d-fff0a605f58c',163,'2026-03-21 15:08:52','2026-03-21 15:08:52'),
 (2746,59,NULL,'guest:2452010d-f7db-4748-bcef-1ca6187257db',163,'2026-03-21 15:08:52','2026-03-21 15:08:52'),
 (2747,59,NULL,'guest:a7356b6b-cce3-464d-be61-b0fa15219d59',164,'2026-03-21 15:08:52','2026-03-21 15:08:52'),
 (2748,59,NULL,'guest:568758f2-6f20-4fee-b204-d5d57e870eed',164,'2026-03-21 15:08:52','2026-03-21 15:08:52'),
 (2749,60,31,'user:31',168,'2026-03-21 15:08:52','2026-03-21 15:08:52'),
 (2750,60,25,'user:25',168,'2026-03-21 15:08:52','2026-03-21 15:08:52'),
 (2751,60,15,'user:15',166,'2026-03-21 15:08:52','2026-03-21 15:08:52'),
 (2752,60,23,'user:23',166,'2026-03-21 15:08:52','2026-03-21 15:08:52'),
 (2753,60,16,'user:16',166,'2026-03-21 15:08:52','2026-03-21 15:08:52'),
 (2754,60,20,'user:20',166,'2026-03-21 15:08:52','2026-03-21 15:08:52'),
 (2755,60,10,'user:10',165,'2026-03-21 15:08:52','2026-03-21 15:08:52'),
 (2756,60,32,'user:32',168,'2026-03-21 15:08:52','2026-03-21 15:08:52'),
 (2757,60,21,'user:21',168,'2026-03-21 15:08:52','2026-03-21 15:08:52'),
 (2758,60,18,'user:18',165,'2026-03-21 15:08:52','2026-03-21 15:08:52'),
 (2759,60,27,'user:27',167,'2026-03-21 15:08:52','2026-03-21 15:08:52'),
 (2760,60,1,'user:1',166,'2026-03-21 15:08:52','2026-03-21 15:08:52'),
 (2761,60,22,'user:22',167,'2026-03-21 15:08:52','2026-03-21 15:08:52'),
 (2762,60,9,'user:9',165,'2026-03-21 15:08:52','2026-03-21 15:08:52'),
 (2763,60,4,'user:4',166,'2026-03-21 15:08:52','2026-03-21 15:08:52'),
 (2764,60,28,'user:28',167,'2026-03-21 15:08:52','2026-03-21 15:08:52'),
 (2765,60,24,'user:24',167,'2026-03-21 15:08:52','2026-03-21 15:08:52'),
 (2766,60,8,'user:8',165,'2026-03-21 15:08:52','2026-03-21 15:08:52'),
 (2767,60,13,'user:13',165,'2026-03-21 15:08:52','2026-03-21 15:08:52'),
 (2768,60,19,'user:19',168,'2026-03-21 15:08:52','2026-03-21 15:08:52'),
 (2769,60,5,'user:5',166,'2026-03-21 15:08:52','2026-03-21 15:08:52'),
 (2770,60,2,'user:2',167,'2026-03-21 15:08:52','2026-03-21 15:08:52'),
 (2771,60,14,'user:14',168,'2026-03-21 15:08:52','2026-03-21 15:08:52'),
 (2772,60,30,'user:30',165,'2026-03-21 15:08:52','2026-03-21 15:08:52'),
 (2773,60,11,'user:11',166,'2026-03-21 15:08:52','2026-03-21 15:08:52'),
 (2774,60,26,'user:26',168,'2026-03-21 15:08:52','2026-03-21 15:08:52'),
 (2775,60,12,'user:12',168,'2026-03-21 15:08:52','2026-03-21 15:08:52'),
 (2776,60,NULL,'guest:3ab9be1e-88f1-4b3d-9f65-f600679c4871',165,'2026-03-21 15:08:52','2026-03-21 15:08:52'),
 (2777,60,NULL,'guest:74807fa1-af21-4f5f-823b-9f4a68df8de8',167,'2026-03-21 15:08:52','2026-03-21 15:08:52'),
 (2778,60,NULL,'guest:5ab0d277-8500-4e8f-9f61-ebe8420094d6',165,'2026-03-21 15:08:52','2026-03-21 15:08:52'),
 (2779,60,NULL,'guest:809f044d-2904-482c-9091-2450ba9a7610',168,'2026-03-21 15:08:52','2026-03-21 15:08:52'),
 (2780,60,NULL,'guest:8651c532-1052-424c-a649-11e0da9c7b05',167,'2026-03-21 15:08:52','2026-03-21 15:08:52'),
 (2781,60,NULL,'guest:c9c16165-d5f4-41de-ab22-ff84674a40d0',166,'2026-03-21 15:08:52','2026-03-21 15:08:52'),
 (2782,60,NULL,'guest:e539d0df-abab-4523-a18f-1925214211cf',168,'2026-03-21 15:08:52','2026-03-21 15:08:52'),
 (2783,60,NULL,'guest:15cf9a81-5809-456c-9e7a-9ce049293ab0',168,'2026-03-21 15:08:52','2026-03-21 15:08:52'),
 (2784,60,NULL,'guest:47eeaa0f-5d71-4b16-9421-082b0535fb5a',165,'2026-03-21 15:08:52','2026-03-21 15:08:52'),
 (2785,60,NULL,'guest:8fd5abba-23c4-4a5a-9185-9ea07f905519',166,'2026-03-21 15:08:52','2026-03-21 15:08:52'),
 (2786,60,NULL,'guest:b5060e64-20b8-4fa2-99aa-7aa01a5cd043',167,'2026-03-21 15:08:52','2026-03-21 15:08:52'),
 (2787,60,NULL,'guest:9830ee82-a95d-4c08-b57f-998eaf568840',168,'2026-03-21 15:08:52','2026-03-21 15:08:52'),
 (2788,60,NULL,'guest:e1eb5031-86b1-4df7-a0d1-5add1d81a7d5',165,'2026-03-21 15:08:52','2026-03-21 15:08:52'),
 (2789,60,NULL,'guest:98025e16-9f23-43f2-8bc2-6fc8035aedbf',165,'2026-03-21 15:08:52','2026-03-21 15:08:52'),
 (2790,60,NULL,'guest:8156f962-ce7e-4b3a-983b-6dd4a39784a0',168,'2026-03-21 15:08:52','2026-03-21 15:08:52');
/*!40000 ALTER TABLE `poll_votes` ENABLE KEYS */;


--
-- Definition of table `polls`
--

DROP TABLE IF EXISTS `polls`;
CREATE TABLE `polls` (
  `id` bigint(20) unsigned NOT NULL AUTO_INCREMENT,
  `user_id` bigint(20) unsigned NOT NULL,
  `question` varchar(255) NOT NULL,
  `type` enum('yes_no','multiple') NOT NULL,
  `is_active` tinyint(1) NOT NULL DEFAULT 1,
  `expires_at` timestamp NULL DEFAULT NULL,
  `created_at` timestamp NULL DEFAULT NULL,
  `updated_at` timestamp NULL DEFAULT NULL,
  PRIMARY KEY (`id`)
) ENGINE=InnoDB AUTO_INCREMENT=61 DEFAULT CHARSET=utf8mb4 COLLATE=utf8mb4_unicode_ci;

--
-- Dumping data for table `polls`
--

/*!40000 ALTER TABLE `polls` DISABLE KEYS */;
INSERT INTO `polls` (`id`,`user_id`,`question`,`type`,`is_active`,`expires_at`,`created_at`,`updated_at`) VALUES 
 (1,1,'¿Te gustaría más contenido en vivo esta semana?','yes_no',1,NULL,'2026-02-28 15:08:44','2026-03-21 15:08:44'),
 (2,2,'¿Qué horario te viene mejor para ver directos?','multiple',1,'2026-04-30 15:08:44','2026-03-11 15:08:44','2026-03-21 15:08:44'),
 (3,3,'¿Has compartido algún video de este canal?','yes_no',1,'2026-04-11 15:08:44','2026-02-07 15:08:44','2026-03-21 15:08:44'),
 (4,4,'¿Qué tema te interesa para el próximo tutorial?','multiple',0,NULL,'2026-02-15 15:08:44','2026-03-21 15:08:44'),
 (5,5,'¿Qué formato prefieres?','multiple',1,NULL,'2026-03-17 15:08:44','2026-03-21 15:08:44'),
 (6,6,'¿Quieres que haya más colaboraciones con otros creadores?','yes_no',1,NULL,'2026-03-12 15:08:44','2026-03-21 15:08:44'),
 (7,7,'¿Cuál es tu red favorita para seguirme?','multiple',1,'2026-03-27 15:08:44','2026-03-07 15:08:44','2026-03-21 15:08:44'),
 (8,8,'¿Qué te motiva más a comentar?','multiple',1,'2026-04-25 15:08:44','2026-01-22 15:08:44','2026-03-21 15:08:44'),
 (9,9,'¿Te interesaría un grupo exclusivo para la comunidad?','yes_no',1,NULL,'2026-03-13 15:08:44','2026-03-21 15:08:44'),
 (10,10,'¿Con qué frecuencia ves el contenido?','multiple',1,'2026-04-18 15:08:44','2026-01-31 15:08:44','2026-03-21 15:08:44'),
 (11,11,'¿Qué mejora te gustaría ver primero?','multiple',1,NULL,'2026-02-25 15:08:44','2026-03-21 15:08:44'),
 (12,12,'¿El último directo cumplió tus expectativas?','yes_no',1,'2026-04-09 15:08:44','2026-03-14 15:08:44','2026-03-21 15:08:44'),
 (13,13,'¿Te gustaría más contenido en vivo esta semana?','yes_no',1,'2026-04-17 15:08:44','2026-02-02 15:08:44','2026-03-21 15:08:44'),
 (14,14,'¿Qué horario te viene mejor para ver directos?','multiple',1,'2026-04-10 15:08:44','2026-02-11 15:08:44','2026-03-21 15:08:44'),
 (15,15,'¿Has compartido algún video de este canal?','yes_no',1,'2026-04-13 15:08:44','2026-03-17 15:08:44','2026-03-21 15:08:44'),
 (16,16,'¿Qué tema te interesa para el próximo tutorial?','multiple',1,'2026-05-04 15:08:44','2026-02-04 15:08:44','2026-03-21 15:08:44'),
 (17,17,'¿Qué formato prefieres?','multiple',1,'2026-04-15 15:08:44','2026-02-21 15:08:44','2026-03-21 15:08:44'),
 (18,18,'¿Quieres que haya más colaboraciones con otros creadores?','yes_no',1,'2026-04-28 15:08:44','2026-03-06 15:08:44','2026-03-21 15:08:44'),
 (19,19,'¿Cuál es tu red favorita para seguirme?','multiple',1,'2026-04-25 15:08:44','2026-02-02 15:08:44','2026-03-21 15:08:44'),
 (20,20,'¿Qué te motiva más a comentar?','multiple',1,'2026-04-30 15:08:44','2026-01-24 15:08:44','2026-03-21 15:08:44'),
 (21,21,'¿Te interesaría un grupo exclusivo para la comunidad?','yes_no',1,NULL,'2026-02-08 15:08:44','2026-03-21 15:08:44'),
 (22,22,'¿Con qué frecuencia ves el contenido?','multiple',1,'2026-03-27 15:08:44','2026-03-12 15:08:44','2026-03-21 15:08:44'),
 (23,23,'¿Qué mejora te gustaría ver primero?','multiple',1,'2026-04-25 15:08:44','2026-02-01 15:08:44','2026-03-21 15:08:44'),
 (24,24,'¿El último directo cumplió tus expectativas?','yes_no',1,'2026-03-29 15:08:44','2026-03-14 15:08:44','2026-03-21 15:08:44'),
 (25,25,'¿Te gustaría más contenido en vivo esta semana?','yes_no',1,NULL,'2026-01-24 15:08:44','2026-03-21 15:08:44'),
 (26,26,'¿Qué horario te viene mejor para ver directos?','multiple',0,NULL,'2026-02-14 15:08:44','2026-03-21 15:08:44'),
 (27,27,'¿Has compartido algún video de este canal?','yes_no',1,'2026-04-04 15:08:45','2026-02-11 15:08:45','2026-03-21 15:08:45'),
 (28,28,'¿Qué tema te interesa para el próximo tutorial?','multiple',0,NULL,'2026-01-26 15:08:45','2026-03-21 15:08:45'),
 (29,29,'¿Qué formato prefieres?','multiple',1,NULL,'2026-01-27 15:08:45','2026-03-21 15:08:45'),
 (30,30,'¿Quieres que haya más colaboraciones con otros creadores?','yes_no',1,'2026-04-16 15:08:45','2026-02-10 15:08:45','2026-03-21 15:08:45'),
 (31,31,'¿Cuál es tu red favorita para seguirme?','multiple',1,NULL,'2026-01-27 15:08:45','2026-03-21 15:08:45'),
 (32,32,'¿Qué te motiva más a comentar?','multiple',1,'2026-04-16 15:08:45','2026-03-16 15:08:45','2026-03-21 15:08:45'),
 (33,9,'¿Quieres que haya más colaboraciones con otros creadores? (#1)','yes_no',1,'2026-04-25 15:08:45','2025-12-26 15:08:45','2026-03-21 15:08:45'),
 (34,24,'¿Te interesaría un grupo exclusivo para la comunidad? (#2)','yes_no',1,'2026-04-29 15:08:45','2026-02-01 15:08:45','2026-03-21 15:08:45'),
 (35,3,'¿Con qué frecuencia ves el contenido? (#3)','multiple',1,'2026-04-25 15:08:45','2025-12-23 15:08:45','2026-03-21 15:08:45'),
 (36,5,'¿Qué tema te interesa para el próximo tutorial? (#4)','multiple',1,'2026-04-27 15:08:45','2026-02-24 15:08:45','2026-03-21 15:08:45'),
 (37,16,'¿Qué tema te interesa para el próximo tutorial? (#5)','multiple',0,NULL,'2026-01-11 15:08:45','2026-03-21 15:08:45'),
 (38,4,'¿Qué horario te viene mejor para ver directos? (#6)','multiple',1,'2026-04-24 15:08:45','2025-12-24 15:08:45','2026-03-21 15:08:45'),
 (39,27,'¿Con qué frecuencia ves el contenido? (#7)','multiple',1,'2026-04-21 15:08:45','2026-02-06 15:08:45','2026-03-21 15:08:45'),
 (40,23,'¿Qué tema te interesa para el próximo tutorial? (#8)','multiple',1,NULL,'2026-03-07 15:08:45','2026-03-21 15:08:45'),
 (41,22,'¿Qué te motiva más a comentar? (#9)','multiple',1,NULL,'2026-02-02 15:08:45','2026-03-21 15:08:45'),
 (42,12,'¿Has compartido algún video de este canal? (#10)','yes_no',1,NULL,'2026-01-15 15:08:45','2026-03-21 15:08:45'),
 (43,22,'¿Te interesaría un grupo exclusivo para la comunidad? (#11)','yes_no',1,NULL,'2026-03-09 15:08:45','2026-03-21 15:08:45'),
 (44,15,'¿Quieres que haya más colaboraciones con otros creadores? (#12)','yes_no',1,NULL,'2026-01-19 15:08:45','2026-03-21 15:08:45'),
 (45,2,'¿Qué tema te interesa para el próximo tutorial? (#13)','multiple',1,NULL,'2026-02-09 15:08:45','2026-03-21 15:08:45'),
 (46,21,'¿Con qué frecuencia ves el contenido? (#14)','multiple',1,'2026-04-21 15:08:45','2025-12-28 15:08:45','2026-03-21 15:08:45'),
 (47,32,'¿Has compartido algún video de este canal? (#15)','yes_no',1,'2026-04-02 15:08:45','2026-02-26 15:08:45','2026-03-21 15:08:45'),
 (48,31,'¿Qué formato prefieres? (#16)','multiple',0,NULL,'2026-01-10 15:08:45','2026-03-21 15:08:45'),
 (49,28,'¿Quieres que haya más colaboraciones con otros creadores? (#17)','yes_no',1,'2026-04-05 15:08:45','2026-02-13 15:08:45','2026-03-21 15:08:45'),
 (50,14,'¿Cuál es tu red favorita para seguirme? (#18)','multiple',1,'2026-04-15 15:08:45','2026-02-16 15:08:45','2026-03-21 15:08:45'),
 (51,30,'¿Qué te motiva más a comentar? (#19)','multiple',1,'2026-04-30 15:08:45','2026-03-01 15:08:45','2026-03-21 15:08:45'),
 (52,7,'¿Te gustaría más contenido en vivo esta semana? (#20)','yes_no',1,'2026-03-29 15:08:45','2026-02-12 15:08:45','2026-03-21 15:08:45'),
 (53,10,'¿Te gustaría más contenido en vivo esta semana? (#21)','yes_no',0,NULL,'2026-03-13 15:08:45','2026-03-21 15:08:45'),
 (54,13,'¿Qué tema te interesa para el próximo tutorial? (#22)','multiple',1,'2026-04-20 15:08:45','2026-02-18 15:08:45','2026-03-21 15:08:45'),
 (55,4,'¿Has compartido algún video de este canal? (#23)','yes_no',1,'2026-03-31 15:08:45','2026-01-30 15:08:45','2026-03-21 15:08:45'),
 (56,13,'¿Qué horario te viene mejor para ver directos? (#24)','multiple',1,NULL,'2026-02-01 15:08:45','2026-03-21 15:08:45'),
 (57,5,'¿Te gustaría más contenido en vivo esta semana? (#25)','yes_no',1,'2026-03-29 15:08:45','2026-02-03 15:08:45','2026-03-21 15:08:45'),
 (58,27,'¿El último directo cumplió tus expectativas? (#26)','yes_no',1,'2026-03-26 15:08:45','2026-03-12 15:08:45','2026-03-21 15:08:45'),
 (59,3,'¿Qué mejora te gustaría ver primero? (#27)','multiple',1,'2026-04-13 15:08:45','2026-02-02 15:08:45','2026-03-21 15:08:45'),
 (60,15,'¿Qué horario te viene mejor para ver directos? (#28)','multiple',1,'2026-04-08 15:08:45','2026-01-23 15:08:45','2026-03-21 15:08:45');
/*!40000 ALTER TABLE `polls` ENABLE KEYS */;


--
-- Definition of table `role_has_permissions`
--

DROP TABLE IF EXISTS `role_has_permissions`;
CREATE TABLE `role_has_permissions` (
  `permission_id` bigint(20) unsigned NOT NULL,
  `role_id` bigint(20) unsigned NOT NULL,
  PRIMARY KEY (`permission_id`,`role_id`),
  KEY `role_has_permissions_role_id_foreign` (`role_id`),
  CONSTRAINT `role_has_permissions_permission_id_foreign` FOREIGN KEY (`permission_id`) REFERENCES `permissions` (`id`) ON DELETE CASCADE,
  CONSTRAINT `role_has_permissions_role_id_foreign` FOREIGN KEY (`role_id`) REFERENCES `roles` (`id`) ON DELETE CASCADE
) ENGINE=InnoDB DEFAULT CHARSET=utf8mb4 COLLATE=utf8mb4_unicode_ci;

--
-- Dumping data for table `role_has_permissions`
--

/*!40000 ALTER TABLE `role_has_permissions` DISABLE KEYS */;
INSERT INTO `role_has_permissions` (`permission_id`,`role_id`) VALUES 
 (1,1),
 (1,2),
 (2,1),
 (2,2),
 (3,1),
 (3,2),
 (4,1),
 (4,2),
 (5,1),
 (5,2),
 (6,1),
 (6,2);
/*!40000 ALTER TABLE `role_has_permissions` ENABLE KEYS */;


--
-- Definition of table `roles`
--

DROP TABLE IF EXISTS `roles`;
CREATE TABLE `roles` (
  `id` bigint(20) unsigned NOT NULL AUTO_INCREMENT,
  `name` varchar(255) NOT NULL,
  `guard_name` varchar(255) NOT NULL,
  `created_at` timestamp NULL DEFAULT NULL,
  `updated_at` timestamp NULL DEFAULT NULL,
  PRIMARY KEY (`id`),
  UNIQUE KEY `roles_name_guard_name_unique` (`name`,`guard_name`)
) ENGINE=InnoDB AUTO_INCREMENT=4 DEFAULT CHARSET=utf8mb4 COLLATE=utf8mb4_unicode_ci;

--
-- Dumping data for table `roles`
--

/*!40000 ALTER TABLE `roles` DISABLE KEYS */;
INSERT INTO `roles` (`id`,`name`,`guard_name`,`created_at`,`updated_at`) VALUES 
 (1,'SuperAdmin','web','2026-03-21 15:08:28','2026-03-21 15:08:28'),
 (2,'Administrador','web','2026-03-21 15:08:28','2026-03-21 15:08:28'),
 (3,'Usuario','web','2026-03-21 15:08:28','2026-03-21 15:08:28');
/*!40000 ALTER TABLE `roles` ENABLE KEYS */;


--
-- Definition of table `schedules`
--

DROP TABLE IF EXISTS `schedules`;
CREATE TABLE `schedules` (
  `id` bigint(20) unsigned NOT NULL AUTO_INCREMENT,
  `user_id` bigint(20) unsigned NOT NULL,
  `days` longtext CHARACTER SET utf8mb4 COLLATE utf8mb4_bin NOT NULL CHECK (json_valid(`days`)),
  `time` time NOT NULL,
  `created_at` timestamp NULL DEFAULT NULL,
  `updated_at` timestamp NULL DEFAULT NULL,
  PRIMARY KEY (`id`)
) ENGINE=InnoDB AUTO_INCREMENT=46 DEFAULT CHARSET=utf8mb4 COLLATE=utf8mb4_unicode_ci;

--
-- Dumping data for table `schedules`
--

/*!40000 ALTER TABLE `schedules` DISABLE KEYS */;
INSERT INTO `schedules` (`id`,`user_id`,`days`,`time`,`created_at`,`updated_at`) VALUES 
 (1,2,0x5B22776564222C22736174225D,'20:00:00','2025-12-21 15:08:31','2026-03-21 15:08:31'),
 (2,1,0x5B226D6F6E222C22736174225D,'18:00:00','2026-03-31 15:08:31','2026-05-01 09:26:58'),
 (3,2,0x5B22736174225D,'09:00:00','2025-10-31 15:08:31','2026-03-21 15:08:44'),
 (4,3,0x5B226D6F6E222C22747565222C22776564222C22746875222C22667269225D,'20:00:00','2025-04-20 15:08:31','2026-03-21 15:08:44'),
 (5,4,0x5B22736174222C2273756E225D,'20:00:00','2026-02-11 15:08:33','2026-03-21 15:08:44'),
 (6,5,0x5B22736174222C2273756E225D,'12:00:00','2025-08-20 15:08:34','2026-03-21 15:08:44'),
 (7,5,0x5B22736174222C2273756E225D,'18:00:00','2025-08-27 15:08:34','2026-03-21 15:08:44'),
 (8,6,0x5B226D6F6E222C22776564222C22667269225D,'18:00:00','2026-02-14 15:08:34','2026-03-21 15:08:44'),
 (9,7,0x5B22736174222C2273756E225D,'18:00:00','2025-11-20 15:08:34','2026-03-21 15:08:44'),
 (10,8,0x5B226D6F6E222C22747565222C22776564222C22746875222C22667269225D,'09:00:00','2025-02-26 15:08:34','2026-03-21 15:08:44'),
 (11,8,0x5B226D6F6E222C22776564222C22667269225D,'21:00:00','2025-03-05 15:08:34','2026-03-21 15:08:44'),
 (12,9,0x5B22736174222C2273756E225D,'12:00:00','2025-09-08 15:08:35','2026-03-21 15:08:44'),
 (13,9,0x5B22747565222C22746875225D,'18:00:00','2025-09-15 15:08:35','2026-03-21 15:08:44'),
 (14,10,0x5B226D6F6E222C22747565222C22776564222C22746875222C22667269225D,'12:00:00','2025-12-07 15:08:35','2026-03-21 15:08:44'),
 (15,11,0x5B22736174225D,'18:00:00','2025-05-12 15:08:36','2026-03-21 15:08:44'),
 (16,12,0x5B22736174222C2273756E225D,'18:00:00','2026-02-12 15:08:36','2026-03-21 15:08:44'),
 (17,13,0x5B226D6F6E222C22747565222C22776564222C22746875222C22667269225D,'21:00:00','2025-04-13 15:08:36','2026-03-21 15:08:44'),
 (18,13,0x5B22736174225D,'18:00:00','2025-04-20 15:08:36','2026-03-21 15:08:44'),
 (19,14,0x5B22736174222C2273756E225D,'21:00:00','2025-06-26 15:08:37','2026-03-21 15:08:44'),
 (20,15,0x5B22736174225D,'21:00:00','2025-08-26 15:08:37','2026-03-21 15:08:44'),
 (21,15,0x5B22736174222C2273756E225D,'18:00:00','2025-09-02 15:08:37','2026-03-21 15:08:44'),
 (22,16,0x5B22736174225D,'09:00:00','2025-04-07 15:08:37','2026-03-21 15:08:44'),
 (23,17,0x5B22747565222C22746875225D,'12:00:00','2025-06-01 15:08:38','2026-03-21 15:08:44'),
 (24,18,0x5B22747565222C22746875225D,'12:00:00','2026-03-09 15:08:38','2026-03-21 15:08:44'),
 (25,19,0x5B22736174222C2273756E225D,'21:00:00','2026-03-06 15:08:38','2026-03-21 15:08:44'),
 (26,19,0x5B226D6F6E222C22776564222C22667269225D,'09:00:00','2026-03-13 15:08:38','2026-03-21 15:08:44'),
 (27,20,0x5B22736174225D,'18:00:00','2025-06-22 15:08:39','2026-03-21 15:08:44'),
 (28,20,0x5B22747565222C22746875225D,'21:00:00','2025-06-29 15:08:39','2026-03-21 15:08:44'),
 (29,21,0x5B226D6F6E222C22776564222C22667269225D,'18:00:00','2025-02-14 15:08:39','2026-03-21 15:08:44'),
 (30,21,0x5B226D6F6E222C22747565222C22776564222C22746875222C22667269225D,'12:00:00','2025-02-21 15:08:39','2026-03-21 15:08:44'),
 (31,22,0x5B22747565222C22746875225D,'18:00:00','2026-01-12 15:08:40','2026-03-21 15:08:44'),
 (32,22,0x5B22736174222C2273756E225D,'20:00:00','2026-01-19 15:08:40','2026-03-21 15:08:44'),
 (33,23,0x5B226D6F6E222C22776564222C22667269225D,'12:00:00','2025-05-18 15:08:40','2026-03-21 15:08:44'),
 (34,24,0x5B226D6F6E222C22747565222C22776564222C22746875222C22667269225D,'18:00:00','2025-06-25 15:08:41','2026-03-21 15:08:44'),
 (35,25,0x5B22736174225D,'18:00:00','2026-01-22 15:08:41','2026-03-21 15:08:44'),
 (36,26,0x5B22747565222C22746875225D,'20:00:00','2025-10-24 15:08:41','2026-03-21 15:08:44'),
 (37,27,0x5B22747565222C22746875225D,'09:00:00','2025-12-10 15:08:42','2026-03-21 15:08:44'),
 (38,28,0x5B22736174222C2273756E225D,'18:00:00','2025-05-06 15:08:42','2026-03-21 15:08:44'),
 (39,29,0x5B22736174225D,'12:00:00','2025-09-23 15:08:42','2026-03-21 15:08:44'),
 (40,29,0x5B226D6F6E222C22747565222C22776564222C22746875222C22667269225D,'20:00:00','2025-09-30 15:08:42','2026-03-21 15:08:44'),
 (41,30,0x5B226D6F6E222C22776564222C22667269225D,'09:00:00','2025-08-16 15:08:43','2026-03-21 15:08:44'),
 (42,30,0x5B226D6F6E222C22747565222C22776564222C22746875222C22667269225D,'12:00:00','2025-08-23 15:08:43','2026-03-21 15:08:44'),
 (43,31,0x5B22747565222C22746875225D,'09:00:00','2025-03-15 15:08:43','2026-03-21 15:08:44'),
 (44,32,0x5B226D6F6E222C22747565222C22776564222C22746875222C22667269225D,'09:00:00','2026-03-19 15:08:43','2026-03-21 15:08:44'),
 (45,32,0x5B226D6F6E222C22776564222C22667269225D,'12:00:00','2026-03-26 15:08:43','2026-03-21 15:08:44');
/*!40000 ALTER TABLE `schedules` ENABLE KEYS */;


--
-- Definition of table `sessions`
--

DROP TABLE IF EXISTS `sessions`;
CREATE TABLE `sessions` (
  `id` varchar(255) NOT NULL,
  `user_id` bigint(20) unsigned DEFAULT NULL,
  `ip_address` varchar(45) DEFAULT NULL,
  `user_agent` text DEFAULT NULL,
  `payload` longtext NOT NULL,
  `last_activity` int(11) NOT NULL,
  PRIMARY KEY (`id`),
  KEY `sessions_user_id_index` (`user_id`),
  KEY `sessions_last_activity_index` (`last_activity`)
) ENGINE=InnoDB DEFAULT CHARSET=utf8mb4 COLLATE=utf8mb4_unicode_ci;

--
-- Dumping data for table `sessions`
--

/*!40000 ALTER TABLE `sessions` DISABLE KEYS */;
INSERT INTO `sessions` (`id`,`user_id`,`ip_address`,`user_agent`,`payload`,`last_activity`) VALUES 
 ('9rA4OonlVTdJz6uveWaKUODQdrKkL7PEav3ZvtMJ',NULL,'127.0.0.1','Mozilla/5.0 (Windows NT 10.0; Win64; x64) AppleWebKit/537.36 (KHTML, like Gecko) Herd/1.28.0 Chrome/120.0.6099.291 Electron/28.2.5 Safari/537.36','YTozOntzOjY6Il90b2tlbiI7czo0MDoiaUZkVWIwRFk3Qm5vdkRubDJJUmpSQ0R0VVVSbk1SVlpDcURwV2JxSSI7czo5OiJfcHJldmlvdXMiO2E6Mjp7czozOiJ1cmwiO3M6MzU6Imh0dHBzOi8vc29jaWFsdHQudGVzdC8/aGVyZD1wcmV2aWV3IjtzOjU6InJvdXRlIjtzOjQ6ImhvbWUiO31zOjY6Il9mbGFzaCI7YToyOntzOjM6Im9sZCI7YTowOnt9czozOiJuZXciO2E6MDp7fX19',1777626683),
 ('cxt0VyYmNywfYxbhxCMjVZiRXAw0iypcFaSEjeml',1,'127.0.0.1','Mozilla/5.0 (Windows NT 10.0; Win64; x64) AppleWebKit/537.36 (KHTML, like Gecko) Chrome/147.0.0.0 Safari/537.36','YTo5OntzOjY6Il90b2tlbiI7czo0MDoiaUJhZG9YWlJqVFRUOGZSQUx3M3IzNDY3TjJ3Y25kNm9uRUhNRktVVCI7czo5OiJfcHJldmlvdXMiO2E6Mjp7czozOiJ1cmwiO3M6MzU6Imh0dHBzOi8vc29jaWFsdGlrdG9rLnRlc3Qvc2lndWllbmRvIjtzOjU6InJvdXRlIjtzOjE1OiJmb2xsb3dpbmcuaW5kZXgiO31zOjY6Il9mbGFzaCI7YToyOntzOjM6Im9sZCI7YTowOnt9czozOiJuZXciO2E6MDp7fX1zOjEwOiJhcHBlYXJhbmNlIjtzOjU6ImxpZ2h0IjtzOjUwOiJsb2dpbl93ZWJfNTliYTM2YWRkYzJiMmY5NDAxNTgwZjAxNGM3ZjU4ZWE0ZTMwOTg5ZCI7aToxO3M6MTM6InVzZXJfc2V0dGluZ3MiO2E6MTp7czo1OiJ0aGVtZSI7czo1OiJsaWdodCI7fXM6MjA6InVzZXJfc2V0dGluZ3NfbG9hZGVkIjtiOjE7czo1OiJ0aGVtZSI7czo1OiJsaWdodCI7czoyMToicGFzc3dvcmRfaGFzaF9zYW5jdHVtIjtzOjY0OiJmNTlkYTU5YzZhZWRjOTM0YWIzODM1NTcyOTA4N2VmYmJiOWE2Yjk2YjkwYzU3NTcwNDllY2MwNWJjNzc5NjFjIjt9',1777480096),
 ('IoqyREdheGO8BJ0dvjfBe4rZ6ncH6BuMt7wpG6te',1,'127.0.0.1','Mozilla/5.0 (Windows NT 10.0; Win64; x64) AppleWebKit/537.36 (KHTML, like Gecko) Chrome/147.0.0.0 Safari/537.36','YTo4OntzOjY6Il90b2tlbiI7czo0MDoiZmgxbGRSNnZmVERScmt0UmozekFUN2tyMDJkQkFHMEtveGhpY2JvZyI7czo5OiJfcHJldmlvdXMiO2E6Mjp7czozOiJ1cmwiO3M6MzE6Imh0dHBzOi8vc29jaWFsdHQudGVzdC9zaWd1aWVuZG8iO3M6NToicm91dGUiO3M6MTU6ImZvbGxvd2luZy5pbmRleCI7fXM6NjoiX2ZsYXNoIjthOjI6e3M6Mzoib2xkIjthOjA6e31zOjM6Im5ldyI7YTowOnt9fXM6NTA6ImxvZ2luX3dlYl81OWJhMzZhZGRjMmIyZjk0MDE1ODBmMDE0YzdmNThlYTRlMzA5ODlkIjtpOjE7czoxMzoidXNlcl9zZXR0aW5ncyI7YToxOntzOjU6InRoZW1lIjtzOjU6ImxpZ2h0Ijt9czoyMDoidXNlcl9zZXR0aW5nc19sb2FkZWQiO2I6MTtzOjU6InRoZW1lIjtzOjU6ImxpZ2h0IjtzOjIxOiJwYXNzd29yZF9oYXNoX3NhbmN0dW0iO3M6NjQ6ImY1OWRhNTljNmFlZGM5MzRhYjM4MzU1NzI5MDg3ZWZiYmI5YTZiOTZiOTBjNTc1NzA0OWVjYzA1YmM3Nzk2MWMiO30=',1777481099),
 ('lJJym45JJACfyD1Zx7Q0IVwQEZYgSceDW65Wo9xY',1,'127.0.0.1','Mozilla/5.0 (Windows NT 10.0; Win64; x64) AppleWebKit/537.36 (KHTML, like Gecko) Chrome/147.0.0.0 Safari/537.36','YTo5OntzOjY6Il90b2tlbiI7czo0MDoiRmlmdWhzSDE2RUxDdmFwOExoeW9SRGlmZ09PZGlpVkJLVE55Um1ibyI7czo5OiJfcHJldmlvdXMiO2E6Mjp7czozOiJ1cmwiO3M6MzE6Imh0dHBzOi8vc29jaWFsdHQudGVzdC9kYXNoYm9hcmQiO3M6NToicm91dGUiO3M6OToiZGFzaGJvYXJkIjt9czo2OiJfZmxhc2giO2E6Mjp7czozOiJvbGQiO2E6MDp7fXM6MzoibmV3IjthOjA6e319czo1MDoibG9naW5fd2ViXzU5YmEzNmFkZGMyYjJmOTQwMTU4MGYwMTRjN2Y1OGVhNGUzMDk4OWQiO2k6MTtzOjEzOiJ1c2VyX3NldHRpbmdzIjthOjE6e3M6NToidGhlbWUiO3M6NToibGlnaHQiO31zOjIwOiJ1c2VyX3NldHRpbmdzX2xvYWRlZCI7YjoxO3M6NToidGhlbWUiO3M6NToibGlnaHQiO3M6MjE6InBhc3N3b3JkX2hhc2hfc2FuY3R1bSI7czo2NDoiZjU5ZGE1OWM2YWVkYzkzNGFiMzgzNTU3MjkwODdlZmJiYjlhNmI5NmI5MGM1NzU3MDQ5ZWNjMDViYzc3OTYxYyI7czoxMDoiYXBwZWFyYW5jZSI7czo1OiJsaWdodCI7fQ==',1777627689),
 ('rOWzmEFnc8Z50479tTCvtkYxs9PdVXyCiGdUUvch',NULL,'127.0.0.1','Mozilla/5.0 (Windows NT 10.0; Win64; x64) AppleWebKit/537.36 (KHTML, like Gecko) Herd/1.28.0 Chrome/120.0.6099.291 Electron/28.2.5 Safari/537.36','YTozOntzOjY6Il90b2tlbiI7czo0MDoiVE1pb1hKU1JuUEtpQjRvMEpPSzVxcmlVYWQ2WkZLT0x1amY3VVFOcSI7czo5OiJfcHJldmlvdXMiO2E6Mjp7czozOiJ1cmwiO3M6MzU6Imh0dHBzOi8vc29jaWFsdHQudGVzdC8/aGVyZD1wcmV2aWV3IjtzOjU6InJvdXRlIjtzOjQ6ImhvbWUiO31zOjY6Il9mbGFzaCI7YToyOntzOjM6Im9sZCI7YTowOnt9czozOiJuZXciO2E6MDp7fX19',1777481067);
/*!40000 ALTER TABLE `sessions` ENABLE KEYS */;


--
-- Definition of table `settings`
--

DROP TABLE IF EXISTS `settings`;
CREATE TABLE `settings` (
  `id` bigint(20) unsigned NOT NULL AUTO_INCREMENT,
  `group` varchar(255) NOT NULL,
  `name` varchar(255) NOT NULL,
  `locked` tinyint(1) NOT NULL DEFAULT 0,
  `payload` longtext CHARACTER SET utf8mb4 COLLATE utf8mb4_bin NOT NULL CHECK (json_valid(`payload`)),
  `created_at` timestamp NULL DEFAULT NULL,
  `updated_at` timestamp NULL DEFAULT NULL,
  PRIMARY KEY (`id`),
  UNIQUE KEY `settings_group_name_unique` (`group`,`name`)
) ENGINE=InnoDB DEFAULT CHARSET=utf8mb4 COLLATE=utf8mb4_unicode_ci;

--
-- Dumping data for table `settings`
--

/*!40000 ALTER TABLE `settings` DISABLE KEYS */;
/*!40000 ALTER TABLE `settings` ENABLE KEYS */;


--
-- Definition of table `social_account_blocks`
--

DROP TABLE IF EXISTS `social_account_blocks`;
CREATE TABLE `social_account_blocks` (
  `id` bigint(20) unsigned NOT NULL AUTO_INCREMENT,
  `social_account_id` bigint(20) unsigned NOT NULL,
  `blocked_at` datetime NOT NULL,
  `activates_at` datetime NOT NULL,
  `created_at` timestamp NULL DEFAULT NULL,
  `updated_at` timestamp NULL DEFAULT NULL,
  PRIMARY KEY (`id`),
  UNIQUE KEY `social_account_blocks_social_account_id_unique` (`social_account_id`),
  CONSTRAINT `social_account_blocks_social_account_id_foreign` FOREIGN KEY (`social_account_id`) REFERENCES `social_accounts` (`id`) ON DELETE CASCADE
) ENGINE=InnoDB DEFAULT CHARSET=utf8mb4 COLLATE=utf8mb4_unicode_ci;

--
-- Dumping data for table `social_account_blocks`
--

/*!40000 ALTER TABLE `social_account_blocks` DISABLE KEYS */;
/*!40000 ALTER TABLE `social_account_blocks` ENABLE KEYS */;


--
-- Definition of table `social_account_events`
--

DROP TABLE IF EXISTS `social_account_events`;
CREATE TABLE `social_account_events` (
  `id` bigint(20) unsigned NOT NULL AUTO_INCREMENT,
  `social_account_id` bigint(20) unsigned NOT NULL,
  `type` enum('registered','verified','deleted','stolen','username_changed') NOT NULL,
  `meta` longtext CHARACTER SET utf8mb4 COLLATE utf8mb4_bin DEFAULT NULL CHECK (json_valid(`meta`)),
  `created_at` timestamp NULL DEFAULT NULL,
  `updated_at` timestamp NULL DEFAULT NULL,
  PRIMARY KEY (`id`)
) ENGINE=InnoDB AUTO_INCREMENT=84 DEFAULT CHARSET=utf8mb4 COLLATE=utf8mb4_unicode_ci;

--
-- Dumping data for table `social_account_events`
--

/*!40000 ALTER TABLE `social_account_events` DISABLE KEYS */;
INSERT INTO `social_account_events` (`id`,`social_account_id`,`type`,`meta`,`created_at`,`updated_at`) VALUES 
 (1,7,'registered',0x227B5C22726567697374657265645F61745C223A5C22323032352D31312D32315431353A30383A33312B30303A30305C227D22,'2025-11-21 15:08:31','2026-03-21 15:08:31'),
 (2,8,'registered',0x227B5C22726567697374657265645F61745C223A5C22323032352D31322D30315431353A30383A33312B30303A30305C227D22,'2025-12-01 15:08:31','2026-03-21 15:08:31'),
 (3,9,'registered',0x227B5C22726567697374657265645F61745C223A5C22323032352D31322D30365431353A30383A33312B30303A30305C227D22,'2025-12-06 15:08:31','2026-03-21 15:08:31'),
 (4,10,'registered',NULL,'2026-04-28 15:08:31','2026-03-21 15:08:43'),
 (5,11,'registered',NULL,'2026-05-04 15:08:31','2026-03-21 15:08:43'),
 (6,12,'registered',NULL,'2026-04-10 15:08:31','2026-03-21 15:08:43'),
 (7,13,'registered',NULL,'2025-04-25 15:08:31','2026-03-21 15:08:43'),
 (8,14,'registered',NULL,'2026-02-20 15:08:33','2026-03-21 15:08:43'),
 (9,15,'registered',NULL,'2026-02-19 15:08:33','2026-03-21 15:08:43'),
 (10,16,'registered',NULL,'2026-02-15 15:08:33','2026-03-21 15:08:44'),
 (11,17,'registered',NULL,'2026-02-08 15:08:33','2026-03-21 15:08:44'),
 (12,18,'registered',NULL,'2025-08-30 15:08:34','2026-03-21 15:08:44'),
 (13,19,'registered',NULL,'2026-02-14 15:08:34','2026-03-21 15:08:44'),
 (14,20,'registered',NULL,'2026-02-11 15:08:34','2026-03-21 15:08:44'),
 (15,21,'registered',NULL,'2025-11-10 15:08:34','2026-03-21 15:08:44'),
 (16,22,'registered',NULL,'2025-11-19 15:08:34','2026-03-21 15:08:44'),
 (17,23,'registered',NULL,'2025-12-26 15:08:34','2026-03-21 15:08:44'),
 (18,24,'registered',NULL,'2025-03-09 15:08:34','2026-03-21 15:08:44'),
 (19,25,'registered',NULL,'2025-09-11 15:08:35','2026-03-21 15:08:44'),
 (20,26,'registered',NULL,'2025-10-19 15:08:35','2026-03-21 15:08:44'),
 (21,27,'registered',NULL,'2025-12-03 15:08:35','2026-03-21 15:08:44'),
 (22,28,'registered',NULL,'2026-01-23 15:08:35','2026-03-21 15:08:44'),
 (23,29,'registered',NULL,'2025-12-09 15:08:35','2026-03-21 15:08:44'),
 (24,30,'registered',NULL,'2025-12-05 15:08:35','2026-03-21 15:08:44'),
 (25,31,'registered',NULL,'2025-05-29 15:08:36','2026-03-21 15:08:44'),
 (26,32,'registered',NULL,'2025-06-12 15:08:36','2026-03-21 15:08:44'),
 (27,33,'registered',NULL,'2025-05-10 15:08:36','2026-03-21 15:08:44'),
 (28,34,'registered',NULL,'2026-02-14 15:08:36','2026-03-21 15:08:44'),
 (29,35,'registered',NULL,'2026-03-23 15:08:36','2026-03-21 15:08:44'),
 (30,36,'registered',NULL,'2025-04-17 15:08:36','2026-03-21 15:08:44'),
 (31,37,'registered',NULL,'2025-07-06 15:08:37','2026-03-21 15:08:44'),
 (32,38,'registered',NULL,'2025-06-27 15:08:37','2026-03-21 15:08:44'),
 (33,39,'registered',NULL,'2025-07-13 15:08:37','2026-03-21 15:08:44'),
 (34,40,'registered',NULL,'2025-08-16 15:08:37','2026-03-21 15:08:44'),
 (35,41,'registered',NULL,'2025-09-29 15:08:37','2026-03-21 15:08:44'),
 (36,42,'registered',NULL,'2025-09-27 15:08:37','2026-03-21 15:08:44'),
 (37,43,'registered',NULL,'2025-04-22 15:08:37','2026-03-21 15:08:44'),
 (38,44,'registered',NULL,'2025-05-20 15:08:37','2026-03-21 15:08:44'),
 (39,45,'registered',NULL,'2025-05-29 15:08:38','2026-03-21 15:08:44'),
 (40,46,'registered',NULL,'2025-07-13 15:08:38','2026-03-21 15:08:44'),
 (41,47,'registered',NULL,'2025-06-23 15:08:38','2026-03-21 15:08:44'),
 (42,48,'registered',NULL,'2025-06-06 15:08:38','2026-03-21 15:08:44'),
 (43,49,'registered',NULL,'2026-03-27 15:08:38','2026-03-21 15:08:44'),
 (44,50,'registered',NULL,'2026-03-10 15:08:38','2026-03-21 15:08:44'),
 (45,51,'registered',NULL,'2026-04-11 15:08:38','2026-03-21 15:08:44'),
 (46,52,'registered',NULL,'2026-03-12 15:08:38','2026-03-21 15:08:44'),
 (47,53,'registered',NULL,'2026-03-09 15:08:38','2026-03-21 15:08:44'),
 (48,54,'registered',NULL,'2026-03-26 15:08:38','2026-03-21 15:08:44'),
 (49,55,'registered',NULL,'2026-04-24 15:08:38','2026-03-21 15:08:44'),
 (50,56,'registered',NULL,'2025-06-16 15:08:39','2026-03-21 15:08:44'),
 (51,57,'registered',NULL,'2025-07-08 15:08:39','2026-03-21 15:08:44'),
 (52,58,'registered',NULL,'2025-07-20 15:08:39','2026-03-21 15:08:44'),
 (53,59,'registered',NULL,'2025-07-20 15:08:39','2026-03-21 15:08:44'),
 (54,60,'registered',NULL,'2025-02-04 15:08:39','2026-03-21 15:08:44'),
 (55,61,'registered',NULL,'2026-01-31 15:08:40','2026-03-21 15:08:44'),
 (56,62,'registered',NULL,'2025-05-08 15:08:40','2026-03-21 15:08:44'),
 (57,63,'registered',NULL,'2025-05-29 15:08:40','2026-03-21 15:08:44'),
 (58,64,'registered',NULL,'2025-06-20 15:08:40','2026-03-21 15:08:44'),
 (59,65,'registered',NULL,'2025-05-23 15:08:40','2026-03-21 15:08:44'),
 (60,66,'registered',NULL,'2025-07-06 15:08:41','2026-03-21 15:08:44'),
 (61,67,'registered',NULL,'2025-08-06 15:08:41','2026-03-21 15:08:44'),
 (62,68,'registered',NULL,'2025-07-25 15:08:41','2026-03-21 15:08:44'),
 (63,69,'registered',NULL,'2026-01-14 15:08:41','2026-03-21 15:08:44'),
 (64,70,'registered',NULL,'2026-01-20 15:08:41','2026-03-21 15:08:44'),
 (65,71,'registered',NULL,'2025-10-24 15:08:41','2026-03-21 15:08:44'),
 (66,72,'registered',NULL,'2025-11-29 15:08:41','2026-03-21 15:08:44'),
 (67,73,'registered',NULL,'2025-10-25 15:08:41','2026-03-21 15:08:44'),
 (68,74,'registered',NULL,'2025-12-09 15:08:42','2026-03-21 15:08:44'),
 (69,75,'registered',NULL,'2026-01-08 15:08:42','2026-03-21 15:08:44'),
 (70,76,'registered',NULL,'2026-01-14 15:08:42','2026-03-21 15:08:44'),
 (71,77,'registered',NULL,'2025-05-04 15:08:42','2026-03-21 15:08:44'),
 (72,78,'registered',NULL,'2025-05-10 15:08:42','2026-03-21 15:08:44'),
 (73,79,'registered',NULL,'2025-05-21 15:08:42','2026-03-21 15:08:44'),
 (74,80,'registered',NULL,'2025-10-02 15:08:42','2026-03-21 15:08:44'),
 (75,81,'registered',NULL,'2025-08-19 15:08:43','2026-03-21 15:08:44'),
 (76,82,'registered',NULL,'2025-08-27 15:08:43','2026-03-21 15:08:44'),
 (77,83,'registered',NULL,'2025-09-02 15:08:43','2026-03-21 15:08:44'),
 (78,84,'registered',NULL,'2025-09-23 15:08:43','2026-03-21 15:08:44'),
 (79,85,'registered',NULL,'2025-03-12 15:08:43','2026-03-21 15:08:44'),
 (80,86,'registered',NULL,'2025-03-13 15:08:43','2026-03-21 15:08:44'),
 (81,87,'registered',NULL,'2025-04-21 15:08:43','2026-03-21 15:08:44'),
 (82,88,'registered',NULL,'2026-04-05 15:08:43','2026-03-21 15:08:44'),
 (83,89,'registered',NULL,'2026-05-04 15:08:43','2026-03-21 15:08:44');
/*!40000 ALTER TABLE `social_account_events` ENABLE KEYS */;


--
-- Definition of table `social_account_topic`
--

DROP TABLE IF EXISTS `social_account_topic`;
CREATE TABLE `social_account_topic` (
  `id` bigint(20) unsigned NOT NULL AUTO_INCREMENT,
  `social_account_id` bigint(20) unsigned NOT NULL,
  `topic_id` bigint(20) unsigned NOT NULL,
  `created_at` timestamp NULL DEFAULT NULL,
  `updated_at` timestamp NULL DEFAULT NULL,
  PRIMARY KEY (`id`),
  UNIQUE KEY `social_account_topic_social_account_id_topic_id_unique` (`social_account_id`,`topic_id`),
  KEY `social_account_topic_topic_id_foreign` (`topic_id`),
  CONSTRAINT `social_account_topic_social_account_id_foreign` FOREIGN KEY (`social_account_id`) REFERENCES `social_accounts` (`id`) ON DELETE CASCADE,
  CONSTRAINT `social_account_topic_topic_id_foreign` FOREIGN KEY (`topic_id`) REFERENCES `topics` (`id`) ON DELETE CASCADE
) ENGINE=InnoDB DEFAULT CHARSET=utf8mb4 COLLATE=utf8mb4_unicode_ci;

--
-- Dumping data for table `social_account_topic`
--

/*!40000 ALTER TABLE `social_account_topic` DISABLE KEYS */;
/*!40000 ALTER TABLE `social_account_topic` ENABLE KEYS */;


--
-- Definition of table `social_accounts`
--

DROP TABLE IF EXISTS `social_accounts`;
CREATE TABLE `social_accounts` (
  `id` bigint(20) unsigned NOT NULL AUTO_INCREMENT,
  `user_id` bigint(20) unsigned NOT NULL,
  `social_network_id` bigint(20) unsigned NOT NULL,
  `display_name` varchar(255) DEFAULT NULL,
  `username` varchar(255) NOT NULL,
  `url` varchar(255) DEFAULT NULL,
  `avatar_url` varchar(2048) DEFAULT NULL,
  `current_status` enum('active','deleted','stolen','blocked') NOT NULL DEFAULT 'active',
  `is_verified` tinyint(1) NOT NULL DEFAULT 0,
  `is_primary` tinyint(1) NOT NULL DEFAULT 0,
  `last_checked_at` timestamp NULL DEFAULT NULL,
  `created_at` timestamp NULL DEFAULT NULL,
  `updated_at` timestamp NULL DEFAULT NULL,
  PRIMARY KEY (`id`)
) ENGINE=InnoDB AUTO_INCREMENT=90 DEFAULT CHARSET=utf8mb4 COLLATE=utf8mb4_unicode_ci;

--
-- Dumping data for table `social_accounts`
--

/*!40000 ALTER TABLE `social_accounts` DISABLE KEYS */;
INSERT INTO `social_accounts` (`id`,`user_id`,`social_network_id`,`display_name`,`username`,`url`,`avatar_url`,`current_status`,`is_verified`,`is_primary`,`last_checked_at`,`created_at`,`updated_at`) VALUES 
 (1,1,2,'Cristiano Consciente','Cristiano_Consciente','https://www.tiktok.com/@Cristiano_Consciente',NULL,'active',1,1,'2026-03-21 15:08:31','2026-03-21 15:08:31','2026-03-21 15:08:31'),
 (2,1,2,'Ruben Web Developer','rubenrp81','https://www.tiktok.com/@rubenrp81',NULL,'active',0,0,'2026-03-21 15:08:31','2026-03-21 15:08:31','2026-03-21 15:08:31'),
 (3,1,6,'Ruben Ruíz','profile.php?id=61572832117907','https://www.facebook.com/profile.php?id=61572832117907',NULL,'active',0,0,'2026-04-29 13:54:10','2026-03-21 15:08:31','2026-04-29 13:54:10'),
 (4,1,6,'Rubén Ruíz','rubenrp81','https://www.facebook.com/rubenrp81',NULL,'active',0,1,'2026-03-21 15:08:31','2026-03-21 15:08:31','2026-03-21 15:08:31'),
 (5,1,3,'Rubén Ruíz','rubenrp81','https://www.instagram.com/rubenrp81',NULL,'active',0,1,'2026-03-21 15:08:31','2026-03-21 15:08:31','2026-03-21 15:08:31'),
 (6,1,1,'Rubén Ruíz','rubenrp81','https://x.com/rubenrp81',NULL,'active',0,1,'2026-03-21 15:08:31','2026-03-21 15:08:31','2026-03-21 15:08:31'),
 (7,2,2,'TikTok principal','Cristiano_Consciente','https://www.tiktok.com/@Cristiano_Consciente',NULL,'active',1,1,'2026-03-19 15:08:31','2025-11-21 15:08:31','2026-03-21 15:08:31'),
 (8,2,3,'Instagram — Creador demo','CreadorDemo','https://www.instagram.com/CreadorDemo',NULL,'active',0,1,'2026-03-19 15:08:31','2025-12-01 15:08:31','2026-03-21 15:08:31'),
 (9,2,4,'YouTube — Creador demo','creador2','https://www.youtube.com/@creador2',NULL,'active',0,1,'2026-03-19 15:08:31','2025-12-06 15:08:31','2026-03-21 15:08:31'),
 (10,1,4,'YouTube · Rubén Ruíz','rubenruiz_youtube','https://www.youtube.com/@rubenruiz_youtube',NULL,'active',0,1,'2026-03-08 15:08:43','2026-04-28 15:08:31','2026-05-11 15:08:31'),
 (11,1,8,'LinkedIn · Rubén Ruíz','rubenruiz_linkedin','https://www.linkedin.com/in/rubenruiz_linkedin',NULL,'active',1,1,'2026-03-14 15:08:43','2026-05-04 15:08:31','2026-05-10 15:08:31'),
 (12,1,9,'Threads · Rubén Ruíz','rubenruiz_threads','https://www.threads.net/@rubenruiz_threads',NULL,'deleted',0,1,'2026-03-15 15:08:43','2026-04-10 15:08:31','2026-04-14 15:08:31'),
 (13,3,2,'TikTok · Sra. Nahia Alarcón Hijo','sranahiaalarconhijo_tk','https://www.tiktok.com/@sranahiaalarconhijo_tk',NULL,'active',0,1,'2026-03-10 15:08:43','2025-04-25 15:08:31','2025-05-15 15:08:31'),
 (14,4,2,'TikTok · Pol Blázquez','polblazquez_tk','https://www.tiktok.com/@polblazquez_tk',NULL,'active',0,1,'2026-03-10 15:08:43','2026-02-20 15:08:33','2026-02-21 15:08:33'),
 (15,4,1,'X · Pol Blázquez','polblazquez_x','https://x.com/polblazquez_x',NULL,'deleted',1,1,'2026-03-16 15:08:43','2026-02-19 15:08:33','2026-03-02 15:08:33'),
 (16,4,6,'Facebook · Pol Blázquez','polblazquez_facebook','https://www.facebook.com/polblazquez_facebook',NULL,'active',0,1,'2026-03-07 15:08:44','2026-02-15 15:08:33','2026-02-25 15:08:33'),
 (17,4,9,'Threads · Pol Blázquez','polblazquez_threads','https://www.threads.net/@polblazquez_threads',NULL,'deleted',0,1,'2026-03-14 15:08:44','2026-02-08 15:08:33','2026-02-21 15:08:33'),
 (18,5,2,'TikTok · Francisco Javier Nieves','franciscojaviernieves_tk','https://www.tiktok.com/@franciscojaviernieves_tk',NULL,'active',0,1,'2026-03-20 15:08:44','2025-08-30 15:08:34','2025-09-08 15:08:34'),
 (19,6,2,'TikTok · Dr. Leo Barreto','drleobarreto_tk','https://www.tiktok.com/@drleobarreto_tk',NULL,'active',0,1,'2026-03-17 15:08:44','2026-02-14 15:08:34','2026-03-02 15:08:34'),
 (20,6,1,'X · Dr. Leo Barreto','drleobarreto_x','https://x.com/drleobarreto_x',NULL,'active',0,1,'2026-03-18 15:08:44','2026-02-11 15:08:34','2026-02-18 15:08:34'),
 (21,7,2,'TikTok · Ignacio Figueroa','ignaciofigueroa_tk','https://www.tiktok.com/@ignaciofigueroa_tk',NULL,'active',1,1,'2026-03-19 15:08:44','2025-11-10 15:08:34','2025-11-12 15:08:34'),
 (22,7,3,'Instagram · Ignacio Figueroa','ignaciofigueroa_instagram','https://www.instagram.com/ignaciofigueroa_instagram',NULL,'active',0,1,'2026-03-07 15:08:44','2025-11-19 15:08:34','2025-11-28 15:08:34'),
 (23,7,7,'Twitch · Ignacio Figueroa','ignaciofigueroa_twitch','https://www.twitch.tv/ignaciofigueroa_twitch',NULL,'active',0,1,'2026-03-17 15:08:44','2025-12-26 15:08:34','2025-12-29 15:08:34'),
 (24,8,2,'Ivana Ormeño','angie_orm','https://www.tiktok.com/@angie_orm',NULL,'active',1,1,'2026-04-29 12:50:49','2025-03-09 15:08:34','2026-04-29 12:50:49'),
 (25,9,2,'TikTok · Ainara Galindo','ainaragalindo_tk','https://www.tiktok.com/@ainaragalindo_tk',NULL,'active',0,1,'2026-03-18 15:08:44','2025-09-11 15:08:35','2025-09-27 15:08:35'),
 (26,9,1,'X · Ainara Galindo','ainaragalindo_x','https://x.com/ainaragalindo_x',NULL,'deleted',1,1,'2026-03-11 15:08:44','2025-10-19 15:08:35','2025-11-04 15:08:35'),
 (27,10,2,'TikTok · Clara Partida','clarapartida_tk','https://www.tiktok.com/@clarapartida_tk',NULL,'active',0,1,'2026-03-07 15:08:44','2025-12-03 15:08:35','2025-12-09 15:08:35'),
 (28,10,6,'Facebook · Clara Partida','clarapartida_facebook','https://www.facebook.com/clarapartida_facebook',NULL,'active',0,1,'2026-03-08 15:08:44','2026-01-23 15:08:35','2026-01-25 15:08:35'),
 (29,10,8,'LinkedIn · Clara Partida','clarapartida_linkedin','https://www.linkedin.com/in/clarapartida_linkedin',NULL,'active',0,1,'2026-03-07 15:08:44','2025-12-09 15:08:35','2025-12-26 15:08:35'),
 (30,10,9,'Threads · Clara Partida','clarapartida_threads','https://www.threads.net/@clarapartida_threads',NULL,'active',0,1,'2026-03-08 15:08:44','2025-12-05 15:08:35','2025-12-10 15:08:35'),
 (31,11,2,'TikTok · Guillermo Reynoso','guillermoreynoso_tk','https://www.tiktok.com/@guillermoreynoso_tk',NULL,'active',0,1,'2026-03-17 15:08:44','2025-05-29 15:08:36','2025-06-15 15:08:36'),
 (32,11,7,'Twitch · Guillermo Reynoso','guillermoreynoso_twitch','https://www.twitch.tv/guillermoreynoso_twitch',NULL,'active',0,1,'2026-03-19 15:08:44','2025-06-12 15:08:36','2025-06-17 15:08:36'),
 (33,11,9,'Threads · Guillermo Reynoso','guillermoreynoso_threads','https://www.threads.net/@guillermoreynoso_threads',NULL,'deleted',0,1,'2026-03-10 15:08:44','2025-05-10 15:08:36','2025-05-16 15:08:36'),
 (34,12,2,'TikTok · Sr. Manuel Navarro','srmanuelnavarro_tk','https://www.tiktok.com/@srmanuelnavarro_tk',NULL,'active',1,1,'2026-03-11 15:08:44','2026-02-14 15:08:36','2026-03-06 15:08:36'),
 (35,12,8,'LinkedIn · Sr. Manuel Navarro','srmanuelnavarro_linkedin','https://www.linkedin.com/in/srmanuelnavarro_linkedin',NULL,'active',0,1,'2026-03-10 15:08:44','2026-03-23 15:08:36','2026-04-09 15:08:36'),
 (36,13,2,'TikTok · Sara Alva Segundo','saraalvasegundo_tk','https://www.tiktok.com/@saraalvasegundo_tk',NULL,'active',0,1,'2026-03-08 15:08:44','2025-04-17 15:08:36','2025-05-02 15:08:36'),
 (37,14,2,'TikTok · Iker Rodarte Tercero','ikerrodartetercero_tk','https://www.tiktok.com/@ikerrodartetercero_tk',NULL,'active',0,1,'2026-03-14 15:08:44','2025-07-06 15:08:37','2025-07-18 15:08:37'),
 (38,14,8,'LinkedIn · Iker Rodarte Tercero','ikerrodartetercero_linkedin','https://www.linkedin.com/in/ikerrodartetercero_linkedin',NULL,'active',0,1,'2026-03-12 15:08:44','2025-06-27 15:08:37','2025-07-14 15:08:37'),
 (39,14,9,'Threads · Iker Rodarte Tercero','ikerrodartetercero_threads','https://www.threads.net/@ikerrodartetercero_threads',NULL,'active',0,1,'2026-03-18 15:08:44','2025-07-13 15:08:37','2025-07-15 15:08:37'),
 (40,15,2,'TikTok · Bruno Soria Tercero','brunosoriatercero_tk','https://www.tiktok.com/@brunosoriatercero_tk',NULL,'active',0,1,'2026-03-11 15:08:44','2025-08-16 15:08:37','2025-08-26 15:08:37'),
 (41,15,5,'Twitter · Bruno Soria Tercero','brunosoriatercero_twitter','https://twitter.com/brunosoriatercero_twitter',NULL,'deleted',0,1,'2026-03-20 15:08:44','2025-09-29 15:08:37','2025-10-01 15:08:37'),
 (42,15,8,'LinkedIn · Bruno Soria Tercero','brunosoriatercero_linkedin','https://www.linkedin.com/in/brunosoriatercero_linkedin',NULL,'deleted',1,1,'2026-03-20 15:08:44','2025-09-27 15:08:37','2025-10-02 15:08:37'),
 (43,16,2,'TikTok · Daniel Salvador','danielsalvador_tk','https://www.tiktok.com/@danielsalvador_tk',NULL,'active',0,1,'2026-03-07 15:08:44','2025-04-22 15:08:37','2025-04-23 15:08:37'),
 (44,16,5,'Twitter · Daniel Salvador','danielsalvador_twitter','https://twitter.com/danielsalvador_twitter',NULL,'deleted',0,1,'2026-03-07 15:08:44','2025-05-20 15:08:37','2025-06-04 15:08:37'),
 (45,17,2,'TikTok · Jimena Verduzco Hijo','jimenaverduzcohijo_tk','https://www.tiktok.com/@jimenaverduzcohijo_tk',NULL,'active',0,1,'2026-03-16 15:08:44','2025-05-29 15:08:38','2025-06-09 15:08:38'),
 (46,17,5,'Twitter · Jimena Verduzco Hijo','jimenaverduzcohijo_twitter','https://twitter.com/jimenaverduzcohijo_twitter',NULL,'active',1,1,'2026-03-07 15:08:44','2025-07-13 15:08:38','2025-07-17 15:08:38'),
 (47,17,6,'Facebook · Jimena Verduzco Hijo','jimenaverduzcohijo_facebook','https://www.facebook.com/jimenaverduzcohijo_facebook',NULL,'deleted',0,1,'2026-03-11 15:08:44','2025-06-23 15:08:38','2025-07-07 15:08:38'),
 (48,17,9,'Threads · Jimena Verduzco Hijo','jimenaverduzcohijo_threads','https://www.threads.net/@jimenaverduzcohijo_threads',NULL,'active',0,1,'2026-03-17 15:08:44','2025-06-06 15:08:38','2025-06-17 15:08:38'),
 (49,18,2,'TikTok · Arnau Lorenzo','arnaulorenzo_tk','https://www.tiktok.com/@arnaulorenzo_tk',NULL,'active',0,1,'2026-03-12 15:08:44','2026-03-27 15:08:38','2026-04-03 15:08:38'),
 (50,18,4,'YouTube · Arnau Lorenzo','arnaulorenzo_youtube','https://www.youtube.com/@arnaulorenzo_youtube',NULL,'active',0,1,'2026-03-10 15:08:44','2026-03-10 15:08:38','2026-03-30 15:08:38'),
 (51,18,6,'Facebook · Arnau Lorenzo','arnaulorenzo_facebook','https://www.facebook.com/arnaulorenzo_facebook',NULL,'active',0,1,'2026-03-19 15:08:44','2026-04-11 15:08:38','2026-04-19 15:08:38'),
 (52,18,7,'Twitch · Arnau Lorenzo','arnaulorenzo_twitch','https://www.twitch.tv/arnaulorenzo_twitch',NULL,'active',0,1,'2026-03-15 15:08:44','2026-03-12 15:08:38','2026-03-19 15:08:38'),
 (53,19,2,'TikTok · Guillem Marco','guillemmarco_tk','https://www.tiktok.com/@guillemmarco_tk',NULL,'active',0,1,'2026-03-16 15:08:44','2026-03-09 15:08:38','2026-03-11 15:08:38'),
 (54,19,5,'Twitter · Guillem Marco','guillemmarco_twitter','https://twitter.com/guillemmarco_twitter',NULL,'deleted',0,1,'2026-03-14 15:08:44','2026-03-26 15:08:38','2026-04-03 15:08:38'),
 (55,19,8,'LinkedIn · Guillem Marco','guillemmarco_linkedin','https://www.linkedin.com/in/guillemmarco_linkedin',NULL,'active',0,1,'2026-03-16 15:08:44','2026-04-24 15:08:38','2026-05-12 15:08:38'),
 (56,20,2,'TikTok · Ing. Asier Sánchez Tercero','ingasiersancheztercero_tk','https://www.tiktok.com/@ingasiersancheztercero_tk',NULL,'active',1,1,'2026-03-20 15:08:44','2025-06-16 15:08:39','2025-06-29 15:08:39'),
 (57,20,5,'Twitter · Ing. Asier Sánchez Tercero','ingasiersancheztercero_twitter','https://twitter.com/ingasiersancheztercero_twitter',NULL,'deleted',1,1,'2026-03-10 15:08:44','2025-07-08 15:08:39','2025-07-12 15:08:39'),
 (58,20,7,'Twitch · Ing. Asier Sánchez Tercero','ingasiersancheztercero_twitch','https://www.twitch.tv/ingasiersancheztercero_twitch',NULL,'active',0,1,'2026-03-14 15:08:44','2025-07-20 15:08:39','2025-07-24 15:08:39'),
 (59,20,9,'Threads · Ing. Asier Sánchez Tercero','ingasiersancheztercero_threads','https://www.threads.net/@ingasiersancheztercero_threads',NULL,'deleted',0,1,'2026-03-15 15:08:44','2025-07-20 15:08:39','2025-07-25 15:08:39'),
 (60,21,2,'TikTok · Srta. Ainara Garay Tercero','srtaainaragaraytercero_tk','https://www.tiktok.com/@srtaainaragaraytercero_tk',NULL,'active',0,1,'2026-03-08 15:08:44','2025-02-04 15:08:39','2025-02-21 15:08:39'),
 (61,22,2,'TikTok · María Carmen Pascual','mariacarmenpascual_tk','https://www.tiktok.com/@mariacarmenpascual_tk',NULL,'active',0,1,'2026-03-13 15:08:44','2026-01-31 15:08:40','2026-02-17 15:08:40'),
 (62,23,2,'TikTok · Aitana Prado','aitanaprado_tk','https://www.tiktok.com/@aitanaprado_tk',NULL,'active',0,1,'2026-03-10 15:08:44','2025-05-08 15:08:40','2025-05-25 15:08:40'),
 (63,23,3,'Instagram · Aitana Prado','aitanaprado_instagram','https://www.instagram.com/aitanaprado_instagram',NULL,'active',1,1,'2026-03-11 15:08:44','2025-05-29 15:08:40','2025-06-09 15:08:40'),
 (64,23,5,'Twitter · Aitana Prado','aitanaprado_twitter','https://twitter.com/aitanaprado_twitter',NULL,'active',0,1,'2026-03-17 15:08:44','2025-06-20 15:08:40','2025-06-22 15:08:40'),
 (65,23,7,'Twitch · Aitana Prado','aitanaprado_twitch','https://www.twitch.tv/aitanaprado_twitch',NULL,'active',0,1,'2026-03-08 15:08:44','2025-05-23 15:08:40','2025-06-11 15:08:40'),
 (66,24,2,'TikTok · Ignacio Soria','ignaciosoria_tk','https://www.tiktok.com/@ignaciosoria_tk',NULL,'active',0,1,'2026-03-16 15:08:44','2025-07-06 15:08:41','2025-07-21 15:08:41'),
 (67,24,3,'Instagram · Ignacio Soria','ignaciosoria_instagram','https://www.instagram.com/ignaciosoria_instagram',NULL,'deleted',1,1,'2026-03-12 15:08:44','2025-08-06 15:08:41','2025-08-10 15:08:41'),
 (68,24,6,'Facebook · Ignacio Soria','ignaciosoria_facebook','https://www.facebook.com/ignaciosoria_facebook',NULL,'active',0,1,'2026-03-15 15:08:44','2025-07-25 15:08:41','2025-08-06 15:08:41'),
 (69,25,2,'TikTok · Lic. María Pilar Pineda','licmariapilarpineda_tk','https://www.tiktok.com/@licmariapilarpineda_tk',NULL,'active',0,1,'2026-03-14 15:08:44','2026-01-14 15:08:41','2026-01-14 15:08:41'),
 (70,25,3,'Instagram · Lic. María Pilar Pineda','licmariapilarpineda_instagram','https://www.instagram.com/licmariapilarpineda_instagram',NULL,'active',0,1,'2026-03-13 15:08:44','2026-01-20 15:08:41','2026-02-08 15:08:41'),
 (71,26,2,'TikTok · Dr. Julia Heredia Tercero','drjuliaherediatercero_tk','https://www.tiktok.com/@drjuliaherediatercero_tk',NULL,'active',0,1,'2026-03-14 15:08:44','2025-10-24 15:08:41','2025-11-05 15:08:41'),
 (72,26,5,'Twitter · Dr. Julia Heredia Tercero','drjuliaherediatercero_twitter','https://twitter.com/drjuliaherediatercero_twitter',NULL,'deleted',0,1,'2026-03-07 15:08:44','2025-11-29 15:08:41','2025-12-12 15:08:41'),
 (73,26,7,'Twitch · Dr. Julia Heredia Tercero','drjuliaherediatercero_twitch','https://www.twitch.tv/drjuliaherediatercero_twitch',NULL,'deleted',0,1,'2026-03-07 15:08:44','2025-10-25 15:08:41','2025-10-25 15:08:41'),
 (74,27,2,'TikTok · Pol Rascón Segundo','polrasconsegundo_tk','https://www.tiktok.com/@polrasconsegundo_tk',NULL,'active',0,1,'2026-03-18 15:08:44','2025-12-09 15:08:42','2025-12-18 15:08:42'),
 (75,27,4,'YouTube · Pol Rascón Segundo','polrasconsegundo_youtube','https://www.youtube.com/@polrasconsegundo_youtube',NULL,'active',1,1,'2026-03-11 15:08:44','2026-01-08 15:08:42','2026-01-13 15:08:42'),
 (76,27,6,'Facebook · Pol Rascón Segundo','polrasconsegundo_facebook','https://www.facebook.com/polrasconsegundo_facebook',NULL,'deleted',0,1,'2026-03-20 15:08:44','2026-01-14 15:08:42','2026-01-31 15:08:42'),
 (77,28,2,'TikTok · Julia Rivero','juliarivero_tk','https://www.tiktok.com/@juliarivero_tk',NULL,'active',0,1,'2026-03-07 15:08:44','2025-05-04 15:08:42','2025-05-14 15:08:42'),
 (78,28,4,'YouTube · Julia Rivero','juliarivero_youtube','https://www.youtube.com/@juliarivero_youtube',NULL,'deleted',0,1,'2026-03-07 15:08:44','2025-05-10 15:08:42','2025-05-16 15:08:42'),
 (79,28,8,'LinkedIn · Julia Rivero','juliarivero_linkedin','https://www.linkedin.com/in/juliarivero_linkedin',NULL,'deleted',0,1,'2026-03-17 15:08:44','2025-05-21 15:08:42','2025-06-05 15:08:42'),
 (80,29,2,'TikTok · Dr. Joel Soliz Hijo','drjoelsolizhijo_tk','https://www.tiktok.com/@drjoelsolizhijo_tk',NULL,'active',0,1,'2026-03-08 15:08:44','2025-10-02 15:08:42','2025-10-04 15:08:42'),
 (81,30,2,'TikTok · Silvia Contreras','silviacontreras_tk','https://www.tiktok.com/@silviacontreras_tk',NULL,'active',0,1,'2026-03-11 15:08:44','2025-08-19 15:08:43','2025-08-23 15:08:43'),
 (82,30,6,'Facebook · Silvia Contreras','silviacontreras_facebook','https://www.facebook.com/silviacontreras_facebook',NULL,'active',0,1,'2026-03-11 15:08:44','2025-08-27 15:08:43','2025-09-12 15:08:43'),
 (83,30,7,'Twitch · Silvia Contreras','silviacontreras_twitch','https://www.twitch.tv/silviacontreras_twitch',NULL,'deleted',0,1,'2026-03-07 15:08:44','2025-09-02 15:08:43','2025-09-21 15:08:43'),
 (84,30,9,'Threads · Silvia Contreras','silviacontreras_threads','https://www.threads.net/@silviacontreras_threads',NULL,'deleted',0,1,'2026-03-09 15:08:44','2025-09-23 15:08:43','2025-10-08 15:08:43'),
 (85,31,2,'TikTok · Ing. Luisa Castellano','ingluisacastellano_tk','https://www.tiktok.com/@ingluisacastellano_tk',NULL,'active',0,1,'2026-03-19 15:08:44','2025-03-12 15:08:43','2025-03-29 15:08:43'),
 (86,31,6,'Facebook · Ing. Luisa Castellano','ingluisacastellano_facebook','https://www.facebook.com/ingluisacastellano_facebook',NULL,'active',0,1,'2026-03-12 15:08:44','2025-03-13 15:08:43','2025-03-21 15:08:43'),
 (87,31,7,'Twitch · Ing. Luisa Castellano','ingluisacastellano_twitch','https://www.twitch.tv/ingluisacastellano_twitch',NULL,'active',1,1,'2026-03-17 15:08:44','2025-04-21 15:08:43','2025-05-01 15:08:43'),
 (88,32,2,'TikTok · Carlos Fierro Tercero','carlosfierrotercero_tk','https://www.tiktok.com/@carlosfierrotercero_tk',NULL,'active',0,1,'2026-03-12 15:08:44','2026-04-05 15:08:43','2026-04-25 15:08:43'),
 (89,32,3,'Instagram · Carlos Fierro Tercero','carlosfierrotercero_instagram','https://www.instagram.com/carlosfierrotercero_instagram',NULL,'active',0,1,'2026-03-10 15:08:44','2026-05-04 15:08:43','2026-05-17 15:08:43');
/*!40000 ALTER TABLE `social_accounts` ENABLE KEYS */;


--
-- Definition of table `social_networks`
--

DROP TABLE IF EXISTS `social_networks`;
CREATE TABLE `social_networks` (
  `id` bigint(20) unsigned NOT NULL AUTO_INCREMENT,
  `name` varchar(255) NOT NULL,
  `slug` varchar(255) NOT NULL,
  `created_at` timestamp NULL DEFAULT NULL,
  `updated_at` timestamp NULL DEFAULT NULL,
  PRIMARY KEY (`id`)
) ENGINE=InnoDB AUTO_INCREMENT=10 DEFAULT CHARSET=utf8mb4 COLLATE=utf8mb4_unicode_ci;

--
-- Dumping data for table `social_networks`
--

/*!40000 ALTER TABLE `social_networks` DISABLE KEYS */;
INSERT INTO `social_networks` (`id`,`name`,`slug`,`created_at`,`updated_at`) VALUES 
 (1,'X','x','2026-03-21 15:08:28','2026-03-21 15:08:28'),
 (2,'TikTok','tiktok','2026-03-21 15:08:28','2026-03-21 15:08:28'),
 (3,'Instagram','instagram','2026-03-21 15:08:28','2026-03-21 15:08:28'),
 (4,'YouTube','youtube','2026-03-21 15:08:28','2026-03-21 15:08:28'),
 (5,'Twitter','twitter','2026-03-21 15:08:28','2026-03-21 15:08:28'),
 (6,'Facebook','facebook','2026-03-21 15:08:29','2026-03-21 15:08:29'),
 (7,'Twitch','twitch','2026-03-21 15:08:29','2026-03-21 15:08:29'),
 (8,'LinkedIn','linkedin','2026-03-21 15:08:29','2026-03-21 15:08:29'),
 (9,'Threads','threads','2026-03-21 15:08:29','2026-03-21 15:08:29');
/*!40000 ALTER TABLE `social_networks` ENABLE KEYS */;


--
-- Definition of table `subscriptions`
--

DROP TABLE IF EXISTS `subscriptions`;
CREATE TABLE `subscriptions` (
  `id` bigint(20) unsigned NOT NULL AUTO_INCREMENT,
  `user_id` bigint(20) unsigned NOT NULL,
  `type` enum('free','pro','lifetime') NOT NULL DEFAULT 'free',
  `ads_enabled` tinyint(1) NOT NULL DEFAULT 1,
  `expires_at` timestamp NULL DEFAULT NULL,
  `created_at` timestamp NULL DEFAULT NULL,
  `updated_at` timestamp NULL DEFAULT NULL,
  PRIMARY KEY (`id`)
) ENGINE=InnoDB AUTO_INCREMENT=51 DEFAULT CHARSET=utf8mb4 COLLATE=utf8mb4_unicode_ci;

--
-- Dumping data for table `subscriptions`
--

/*!40000 ALTER TABLE `subscriptions` DISABLE KEYS */;
INSERT INTO `subscriptions` (`id`,`user_id`,`type`,`ads_enabled`,`expires_at`,`created_at`,`updated_at`) VALUES 
 (1,9,'pro',1,NULL,'2025-10-21 15:08:52','2026-03-21 15:08:52'),
 (2,11,'free',1,NULL,'2025-12-21 15:08:52','2026-03-21 15:08:52'),
 (3,6,'lifetime',1,NULL,'2025-12-21 15:08:52','2026-03-21 15:08:52'),
 (4,14,'free',1,NULL,'2025-10-21 15:08:52','2026-03-21 15:08:52'),
 (5,12,'free',1,'2027-03-21 15:08:52','2026-01-21 15:08:52','2026-03-21 15:08:52'),
 (6,17,'free',1,NULL,'2025-09-21 15:08:52','2026-03-21 15:08:52'),
 (7,14,'pro',1,'2026-10-21 15:08:52','2025-11-21 15:08:52','2026-03-21 15:08:52'),
 (8,11,'lifetime',0,'2026-10-21 15:08:52','2025-12-21 15:08:52','2026-03-21 15:08:52'),
 (9,32,'free',0,NULL,'2026-01-21 15:08:52','2026-03-21 15:08:52'),
 (10,4,'pro',1,'2026-08-21 15:08:52','2025-10-21 15:08:52','2026-03-21 15:08:52'),
 (11,25,'free',1,'2027-02-21 15:08:52','2026-02-21 15:08:52','2026-03-21 15:08:52'),
 (12,28,'free',1,'2026-06-21 15:08:52','2026-02-21 15:08:52','2026-03-21 15:08:52'),
 (13,2,'lifetime',1,'2026-12-21 15:08:52','2025-11-21 15:08:52','2026-03-21 15:08:52'),
 (14,18,'pro',0,NULL,'2026-02-21 15:08:52','2026-03-21 15:08:52'),
 (15,28,'pro',1,'2026-06-21 15:08:52','2025-11-21 15:08:52','2026-03-21 15:08:52'),
 (16,18,'lifetime',1,'2027-02-21 15:08:52','2025-10-21 15:08:52','2026-03-21 15:08:52'),
 (17,22,'free',1,'2026-07-21 15:08:52','2026-03-21 15:08:52','2026-03-21 15:08:52'),
 (18,23,'lifetime',1,NULL,'2025-09-21 15:08:52','2026-03-21 15:08:52'),
 (19,30,'pro',1,'2027-03-21 15:08:52','2025-10-21 15:08:52','2026-03-21 15:08:52'),
 (20,26,'free',1,'2026-11-21 15:08:52','2026-01-21 15:08:52','2026-03-21 15:08:52'),
 (21,28,'free',1,NULL,'2025-12-21 15:08:52','2026-03-21 15:08:52'),
 (22,16,'pro',0,'2026-09-21 15:08:52','2025-12-21 15:08:52','2026-03-21 15:08:52'),
 (23,29,'lifetime',0,'2027-03-21 15:08:52','2025-10-21 15:08:52','2026-03-21 15:08:52'),
 (24,22,'free',1,NULL,'2025-12-21 15:08:52','2026-03-21 15:08:52'),
 (25,7,'pro',0,NULL,'2025-12-21 15:08:52','2026-03-21 15:08:52'),
 (26,27,'pro',1,'2026-08-21 15:08:52','2025-10-21 15:08:52','2026-03-21 15:08:52'),
 (27,32,'lifetime',1,NULL,'2025-11-21 15:08:52','2026-03-21 15:08:52'),
 (28,24,'pro',0,'2027-03-21 15:08:52','2025-11-21 15:08:52','2026-03-21 15:08:52'),
 (29,23,'free',1,NULL,'2025-11-21 15:08:52','2026-03-21 15:08:52'),
 (30,16,'lifetime',1,'2026-12-21 15:08:52','2026-03-21 15:08:52','2026-03-21 15:08:52'),
 (31,24,'free',1,'2026-06-21 15:08:52','2026-03-21 15:08:52','2026-03-21 15:08:52'),
 (32,1,'pro',1,'2026-08-21 15:08:52','2025-09-21 15:08:52','2026-03-21 15:08:52'),
 (33,4,'free',0,'2026-12-21 15:08:52','2026-01-21 15:08:52','2026-03-21 15:08:52'),
 (34,1,'free',1,'2027-01-21 15:08:52','2026-03-21 15:08:52','2026-03-21 15:08:52'),
 (35,31,'lifetime',1,'2026-08-21 15:08:52','2025-10-21 15:08:52','2026-03-21 15:08:52'),
 (36,19,'free',1,NULL,'2025-09-21 15:08:52','2026-03-21 15:08:52'),
 (37,26,'free',1,NULL,'2026-01-21 15:08:52','2026-03-21 15:08:52'),
 (38,15,'lifetime',1,NULL,'2025-11-21 15:08:52','2026-03-21 15:08:52'),
 (39,19,'lifetime',0,'2026-12-21 15:08:52','2025-12-21 15:08:52','2026-03-21 15:08:52'),
 (40,31,'pro',1,NULL,'2026-03-21 15:08:52','2026-03-21 15:08:52'),
 (41,8,'lifetime',1,NULL,'2026-03-21 15:08:52','2026-03-21 15:08:52'),
 (42,32,'free',0,'2026-05-21 15:08:52','2026-02-21 15:08:52','2026-03-21 15:08:52'),
 (43,9,'pro',1,NULL,'2026-03-21 15:08:52','2026-03-21 15:08:52'),
 (44,15,'lifetime',0,NULL,'2025-10-21 15:08:52','2026-03-21 15:08:52'),
 (45,9,'lifetime',0,'2026-06-21 15:08:52','2025-10-21 15:08:52','2026-03-21 15:08:52'),
 (46,20,'free',0,'2026-12-21 15:08:52','2025-12-21 15:08:52','2026-03-21 15:08:52'),
 (47,5,'free',1,NULL,'2025-11-21 15:08:52','2026-03-21 15:08:52'),
 (48,22,'lifetime',0,NULL,'2025-11-21 15:08:52','2026-03-21 15:08:52'),
 (49,18,'pro',1,'2026-09-21 15:08:52','2026-02-21 15:08:52','2026-03-21 15:08:52'),
 (50,5,'lifetime',1,'2026-11-21 15:08:52','2025-12-21 15:08:52','2026-03-21 15:08:52');
/*!40000 ALTER TABLE `subscriptions` ENABLE KEYS */;


--
-- Definition of table `topic_user`
--

DROP TABLE IF EXISTS `topic_user`;
CREATE TABLE `topic_user` (
  `id` bigint(20) unsigned NOT NULL AUTO_INCREMENT,
  `user_id` bigint(20) unsigned NOT NULL,
  `topic_id` bigint(20) unsigned NOT NULL,
  `created_at` timestamp NULL DEFAULT NULL,
  `updated_at` timestamp NULL DEFAULT NULL,
  PRIMARY KEY (`id`),
  UNIQUE KEY `topic_user_user_id_topic_id_unique` (`user_id`,`topic_id`),
  KEY `topic_user_topic_id_foreign` (`topic_id`),
  CONSTRAINT `topic_user_topic_id_foreign` FOREIGN KEY (`topic_id`) REFERENCES `topics` (`id`) ON DELETE CASCADE,
  CONSTRAINT `topic_user_user_id_foreign` FOREIGN KEY (`user_id`) REFERENCES `users` (`id`) ON DELETE CASCADE
) ENGINE=InnoDB AUTO_INCREMENT=37 DEFAULT CHARSET=utf8mb4 COLLATE=utf8mb4_unicode_ci;

--
-- Dumping data for table `topic_user`
--

/*!40000 ALTER TABLE `topic_user` DISABLE KEYS */;
INSERT INTO `topic_user` (`id`,`user_id`,`topic_id`,`created_at`,`updated_at`) VALUES 
 (1,2,222,'2026-03-21 15:08:31','2026-03-21 15:08:31'),
 (2,2,64,'2026-03-21 15:08:31','2026-03-21 15:08:31'),
 (3,2,210,'2026-03-21 15:08:31','2026-03-21 15:08:31'),
 (4,2,31,'2026-03-21 15:08:31','2026-03-21 15:08:31'),
 (5,2,84,'2026-03-21 15:08:31','2026-03-21 15:08:31'),
 (6,3,56,'2026-03-21 15:08:33','2026-03-21 15:08:33'),
 (7,4,56,'2026-03-21 15:08:34','2026-03-21 15:08:34'),
 (8,5,56,'2026-03-21 15:08:34','2026-03-21 15:08:34'),
 (9,6,59,'2026-03-21 15:08:34','2026-03-21 15:08:34'),
 (10,7,59,'2026-03-21 15:08:34','2026-03-21 15:08:34'),
 (11,8,59,'2026-03-21 15:08:35','2026-03-21 15:08:35'),
 (12,9,51,'2026-03-21 15:08:35','2026-03-21 15:08:35'),
 (13,10,51,'2026-03-21 15:08:36','2026-03-21 15:08:36'),
 (14,11,51,'2026-03-21 15:08:36','2026-03-21 15:08:36'),
 (15,12,54,'2026-03-21 15:08:36','2026-03-21 15:08:36'),
 (16,13,54,'2026-03-21 15:08:37','2026-03-21 15:08:37'),
 (17,14,54,'2026-03-21 15:08:37','2026-03-21 15:08:37'),
 (18,15,52,'2026-03-21 15:08:37','2026-03-21 15:08:37'),
 (19,16,52,'2026-03-21 15:08:38','2026-03-21 15:08:38'),
 (20,17,52,'2026-03-21 15:08:38','2026-03-21 15:08:38'),
 (21,18,62,'2026-03-21 15:08:38','2026-03-21 15:08:38'),
 (22,19,62,'2026-03-21 15:08:39','2026-03-21 15:08:39'),
 (23,20,62,'2026-03-21 15:08:39','2026-03-21 15:08:39'),
 (24,21,60,'2026-03-21 15:08:40','2026-03-21 15:08:40'),
 (25,22,60,'2026-03-21 15:08:40','2026-03-21 15:08:40'),
 (26,23,60,'2026-03-21 15:08:41','2026-03-21 15:08:41'),
 (27,24,55,'2026-03-21 15:08:41','2026-03-21 15:08:41'),
 (28,25,55,'2026-03-21 15:08:41','2026-03-21 15:08:41'),
 (29,26,55,'2026-03-21 15:08:42','2026-03-21 15:08:42'),
 (30,27,58,'2026-03-21 15:08:42','2026-03-21 15:08:42'),
 (31,28,58,'2026-03-21 15:08:42','2026-03-21 15:08:42'),
 (32,29,58,'2026-03-21 15:08:43','2026-03-21 15:08:43'),
 (33,30,61,'2026-03-21 15:08:43','2026-03-21 15:08:43'),
 (34,31,61,'2026-03-21 15:08:43','2026-03-21 15:08:43'),
 (35,32,61,'2026-03-21 15:08:43','2026-03-21 15:08:43'),
 (36,1,9,'2026-03-21 15:08:52','2026-03-21 15:08:52');
/*!40000 ALTER TABLE `topic_user` ENABLE KEYS */;


--
-- Definition of table `topics`
--

DROP TABLE IF EXISTS `topics`;
CREATE TABLE `topics` (
  `id` bigint(20) unsigned NOT NULL AUTO_INCREMENT,
  `name` varchar(255) NOT NULL,
  `slug` varchar(255) NOT NULL,
  `parent_id` bigint(20) unsigned DEFAULT NULL,
  `created_at` timestamp NULL DEFAULT NULL,
  `updated_at` timestamp NULL DEFAULT NULL,
  PRIMARY KEY (`id`),
  KEY `topics_parent_id_foreign` (`parent_id`),
  CONSTRAINT `topics_parent_id_foreign` FOREIGN KEY (`parent_id`) REFERENCES `topics` (`id`) ON DELETE CASCADE
) ENGINE=InnoDB AUTO_INCREMENT=252 DEFAULT CHARSET=utf8mb4 COLLATE=utf8mb4_unicode_ci;

--
-- Dumping data for table `topics`
--

/*!40000 ALTER TABLE `topics` DISABLE KEYS */;
INSERT INTO `topics` (`id`,`name`,`slug`,`parent_id`,`created_at`,`updated_at`) VALUES 
 (1,'Cristianismo','cristianismo',NULL,'2026-03-21 15:08:29','2026-03-21 15:08:29'),
 (2,'Cristianismo Bíblico','cristianismo-cristianismo-biblico',1,'2026-03-21 15:08:29','2026-03-21 15:08:29'),
 (3,'Predicación Cristiana','cristianismo-predicacion-cristiana',1,'2026-03-21 15:08:29','2026-03-21 15:08:29'),
 (4,'Evangelismo','cristianismo-evangelismo',1,'2026-03-21 15:08:29','2026-03-21 15:08:29'),
 (5,'Apologética Cristiana','cristianismo-apologetica-cristiana',1,'2026-03-21 15:08:29','2026-03-21 15:08:29'),
 (6,'Estudio Bíblico','cristianismo-estudio-biblico',1,'2026-03-21 15:08:29','2026-03-21 15:08:29'),
 (7,'Doctrina Cristiana','cristianismo-doctrina-cristiana',1,'2026-03-21 15:08:29','2026-03-21 15:08:29'),
 (8,'Teología Sistemática','cristianismo-teologia-sistematica',1,'2026-03-21 15:08:29','2026-03-21 15:08:29'),
 (9,'Cristianismo Primitivo','cristianismo-cristianismo-primitivo',1,'2026-03-21 15:08:29','2026-03-21 15:08:29'),
 (10,'Vida Cristiana','cristianismo-vida-cristiana',1,'2026-03-21 15:08:29','2026-03-21 15:08:29'),
 (11,'Oración Cristiana','cristianismo-oracion-cristiana',1,'2026-03-21 15:08:29','2026-03-21 15:08:29'),
 (12,'Ayuno Cristiano','cristianismo-ayuno-cristiano',1,'2026-03-21 15:08:29','2026-03-21 15:08:29'),
 (13,'Guerra Espiritual','cristianismo-guerra-espiritual',1,'2026-03-21 15:08:29','2026-03-21 15:08:29'),
 (14,'Liberación Espiritual','cristianismo-liberacion-espiritual',1,'2026-03-21 15:08:29','2026-03-21 15:08:29'),
 (15,'Testimonios Cristianos','cristianismo-testimonios-cristianos',1,'2026-03-21 15:08:29','2026-03-21 15:08:29'),
 (16,'Milagros Cristianos','cristianismo-milagros-cristianos',1,'2026-03-21 15:08:29','2026-03-21 15:08:29'),
 (17,'Profecía Bíblica','cristianismo-profecia-biblica',1,'2026-03-21 15:08:29','2026-03-21 15:08:29'),
 (18,'Escatología','cristianismo-escatologia',1,'2026-03-21 15:08:29','2026-03-21 15:08:29'),
 (19,'Parábolas de Jesús','cristianismo-parabolas-de-jesus',1,'2026-03-21 15:08:29','2026-03-21 15:08:29'),
 (20,'Enseñanzas de Cristo','cristianismo-ensenanzas-de-cristo',1,'2026-03-21 15:08:29','2026-03-21 15:08:29'),
 (21,'Discipulado','cristianismo-discipulado',1,'2026-03-21 15:08:29','2026-03-21 15:08:29'),
 (22,'Santificación','cristianismo-santificacion',1,'2026-03-21 15:08:29','2026-03-21 15:08:29'),
 (23,'Gracia y Fe','cristianismo-gracia-y-fe',1,'2026-03-21 15:08:29','2026-03-21 15:08:29'),
 (24,'Pecado y Arrepentimiento','cristianismo-pecado-y-arrepentimiento',1,'2026-03-21 15:08:30','2026-03-21 15:08:30'),
 (25,'Denominaciones · Catolicismo','cristianismo-denominaciones-catolicismo',1,'2026-03-21 15:08:30','2026-03-21 15:08:30'),
 (26,'Denominaciones · Catolicismo Tradicional','cristianismo-denominaciones-catolicismo-tradicional',1,'2026-03-21 15:08:30','2026-03-21 15:08:30'),
 (27,'Denominaciones · Catolicismo Carismático','cristianismo-denominaciones-catolicismo-carismatico',1,'2026-03-21 15:08:30','2026-03-21 15:08:30'),
 (28,'Denominaciones · Protestantismo','cristianismo-denominaciones-protestantismo',1,'2026-03-21 15:08:30','2026-03-21 15:08:30'),
 (29,'Denominaciones · Cristianismo Evangélico','cristianismo-denominaciones-cristianismo-evangelico',1,'2026-03-21 15:08:30','2026-03-21 15:08:30'),
 (30,'Denominaciones · Pentecostalismo','cristianismo-denominaciones-pentecostalismo',1,'2026-03-21 15:08:30','2026-03-21 15:08:30'),
 (31,'Denominaciones · Bautistas','cristianismo-denominaciones-bautistas',1,'2026-03-21 15:08:30','2026-03-21 15:08:30'),
 (32,'Denominaciones · Metodistas','cristianismo-denominaciones-metodistas',1,'2026-03-21 15:08:30','2026-03-21 15:08:30'),
 (33,'Denominaciones · Luteranos','cristianismo-denominaciones-luteranos',1,'2026-03-21 15:08:30','2026-03-21 15:08:30'),
 (34,'Denominaciones · Adventistas','cristianismo-denominaciones-adventistas',1,'2026-03-21 15:08:30','2026-03-21 15:08:30'),
 (35,'Denominaciones · Testigos de Jehová','cristianismo-denominaciones-testigos-de-jehova',1,'2026-03-21 15:08:30','2026-03-21 15:08:30'),
 (36,'Denominaciones · Mormones','cristianismo-denominaciones-mormones',1,'2026-03-21 15:08:30','2026-03-21 15:08:30'),
 (37,'Denominaciones · Cristianismo Ortodoxo','cristianismo-denominaciones-cristianismo-ortodoxo',1,'2026-03-21 15:08:30','2026-03-21 15:08:30'),
 (38,'Denominaciones · Anglicanismo','cristianismo-denominaciones-anglicanismo',1,'2026-03-21 15:08:30','2026-03-21 15:08:30'),
 (39,'Denominaciones · Cristianismo Reformado','cristianismo-denominaciones-cristianismo-reformado',1,'2026-03-21 15:08:30','2026-03-21 15:08:30'),
 (40,'Denominaciones · Calvinismo','cristianismo-denominaciones-calvinismo',1,'2026-03-21 15:08:30','2026-03-21 15:08:30'),
 (41,'Denominaciones · Arminianismo','cristianismo-denominaciones-arminianismo',1,'2026-03-21 15:08:30','2026-03-21 15:08:30'),
 (42,'Denominaciones · Cristianismo Gnóstico','cristianismo-denominaciones-cristianismo-gnostico',1,'2026-03-21 15:08:30','2026-03-21 15:08:30'),
 (43,'Denominaciones · Gnosis Cristiana','cristianismo-denominaciones-gnosis-cristiana',1,'2026-03-21 15:08:30','2026-03-21 15:08:30'),
 (44,'Judaísmo','judaismo',NULL,'2026-03-21 15:08:30','2026-03-21 15:08:30'),
 (45,'Torá','judaismo-tora',44,'2026-03-21 15:08:30','2026-03-21 15:08:30'),
 (46,'Talmud','judaismo-talmud',44,'2026-03-21 15:08:30','2026-03-21 15:08:30'),
 (47,'Kabbalah','judaismo-kabbalah',44,'2026-03-21 15:08:30','2026-03-21 15:08:30'),
 (48,'Judaísmo Ortodoxo','judaismo-judaismo-ortodoxo',44,'2026-03-21 15:08:30','2026-03-21 15:08:30'),
 (49,'Judaísmo Reformista','judaismo-judaismo-reformista',44,'2026-03-21 15:08:30','2026-03-21 15:08:30'),
 (50,'Religiones','religiones',NULL,'2026-03-21 15:08:30','2026-03-21 15:08:30'),
 (51,'Islam','religiones-islam',50,'2026-03-21 15:08:30','2026-03-21 15:08:30'),
 (52,'Budismo','religiones-budismo',50,'2026-03-21 15:08:30','2026-03-21 15:08:30'),
 (53,'Hinduismo','religiones-hinduismo',50,'2026-03-21 15:08:30','2026-03-21 15:08:30'),
 (54,'Taoísmo','religiones-taoismo',50,'2026-03-21 15:08:30','2026-03-21 15:08:30'),
 (55,'Confucianismo','religiones-confucianismo',50,'2026-03-21 15:08:30','2026-03-21 15:08:30'),
 (56,'Espiritualidad Nueva Era','religiones-espiritualidad-nueva-era',50,'2026-03-21 15:08:30','2026-03-21 15:08:30'),
 (57,'Meditación Espiritual','religiones-meditacion-espiritual',50,'2026-03-21 15:08:30','2026-03-21 15:08:30'),
 (58,'Reencarnación','religiones-reencarnacion',50,'2026-03-21 15:08:30','2026-03-21 15:08:30'),
 (59,'Chakras y Energía','religiones-chakras-y-energia',50,'2026-03-21 15:08:30','2026-03-21 15:08:30'),
 (60,'Astrología','religiones-astrologia',50,'2026-03-21 15:08:30','2026-03-21 15:08:30'),
 (61,'Ocultismo','religiones-ocultismo',50,'2026-03-21 15:08:30','2026-03-21 15:08:30'),
 (62,'Misticismo','religiones-misticismo',50,'2026-03-21 15:08:30','2026-03-21 15:08:30'),
 (63,'Debate y Filosofía','debate-y-filosofia',NULL,'2026-03-21 15:08:30','2026-03-21 15:08:30'),
 (64,'Ateísmo','debate-y-filosofia-ateismo',63,'2026-03-21 15:08:30','2026-03-21 15:08:30'),
 (65,'Agnosticismo','debate-y-filosofia-agnosticismo',63,'2026-03-21 15:08:30','2026-03-21 15:08:30'),
 (66,'Debate Religioso','debate-y-filosofia-debate-religioso',63,'2026-03-21 15:08:30','2026-03-21 15:08:30'),
 (67,'Crítica Bíblica','debate-y-filosofia-critica-biblica',63,'2026-03-21 15:08:30','2026-03-21 15:08:30'),
 (68,'Religión vs Ciencia','debate-y-filosofia-religion-vs-ciencia',63,'2026-03-21 15:08:30','2026-03-21 15:08:30'),
 (69,'Filosofía Religiosa','debate-y-filosofia-filosofia-religiosa',63,'2026-03-21 15:08:30','2026-03-21 15:08:30'),
 (70,'Negocios y Dinero','negocios-y-dinero',NULL,'2026-03-21 15:08:30','2026-03-21 15:08:30'),
 (71,'Emprendimiento Digital','negocios-y-dinero-emprendimiento-digital',70,'2026-03-21 15:08:30','2026-03-21 15:08:30'),
 (72,'Negocios Online','negocios-y-dinero-negocios-online',70,'2026-03-21 15:08:30','2026-03-21 15:08:30'),
 (73,'Marketing Digital','negocios-y-dinero-marketing-digital',70,'2026-03-21 15:08:30','2026-03-21 15:08:30'),
 (74,'Ventas Online','negocios-y-dinero-ventas-online',70,'2026-03-21 15:08:30','2026-03-21 15:08:30'),
 (75,'Ventas de Alto Valor','negocios-y-dinero-ventas-de-alto-valor',70,'2026-03-21 15:08:30','2026-03-21 15:08:30'),
 (76,'Copywriting','negocios-y-dinero-copywriting',70,'2026-03-21 15:08:30','2026-03-21 15:08:30'),
 (77,'Marca Personal','negocios-y-dinero-marca-personal',70,'2026-03-21 15:08:30','2026-03-21 15:08:30'),
 (78,'Branding','negocios-y-dinero-branding',70,'2026-03-21 15:08:30','2026-03-21 15:08:30'),
 (79,'Creación de Contenido','negocios-y-dinero-creacion-de-contenido',70,'2026-03-21 15:08:30','2026-03-21 15:08:30'),
 (80,'Monetización en Redes','negocios-y-dinero-monetizacion-en-redes',70,'2026-03-21 15:08:30','2026-03-21 15:08:30'),
 (81,'Ingresos Pasivos','negocios-y-dinero-ingresos-pasivos',70,'2026-03-21 15:08:30','2026-03-21 15:08:30'),
 (82,'Finanzas Personales','negocios-y-dinero-finanzas-personales',70,'2026-03-21 15:08:30','2026-03-21 15:08:30'),
 (83,'Inversiones','negocios-y-dinero-inversiones',70,'2026-03-21 15:08:30','2026-03-21 15:08:30'),
 (84,'Criptomonedas','negocios-y-dinero-criptomonedas',70,'2026-03-21 15:08:30','2026-03-21 15:08:30'),
 (85,'Trading','negocios-y-dinero-trading',70,'2026-03-21 15:08:30','2026-03-21 15:08:30'),
 (86,'Ecommerce','negocios-y-dinero-ecommerce',70,'2026-03-21 15:08:30','2026-03-21 15:08:30'),
 (87,'Dropshipping','negocios-y-dinero-dropshipping',70,'2026-03-21 15:08:30','2026-03-21 15:08:30'),
 (88,'Amazon FBA','negocios-y-dinero-amazon-fba',70,'2026-03-21 15:08:30','2026-03-21 15:08:30'),
 (89,'Negocios Locales','negocios-y-dinero-negocios-locales',70,'2026-03-21 15:08:30','2026-03-21 15:08:30'),
 (90,'Automatización de Negocios','negocios-y-dinero-automatizacion-de-negocios',70,'2026-03-21 15:08:30','2026-03-21 15:08:30'),
 (91,'SaaS','negocios-y-dinero-saas',70,'2026-03-21 15:08:30','2026-03-21 15:08:30'),
 (92,'Startups','negocios-y-dinero-startups',70,'2026-03-21 15:08:30','2026-03-21 15:08:30'),
 (93,'Freelance','negocios-y-dinero-freelance',70,'2026-03-21 15:08:30','2026-03-21 15:08:30'),
 (94,'Trabajo Remoto','negocios-y-dinero-trabajo-remoto',70,'2026-03-21 15:08:30','2026-03-21 15:08:30'),
 (95,'Productividad','negocios-y-dinero-productividad',70,'2026-03-21 15:08:30','2026-03-21 15:08:30'),
 (96,'Gestión del Tiempo','negocios-y-dinero-gestion-del-tiempo',70,'2026-03-21 15:08:30','2026-03-21 15:08:30'),
 (97,'Tecnología','tecnologia',NULL,'2026-03-21 15:08:30','2026-03-21 15:08:30'),
 (98,'Programación Web · Laravel','tecnologia-programacion-web-laravel',97,'2026-03-21 15:08:30','2026-03-21 15:08:30'),
 (99,'Programación Web · PHP','tecnologia-programacion-web-php',97,'2026-03-21 15:08:30','2026-03-21 15:08:30'),
 (100,'Programación Web · JavaScript','tecnologia-programacion-web-javascript',97,'2026-03-21 15:08:30','2026-03-21 15:08:30'),
 (101,'Programación Web · Vue','tecnologia-programacion-web-vue',97,'2026-03-21 15:08:30','2026-03-21 15:08:30'),
 (102,'Programación Web · React','tecnologia-programacion-web-react',97,'2026-03-21 15:08:30','2026-03-21 15:08:30'),
 (103,'Programación Web · Backend','tecnologia-programacion-web-backend',97,'2026-03-21 15:08:30','2026-03-21 15:08:30'),
 (104,'Programación Web · Frontend','tecnologia-programacion-web-frontend',97,'2026-03-21 15:08:30','2026-03-21 15:08:30'),
 (105,'Programación Web · APIs','tecnologia-programacion-web-apis',97,'2026-03-21 15:08:30','2026-03-21 15:08:30'),
 (106,'Programación Web · MySQL','tecnologia-programacion-web-mysql',97,'2026-03-21 15:08:30','2026-03-21 15:08:30'),
 (107,'Infraestructura · DevOps','tecnologia-infraestructura-devops',97,'2026-03-21 15:08:30','2026-03-21 15:08:30'),
 (108,'Infraestructura · Cloud Computing','tecnologia-infraestructura-cloud-computing',97,'2026-03-21 15:08:30','2026-03-21 15:08:30'),
 (109,'Infraestructura · Ciberseguridad','tecnologia-infraestructura-ciberseguridad',97,'2026-03-21 15:08:30','2026-03-21 15:08:30'),
 (110,'Inteligencia Artificial · Machine Learning','tecnologia-inteligencia-artificial-machine-learning',97,'2026-03-21 15:08:30','2026-03-21 15:08:30'),
 (111,'Inteligencia Artificial · Automatización con IA','tecnologia-inteligencia-artificial-automatizacion-con-ia',97,'2026-03-21 15:08:30','2026-03-21 15:08:30'),
 (112,'Inteligencia Artificial · Bots','tecnologia-inteligencia-artificial-bots',97,'2026-03-21 15:08:30','2026-03-21 15:08:30'),
 (113,'Otros · Apps Móviles','tecnologia-otros-apps-moviles',97,'2026-03-21 15:08:30','2026-03-21 15:08:30'),
 (114,'Otros · Flutter','tecnologia-otros-flutter',97,'2026-03-21 15:08:30','2026-03-21 15:08:30'),
 (115,'Otros · UI UX','tecnologia-otros-ui-ux',97,'2026-03-21 15:08:30','2026-03-21 15:08:30'),
 (116,'Otros · Diseño Web','tecnologia-otros-diseno-web',97,'2026-03-21 15:08:30','2026-03-21 15:08:30'),
 (117,'Salud y Fitness','salud-y-fitness',NULL,'2026-03-21 15:08:30','2026-03-21 15:08:30'),
 (118,'Entrenamiento · Fuerza','salud-y-fitness-entrenamiento-fuerza',117,'2026-03-21 15:08:30','2026-03-21 15:08:30'),
 (119,'Entrenamiento · Hipertrofia','salud-y-fitness-entrenamiento-hipertrofia',117,'2026-03-21 15:08:30','2026-03-21 15:08:30'),
 (120,'Entrenamiento · Calistenia','salud-y-fitness-entrenamiento-calistenia',117,'2026-03-21 15:08:30','2026-03-21 15:08:30'),
 (121,'Entrenamiento · Crossfit','salud-y-fitness-entrenamiento-crossfit',117,'2026-03-21 15:08:30','2026-03-21 15:08:30'),
 (122,'Entrenamiento · Rutinas de Gym','salud-y-fitness-entrenamiento-rutinas-de-gym',117,'2026-03-21 15:08:30','2026-03-21 15:08:30'),
 (123,'Entrenamiento · Entrenamiento en Casa','salud-y-fitness-entrenamiento-entrenamiento-en-casa',117,'2026-03-21 15:08:30','2026-03-21 15:08:30'),
 (124,'Entrenamiento · Running','salud-y-fitness-entrenamiento-running',117,'2026-03-21 15:08:30','2026-03-21 15:08:30'),
 (125,'Nutrición · Nutrición Deportiva','salud-y-fitness-nutricion-nutricion-deportiva',117,'2026-03-21 15:08:30','2026-03-21 15:08:30'),
 (126,'Nutrición · Dietas','salud-y-fitness-nutricion-dietas',117,'2026-03-21 15:08:30','2026-03-21 15:08:30'),
 (127,'Nutrición · Keto','salud-y-fitness-nutricion-keto',117,'2026-03-21 15:08:30','2026-03-21 15:08:30'),
 (128,'Nutrición · Ayuno Intermitente','salud-y-fitness-nutricion-ayuno-intermitente',117,'2026-03-21 15:08:30','2026-03-21 15:08:30'),
 (129,'Salud Mental · Ansiedad','salud-y-fitness-salud-mental-ansiedad',117,'2026-03-21 15:08:30','2026-03-21 15:08:30'),
 (130,'Salud Mental · Depresión','salud-y-fitness-salud-mental-depresion',117,'2026-03-21 15:08:30','2026-03-21 15:08:30'),
 (131,'Salud Mental · Hábitos Saludables','salud-y-fitness-salud-mental-habitos-saludables',117,'2026-03-21 15:08:30','2026-03-21 15:08:30'),
 (132,'Salud Mental · Biohacking','salud-y-fitness-salud-mental-biohacking',117,'2026-03-21 15:08:30','2026-03-21 15:08:30'),
 (133,'Medicina · Medicina Natural','salud-y-fitness-medicina-medicina-natural',117,'2026-03-21 15:08:30','2026-03-21 15:08:30'),
 (134,'Educación','educacion',NULL,'2026-03-21 15:08:30','2026-03-21 15:08:30'),
 (135,'Matemáticas','educacion-matematicas',134,'2026-03-21 15:08:30','2026-03-21 15:08:30'),
 (136,'Física','educacion-fisica',134,'2026-03-21 15:08:30','2026-03-21 15:08:30'),
 (137,'Química','educacion-quimica',134,'2026-03-21 15:08:30','2026-03-21 15:08:30'),
 (138,'Biología','educacion-biologia',134,'2026-03-21 15:08:30','2026-03-21 15:08:30'),
 (139,'Historia Universal','educacion-historia-universal',134,'2026-03-21 15:08:30','2026-03-21 15:08:30'),
 (140,'Historia Bíblica','educacion-historia-biblica',134,'2026-03-21 15:08:30','2026-03-21 15:08:30'),
 (141,'Geografía','educacion-geografia',134,'2026-03-21 15:08:30','2026-03-21 15:08:30'),
 (142,'Idiomas','educacion-idiomas',134,'2026-03-21 15:08:30','2026-03-21 15:08:30'),
 (143,'Aprender Inglés','educacion-aprender-ingles',134,'2026-03-21 15:08:30','2026-03-21 15:08:30'),
 (144,'Ciencia General','educacion-ciencia-general',134,'2026-03-21 15:08:30','2026-03-21 15:08:30'),
 (145,'Entretenimiento','entretenimiento',NULL,'2026-03-21 15:08:30','2026-03-21 15:08:30'),
 (146,'Comedia','entretenimiento-comedia',145,'2026-03-21 15:08:30','2026-03-21 15:08:30'),
 (147,'Humor','entretenimiento-humor',145,'2026-03-21 15:08:30','2026-03-21 15:08:30'),
 (148,'Sketches','entretenimiento-sketches',145,'2026-03-21 15:08:30','2026-03-21 15:08:30'),
 (149,'Standup','entretenimiento-standup',145,'2026-03-21 15:08:30','2026-03-21 15:08:30'),
 (150,'Memes','entretenimiento-memes',145,'2026-03-21 15:08:30','2026-03-21 15:08:30'),
 (151,'Parodias','entretenimiento-parodias',145,'2026-03-21 15:08:30','2026-03-21 15:08:30'),
 (152,'Cultura Pop','entretenimiento-cultura-pop',145,'2026-03-21 15:08:30','2026-03-21 15:08:30'),
 (153,'Series','entretenimiento-series',145,'2026-03-21 15:08:30','2026-03-21 15:08:30'),
 (154,'Películas','entretenimiento-peliculas',145,'2026-03-21 15:08:30','2026-03-21 15:08:30'),
 (155,'Anime','entretenimiento-anime',145,'2026-03-21 15:08:30','2026-03-21 15:08:30'),
 (156,'Reseñas de Cine','entretenimiento-resenas-de-cine',145,'2026-03-21 15:08:30','2026-03-21 15:08:30'),
 (157,'Gaming','gaming',NULL,'2026-03-21 15:08:30','2026-03-21 15:08:30'),
 (158,'Videojuegos','gaming-videojuegos',157,'2026-03-21 15:08:30','2026-03-21 15:08:30'),
 (159,'Gameplays','gaming-gameplays',157,'2026-03-21 15:08:30','2026-03-21 15:08:30'),
 (160,'Streaming','gaming-streaming',157,'2026-03-21 15:08:30','2026-03-21 15:08:30'),
 (161,'eSports','gaming-esports',157,'2026-03-21 15:08:30','2026-03-21 15:08:30'),
 (162,'FPS','gaming-fps',157,'2026-03-21 15:08:30','2026-03-21 15:08:30'),
 (163,'RPG','gaming-rpg',157,'2026-03-21 15:08:30','2026-03-21 15:08:30'),
 (164,'Retro Gaming','gaming-retro-gaming',157,'2026-03-21 15:08:30','2026-03-21 15:08:30'),
 (165,'Cocina','cocina',NULL,'2026-03-21 15:08:30','2026-03-21 15:08:30'),
 (166,'Cocina Casera','cocina-cocina-casera',165,'2026-03-21 15:08:30','2026-03-21 15:08:30'),
 (167,'Recetas','cocina-recetas',165,'2026-03-21 15:08:30','2026-03-21 15:08:30'),
 (168,'Comida Mexicana','cocina-comida-mexicana',165,'2026-03-21 15:08:30','2026-03-21 15:08:30'),
 (169,'Comida Saludable','cocina-comida-saludable',165,'2026-03-21 15:08:30','2026-03-21 15:08:30'),
 (170,'Cocina Keto','cocina-cocina-keto',165,'2026-03-21 15:08:30','2026-03-21 15:08:30'),
 (171,'Postres','cocina-postres',165,'2026-03-21 15:08:30','2026-03-21 15:08:30'),
 (172,'Street Food','cocina-street-food',165,'2026-03-21 15:08:30','2026-03-21 15:08:30'),
 (173,'Parrilla','cocina-parrilla',165,'2026-03-21 15:08:30','2026-03-21 15:08:30'),
 (174,'Estilo de Vida','estilo-de-vida',NULL,'2026-03-21 15:08:30','2026-03-21 15:08:30'),
 (175,'Minimalismo','estilo-de-vida-minimalismo',174,'2026-03-21 15:08:30','2026-03-21 15:08:30'),
 (176,'Vida en Pareja','estilo-de-vida-vida-en-pareja',174,'2026-03-21 15:08:30','2026-03-21 15:08:30'),
 (177,'Familia','estilo-de-vida-familia',174,'2026-03-21 15:08:30','2026-03-21 15:08:30'),
 (178,'Paternidad','estilo-de-vida-paternidad',174,'2026-03-21 15:08:30','2026-03-21 15:08:30'),
 (179,'Motivación','estilo-de-vida-motivacion',174,'2026-03-21 15:08:30','2026-03-21 15:08:30'),
 (180,'Desarrollo Personal','estilo-de-vida-desarrollo-personal',174,'2026-03-21 15:08:30','2026-03-21 15:08:30'),
 (181,'Hábitos','estilo-de-vida-habitos',174,'2026-03-21 15:08:30','2026-03-21 15:08:30'),
 (182,'Rutinas Diarias','estilo-de-vida-rutinas-diarias',174,'2026-03-21 15:08:30','2026-03-21 15:08:30'),
 (183,'Arte','arte',NULL,'2026-03-21 15:08:30','2026-03-21 15:08:30'),
 (184,'Dibujo','arte-dibujo',183,'2026-03-21 15:08:30','2026-03-21 15:08:30'),
 (185,'Pintura','arte-pintura',183,'2026-03-21 15:08:30','2026-03-21 15:08:30'),
 (186,'Ilustración','arte-ilustracion',183,'2026-03-21 15:08:30','2026-03-21 15:08:30'),
 (187,'Fotografía','arte-fotografia',183,'2026-03-21 15:08:30','2026-03-21 15:08:30'),
 (188,'Edición de Video','arte-edicion-de-video',183,'2026-03-21 15:08:30','2026-03-21 15:08:30'),
 (189,'Animación','arte-animacion',183,'2026-03-21 15:08:30','2026-03-21 15:08:30'),
 (190,'Diseño Gráfico','arte-diseno-grafico',183,'2026-03-21 15:08:30','2026-03-21 15:08:30'),
 (191,'Música','musica',NULL,'2026-03-21 15:08:30','2026-03-21 15:08:30'),
 (192,'Rap','musica-rap',191,'2026-03-21 15:08:30','2026-03-21 15:08:30'),
 (193,'Hip Hop','musica-hip-hop',191,'2026-03-21 15:08:30','2026-03-21 15:08:30'),
 (194,'Rock','musica-rock',191,'2026-03-21 15:08:30','2026-03-21 15:08:30'),
 (195,'Pop','musica-pop',191,'2026-03-21 15:08:30','2026-03-21 15:08:30'),
 (196,'Música Electrónica','musica-musica-electronica',191,'2026-03-21 15:08:30','2026-03-21 15:08:30'),
 (197,'Producción Musical','musica-produccion-musical',191,'2026-03-21 15:08:30','2026-03-21 15:08:30'),
 (198,'Canto','musica-canto',191,'2026-03-21 15:08:30','2026-03-21 15:08:30'),
 (199,'Instrumentos Musicales','musica-instrumentos-musicales',191,'2026-03-21 15:08:30','2026-03-21 15:08:30'),
 (200,'Belleza y Moda','belleza-y-moda',NULL,'2026-03-21 15:08:30','2026-03-21 15:08:30'),
 (201,'Maquillaje','belleza-y-moda-maquillaje',200,'2026-03-21 15:08:30','2026-03-21 15:08:30'),
 (202,'Cuidado de la Piel','belleza-y-moda-cuidado-de-la-piel',200,'2026-03-21 15:08:30','2026-03-21 15:08:30'),
 (203,'Skincare','belleza-y-moda-skincare',200,'2026-03-21 15:08:30','2026-03-21 15:08:30'),
 (204,'Moda Urbana','belleza-y-moda-moda-urbana',200,'2026-03-21 15:08:30','2026-03-21 15:08:30'),
 (205,'Streetwear','belleza-y-moda-streetwear',200,'2026-03-21 15:08:30','2026-03-21 15:08:30'),
 (206,'Lujo','belleza-y-moda-lujo',200,'2026-03-21 15:08:30','2026-03-21 15:08:30'),
 (207,'Barbería','belleza-y-moda-barberia',200,'2026-03-21 15:08:30','2026-03-21 15:08:30'),
 (208,'Viajes','viajes',NULL,'2026-03-21 15:08:30','2026-03-21 15:08:30'),
 (209,'Viajes','viajes-viajes',208,'2026-03-21 15:08:30','2026-03-21 15:08:30'),
 (210,'Turismo','viajes-turismo',208,'2026-03-21 15:08:30','2026-03-21 15:08:30'),
 (211,'Backpacking','viajes-backpacking',208,'2026-03-21 15:08:30','2026-03-21 15:08:30'),
 (212,'Aventura','viajes-aventura',208,'2026-03-21 15:08:30','2026-03-21 15:08:30'),
 (213,'Viajes Económicos','viajes-viajes-economicos',208,'2026-03-21 15:08:30','2026-03-21 15:08:30'),
 (214,'Cultura Internacional','viajes-cultura-internacional',208,'2026-03-21 15:08:30','2026-03-21 15:08:30'),
 (215,'Mascotas','mascotas',NULL,'2026-03-21 15:08:30','2026-03-21 15:08:30'),
 (216,'Perros','mascotas-perros',215,'2026-03-21 15:08:30','2026-03-21 15:08:30'),
 (217,'Gatos','mascotas-gatos',215,'2026-03-21 15:08:30','2026-03-21 15:08:30'),
 (218,'Entrenamiento Canino','mascotas-entrenamiento-canino',215,'2026-03-21 15:08:30','2026-03-21 15:08:30'),
 (219,'Mascotas Exóticas','mascotas-mascotas-exoticas',215,'2026-03-21 15:08:30','2026-03-21 15:08:30'),
 (220,'Autos y Lujo','autos-y-lujo',NULL,'2026-03-21 15:08:30','2026-03-21 15:08:30'),
 (221,'Autos','autos-y-lujo-autos',220,'2026-03-21 15:08:30','2026-03-21 15:08:30'),
 (222,'Motos','autos-y-lujo-motos',220,'2026-03-21 15:08:30','2026-03-21 15:08:30'),
 (223,'Tuning','autos-y-lujo-tuning',220,'2026-03-21 15:08:30','2026-03-21 15:08:30'),
 (224,'Mecánica','autos-y-lujo-mecanica',220,'2026-03-21 15:08:30','2026-03-21 15:08:30'),
 (225,'Relojes','autos-y-lujo-relojes',220,'2026-03-21 15:08:30','2026-03-21 15:08:30'),
 (226,'Coleccionismo','autos-y-lujo-coleccionismo',220,'2026-03-21 15:08:30','2026-03-21 15:08:30'),
 (227,'Lujo','autos-y-lujo-lujo',220,'2026-03-21 15:08:30','2026-03-21 15:08:30'),
 (228,'Redes Sociales','redes-sociales',NULL,'2026-03-21 15:08:30','2026-03-21 15:08:30'),
 (229,'TikTok','redes-sociales-tiktok',228,'2026-03-21 15:08:30','2026-03-21 15:08:30'),
 (230,'Instagram','redes-sociales-instagram',228,'2026-03-21 15:08:30','2026-03-21 15:08:30'),
 (231,'YouTube','redes-sociales-youtube',228,'2026-03-21 15:08:30','2026-03-21 15:08:30'),
 (232,'Creadores de Contenido','redes-sociales-creadores-de-contenido',228,'2026-03-21 15:08:30','2026-03-21 15:08:30'),
 (233,'Influencers','redes-sociales-influencers',228,'2026-03-21 15:08:30','2026-03-21 15:08:30'),
 (234,'Sociedad','sociedad',NULL,'2026-03-21 15:08:30','2026-03-21 15:08:30'),
 (235,'Noticias','sociedad-noticias',234,'2026-03-21 15:08:30','2026-03-21 15:08:30'),
 (236,'Política','sociedad-politica',234,'2026-03-21 15:08:30','2026-03-21 15:08:30'),
 (237,'Opinión','sociedad-opinion',234,'2026-03-21 15:08:30','2026-03-21 15:08:30'),
 (238,'Debate Social','sociedad-debate-social',234,'2026-03-21 15:08:30','2026-03-21 15:08:30'),
 (239,'Criminología','sociedad-criminologia',234,'2026-03-21 15:08:30','2026-03-21 15:08:30'),
 (240,'Derecho','sociedad-derecho',234,'2026-03-21 15:08:30','2026-03-21 15:08:30'),
 (241,'Conciencia y Gnosis','conciencia-y-gnosis',NULL,'2026-03-21 15:08:30','2026-03-21 15:08:30'),
 (242,'Conciencia','conciencia-y-gnosis-conciencia',241,'2026-03-21 15:08:30','2026-03-21 15:08:30'),
 (243,'Despertar Espiritual','conciencia-y-gnosis-despertar-espiritual',241,'2026-03-21 15:08:30','2026-03-21 15:08:30'),
 (244,'Ego','conciencia-y-gnosis-ego',241,'2026-03-21 15:08:30','2026-03-21 15:08:30'),
 (245,'Autoobservación','conciencia-y-gnosis-autoobservacion',241,'2026-03-21 15:08:30','2026-03-21 15:08:30'),
 (246,'Recuerdo de Sí','conciencia-y-gnosis-recuerdo-de-si',241,'2026-03-21 15:08:30','2026-03-21 15:08:30'),
 (247,'Trabajo Interior','conciencia-y-gnosis-trabajo-interior',241,'2026-03-21 15:08:30','2026-03-21 15:08:30'),
 (248,'Transformación Personal','conciencia-y-gnosis-transformacion-personal',241,'2026-03-21 15:08:30','2026-03-21 15:08:30'),
 (249,'Samael Aun Weor','conciencia-y-gnosis-samael-aun-weor',241,'2026-03-21 15:08:30','2026-03-21 15:08:30'),
 (250,'Gnosis','conciencia-y-gnosis-gnosis',241,'2026-03-21 15:08:30','2026-03-21 15:08:30'),
 (251,'Cristo Interior','conciencia-y-gnosis-cristo-interior',241,'2026-03-21 15:08:30','2026-03-21 15:08:30');
/*!40000 ALTER TABLE `topics` ENABLE KEYS */;


--
-- Definition of table `user_settings`
--

DROP TABLE IF EXISTS `user_settings`;
CREATE TABLE `user_settings` (
  `id` bigint(20) unsigned NOT NULL AUTO_INCREMENT,
  `user_id` bigint(20) unsigned NOT NULL,
  `key` varchar(100) NOT NULL,
  `value` text DEFAULT NULL,
  `created_at` timestamp NULL DEFAULT NULL,
  `updated_at` timestamp NULL DEFAULT NULL,
  PRIMARY KEY (`id`),
  UNIQUE KEY `user_settings_user_id_key_unique` (`user_id`,`key`),
  CONSTRAINT `user_settings_user_id_foreign` FOREIGN KEY (`user_id`) REFERENCES `users` (`id`) ON DELETE CASCADE
) ENGINE=InnoDB AUTO_INCREMENT=2 DEFAULT CHARSET=utf8mb4 COLLATE=utf8mb4_unicode_ci;

--
-- Dumping data for table `user_settings`
--

/*!40000 ALTER TABLE `user_settings` DISABLE KEYS */;
INSERT INTO `user_settings` (`id`,`user_id`,`key`,`value`,`created_at`,`updated_at`) VALUES 
 (1,1,'theme','light','2026-03-21 15:10:23','2026-03-21 15:10:23');
/*!40000 ALTER TABLE `user_settings` ENABLE KEYS */;


--
-- Definition of table `users`
--

DROP TABLE IF EXISTS `users`;
CREATE TABLE `users` (
  `id` bigint(20) unsigned NOT NULL AUTO_INCREMENT,
  `name` varchar(255) NOT NULL,
  `email` varchar(255) NOT NULL,
  `email_verified_at` timestamp NULL DEFAULT NULL,
  `active` tinyint(1) NOT NULL DEFAULT 1,
  `password` varchar(255) NOT NULL,
  `timezone` varchar(255) DEFAULT NULL,
  `role` varchar(20) NOT NULL DEFAULT 'creator',
  `level_id` bigint(20) unsigned DEFAULT NULL,
  `is_claimed` tinyint(1) NOT NULL DEFAULT 0,
  `two_factor_secret` text DEFAULT NULL,
  `two_factor_recovery_codes` text DEFAULT NULL,
  `two_factor_confirmed_at` timestamp NULL DEFAULT NULL,
  `remember_token` varchar(100) DEFAULT NULL,
  `current_team_id` bigint(20) unsigned DEFAULT NULL,
  `profile_photo_path` varchar(2048) DEFAULT NULL,
  `created_at` timestamp NULL DEFAULT NULL,
  `updated_at` timestamp NULL DEFAULT NULL,
  PRIMARY KEY (`id`),
  UNIQUE KEY `users_email_unique` (`email`)
) ENGINE=InnoDB AUTO_INCREMENT=33 DEFAULT CHARSET=utf8mb4 COLLATE=utf8mb4_unicode_ci;

--
-- Dumping data for table `users`
--

/*!40000 ALTER TABLE `users` DISABLE KEYS */;
INSERT INTO `users` (`id`,`name`,`email`,`email_verified_at`,`active`,`password`,`timezone`,`role`,`level_id`,`is_claimed`,`two_factor_secret`,`two_factor_recovery_codes`,`two_factor_confirmed_at`,`remember_token`,`current_team_id`,`profile_photo_path`,`created_at`,`updated_at`) VALUES 
 (1,'Rubén Ruíz','dev.ruben.ruiz@gmail.com','2026-03-21 15:08:31',1,'$2y$12$0R0kaIQCzUUbvg/tXBSoTuTVu4lbJmyP1BtWrNTqIrbSdbJ7EvX8u',NULL,'creator',NULL,0,NULL,NULL,NULL,'Zv0hllylBkk01Edn9FtLKHMj7s5bo01a0cM8SQ45BPojh7FH3JCsHzSIX0WP',NULL,'template/assets/images/avatar/ruben.jpg','2026-03-21 15:08:31','2026-03-21 15:08:31'),
 (2,'Ruben Ruiz','digitalizacion@rosarito.gob.mx',NULL,1,'$2y$12$EnprGAAO3zrS3HdjlGJIje3EUpcJ1RJrSsKoN8xp1FeWI0pWZP31a','America/Mexico_City','creator',3,1,NULL,NULL,NULL,NULL,NULL,'template/assets/images/avatar/1.jpg','2025-10-21 15:08:31','2026-03-21 15:23:25'),
 (3,'Sra. Nahia Alarcón Hijo','ydelacruz@example.org',NULL,1,'$2y$12$D97aua2brurp1v03RZAGS.sLafEjuuhPrgJ0U3kZtPvtY3cpK0gMG','America/Santiago','creator',1,0,NULL,NULL,NULL,NULL,NULL,'template/assets/images/avatar/1.jpg','2025-04-10 15:08:31','2026-03-21 15:24:06'),
 (4,'Pol Blázquez','elsa.colon@example.org',NULL,1,'$2y$12$GhDylUzC9u2yz3Zp87cnw.rS02zKLHKPAyw/eVPmPL6BktOHvspdi','UTC','creator',2,0,NULL,NULL,NULL,NULL,NULL,'template/assets/images/avatar/2.jpg','2026-02-01 15:08:33','2026-02-25 15:08:33'),
 (5,'Francisco Javier Nieves','joel.arredondo@example.org',NULL,1,'$2y$12$tuH2Rmxi1XNkHqeS3UAFU.i5R.eY.Hc9InYv1aBvsBA4pX.FJH80S','America/Santiago','creator',5,0,NULL,NULL,NULL,NULL,NULL,'template/assets/images/avatar/3.jpg','2025-08-10 15:08:34','2025-08-22 15:08:34'),
 (6,'Dr. Leo Barreto','adriana34@example.org',NULL,1,'$2y$12$UUgzXAv/Ys1au5y52zpkZucM6z0bZkH39osS/otMJcItYy46wY/7i','America/Bogota','creator',4,1,NULL,NULL,NULL,NULL,NULL,'template/assets/images/avatar/4.jpg','2026-02-04 15:08:34','2026-02-28 15:08:34'),
 (7,'Ignacio Figueroa','urbina.africa@example.org',NULL,1,'$2y$12$fgxiKNwpu8mgKjD31nzc3.5eYKqX5Ubc/fRJZLbsg0VcjnjQCy7jq','America/Mexico_City','creator',2,0,NULL,NULL,NULL,NULL,NULL,'template/assets/images/avatar/5.jpg','2025-11-10 15:08:34','2025-11-10 15:08:34'),
 (8,'Ivana Ormeño','cesar.pina@example.net',NULL,1,'$2y$12$DuRea/1bKE1SwjkoDrebE./3vDOY5XpaZLT3n9TLXWS9FJKXPJrBa','UTC','creator',3,0,NULL,NULL,NULL,NULL,NULL,'template/assets/images/avatar/6.jpg','2025-02-16 15:08:34','2026-04-29 12:31:17'),
 (9,'Ainara Galindo','cristina58@example.net',NULL,1,'$2y$12$YYUaS9tKmigBBkB2vS1hVOGmik9sEPW0T84VBFLX1zKYjidA.dbf2','America/Bogota','creator',2,1,NULL,NULL,NULL,NULL,NULL,'template/assets/images/avatar/7.jpg','2025-08-29 15:08:35','2025-09-01 15:08:35'),
 (10,'Clara Partida','fpena@example.com',NULL,1,'$2y$12$pVHbYVVo8E/JPOsPmN84SuOqVsMPEh4cGV2ydxVeTIsaumf7/8Cd.','America/Santiago','creator',5,0,NULL,NULL,NULL,NULL,NULL,'template/assets/images/avatar/8.jpg','2025-11-27 15:08:35','2025-12-20 15:08:35'),
 (11,'Guillermo Reynoso','drodriguez@example.net',NULL,1,'$2y$12$SY1eA/2nyyBxcHa20U5Y5OMelYWiwPJFH/KQXwM/aQ4KYP8F8hxru','America/Lima','creator',4,1,NULL,NULL,NULL,NULL,NULL,'template/assets/images/avatar/carousel1.jpeg','2025-05-02 15:08:36','2025-05-04 15:08:36'),
 (12,'Sr. Manuel Navarro','davila@example.net',NULL,1,'$2y$12$X6cmbOmk5IpG1fjtqYThzOlSk4PRu1yKaIyJFnc2ZuqrJP.TzmSlK','UTC','creator',3,1,NULL,NULL,NULL,NULL,NULL,'template/assets/images/avatar/carousel2.jpeg','2026-02-02 15:08:36','2026-02-17 15:08:36'),
 (13,'Sara Alva Segundo','oliver.barajas@example.com',NULL,1,'$2y$12$k6bOVsSFb2infJpNb/nxBeuR6NFePd80cDwkfLTRxY9iF7O3csXPm','America/Mexico_City','creator',5,1,NULL,NULL,NULL,NULL,NULL,'template/assets/images/avatar/carousel3.jpeg','2025-04-03 15:08:36','2025-04-14 15:08:36'),
 (14,'Iker Rodarte Tercero','malak58@example.org',NULL,1,'$2y$12$DyBwhOmPjA7hHCCxoBdrdee7PGAlugFny31PWR5qij7xc.M7lCh3C','America/Santiago','creator',1,0,NULL,NULL,NULL,NULL,NULL,'template/assets/images/avatar/drag-1.jpeg','2025-06-16 15:08:37','2025-06-27 15:08:37'),
 (15,'Bruno Soria Tercero','dario.aponte@example.com',NULL,1,'$2y$12$SmIlsyQpa6REtaRrqQeHN.dPjtsmbTgxoXW301obAE5MgyXdRKhlK','America/Lima','creator',6,0,NULL,NULL,NULL,NULL,NULL,'template/assets/images/avatar/drag-2.jpeg','2025-08-16 15:08:37','2025-08-29 15:08:37'),
 (16,'Daniel Salvador','aitor49@example.com',NULL,1,'$2y$12$cPisuWMq4kePN2pUh5jPUuUEBZC2a.PY0SF21AkkGM4pEvCsbnvSe','America/Santiago','creator',3,1,NULL,NULL,NULL,NULL,NULL,'template/assets/images/avatar/g-8.png','2025-03-28 15:08:37','2025-04-18 15:08:37'),
 (17,'Jimena Verduzco Hijo','quinonez.alicia@example.org',NULL,1,'$2y$12$F6JssJ3ezXVN4MHEDmIY0e7ZdYcSb3Sg89FlIGlST9FIX92tpYGAO','Europe/Madrid','creator',6,0,NULL,NULL,NULL,NULL,NULL,'template/assets/images/avatar/lightbox1.jpg','2025-05-22 15:08:38','2025-06-12 15:08:38'),
 (18,'Arnau Lorenzo','wrivera@example.net',NULL,1,'$2y$12$eAgtEJQ.E.MvxXqT9RjiReDKZEAvVAWb26rzWx5.Kp6/XpERjlZKG','America/Lima','creator',6,0,NULL,NULL,NULL,NULL,NULL,'template/assets/images/avatar/lightbox2.jpeg','2026-02-27 15:08:38','2026-03-17 15:08:38'),
 (19,'Guillem Marco','eduardo70@example.org',NULL,1,'$2y$12$Hh74nvvThgGYoF2MExKvo.snEzZ3pRkWVjlQyvjU4vlMWj9BFF5qW','America/Lima','creator',6,0,NULL,NULL,NULL,NULL,NULL,'template/assets/images/avatar/lightbox3.jpeg','2026-02-24 15:08:38','2026-02-28 15:08:38'),
 (20,'Ing. Asier Sánchez Tercero','daniel46@example.com',NULL,1,'$2y$12$CHBVkThxpcW6ue92EJWfjenwrA3vCwRfpavmhdZ932KAd4NNX8tG2','UTC','creator',1,0,NULL,NULL,NULL,NULL,NULL,'template/assets/images/avatar/lightbox4.jpeg','2025-06-12 15:08:39','2025-07-11 15:08:39'),
 (21,'Srta. Ainara Garay Tercero','diana91@example.com',NULL,1,'$2y$12$Flzucy8VgBCWVHXqeVSwm.D.WpT/Y7R58M0CGu/mWqUprykmxPsxq','UTC','creator',2,1,NULL,NULL,NULL,NULL,NULL,'template/assets/images/avatar/lightbox5.jpeg','2025-02-04 15:08:39','2026-03-21 15:24:19'),
 (22,'María Carmen Pascual','cnajera@example.net',NULL,1,'$2y$12$NyckEmp7WsNjU2Z3km1Zluvr5p9MfKVg8xagP.blVgq5OabLHC5FC','America/Mexico_City','creator',2,0,NULL,NULL,NULL,NULL,NULL,'template/assets/images/avatar/lightbox6.jpeg','2026-01-02 15:08:40','2026-01-04 15:08:40'),
 (23,'Aitana Prado','arellano.ander@example.com',NULL,1,'$2y$12$sza7WCODOC7Gjq1kPcA4jO.usg7HHF2GlEf81Skt08to/81Hwg1Mi','America/Santiago','creator',5,0,NULL,NULL,NULL,NULL,NULL,'template/assets/images/avatar/menu-heade.jpg','2025-05-08 15:08:40','2025-06-05 15:08:40'),
 (24,'Ignacio Soria','jimenez.ona@example.org',NULL,1,'$2y$12$Iny74UE7rOAtFHx84ZZLL.IvnnQTLYDiYqJcVZHNHnMfGzt/ETf2u','America/Bogota','creator',3,0,NULL,NULL,NULL,NULL,NULL,'template/assets/images/avatar/notification-bg.png','2025-06-15 15:08:41','2025-06-22 15:08:41'),
 (25,'Lic. María Pilar Pineda','rayan36@example.org',NULL,1,'$2y$12$vO1dMmhjqbeeKI/3HXvABOAe.8Hz4jRL6cxyYNwZI4lj06lYkLnVu','America/Lima','creator',5,0,NULL,NULL,NULL,NULL,NULL,'template/assets/images/avatar/product-camera.jpg','2026-01-12 15:08:41','2026-01-26 15:08:41'),
 (26,'Dr. Julia Heredia Tercero','najera.pilar@example.net',NULL,1,'$2y$12$RYX5.uAglmNzO8ZmJn9wrORfJ7oHBo7GiqO8pglnuKabrkqJ5DAJu','America/Mexico_City','creator',5,1,NULL,NULL,NULL,NULL,NULL,'template/assets/images/avatar/product-headphones.jpg','2025-10-14 15:08:41','2025-11-09 15:08:41'),
 (27,'Pol Rascón Segundo','fesquivel@example.com',NULL,1,'$2y$12$MI1BoMq7bgdEcfDGTEdyp.hnCX3DKEwdduMdqJ.zQ6yjgit/dw2EW','America/Argentina/Buenos_Aires','creator',3,0,NULL,NULL,NULL,NULL,NULL,'template/assets/images/avatar/profile-1.jpeg','2025-11-30 15:08:42','2025-12-13 15:08:42'),
 (28,'Julia Rivero','zuniga.jordi@example.org',NULL,1,'$2y$12$04FZ/is5lyHy4oMBDrDd7e/8pgwlrJ26WmWBXNP7q4p0dBcpmpMka','UTC','creator',6,0,NULL,NULL,NULL,NULL,NULL,'template/assets/images/avatar/profile-10.jpeg','2025-04-26 15:08:42','2025-04-28 15:08:42'),
 (29,'Dr. Joel Soliz Hijo','zvasquez@example.org',NULL,1,'$2y$12$dQeGleu9EK4wIEVf691gwej7/DZYTMCSvCEenENtxMLgISkxyoW2S','America/Mexico_City','creator',4,1,NULL,NULL,NULL,NULL,NULL,'template/assets/images/avatar/profile-11.jpeg','2025-09-13 15:08:42','2025-09-30 15:08:42'),
 (30,'Silvia Contreras','ros.manuel@example.com',NULL,1,'$2y$12$HSUCAef42e3C8jdq2l.vdO1hv88vm3ApoaJQOhDn9uzlq3CPhWqPG','America/Bogota','creator',4,0,NULL,NULL,NULL,NULL,NULL,'template/assets/images/avatar/profile-12.jpeg','2025-08-06 15:08:43','2025-08-31 15:08:43'),
 (31,'Ing. Luisa Castellano','calderon.angeles@example.com',NULL,1,'$2y$12$cegF0iDe5RnGN90CetMMquxbO/3tosVsw8qdYkkzQ5uO5RW7FZH/C','America/Bogota','creator',6,1,NULL,NULL,NULL,NULL,NULL,'template/assets/images/avatar/profile-13.jpeg','2025-03-05 15:08:43','2025-04-01 15:08:43'),
 (32,'Carlos Fierro Tercero','manuela.salcido@example.com',NULL,1,'$2y$12$HO9lP4Vm5FTFwS6zytvfmOCve8Jj3NdzFziwb3NY61nv9CfRWOLzy','America/Lima','creator',5,1,NULL,NULL,NULL,NULL,NULL,'template/assets/images/avatar/profile-14.jpeg','2026-03-09 15:08:43','2026-04-02 15:08:43');
/*!40000 ALTER TABLE `users` ENABLE KEYS */;




/*!40101 SET SQL_MODE=@OLD_SQL_MODE */;
/*!40014 SET FOREIGN_KEY_CHECKS=@OLD_FOREIGN_KEY_CHECKS */;
/*!40014 SET UNIQUE_CHECKS=@OLD_UNIQUE_CHECKS */;
/*!40101 SET CHARACTER_SET_CLIENT=@OLD_CHARACTER_SET_CLIENT */;
/*!40101 SET CHARACTER_SET_RESULTS=@OLD_CHARACTER_SET_RESULTS */;
/*!40101 SET COLLATION_CONNECTION=@OLD_COLLATION_CONNECTION */;
/*!40101 SET CHARACTER_SET_CLIENT=@OLD_CHARACTER_SET_CLIENT */;
